"id","course_id","section_type_id","section_type","section_position","status","added_date","modified_date","show_on_menu"
"1","1","1","banner","1","A","0000-00-00 00:00:00","2020-10-21 20:10:03","Y"
"2","1","1","textcontent","2","A","2019-10-17 13:38:00","2019-11-19 15:11:31","Y"
"3","1","1","industry","3","A","2019-10-17 13:38:35","2019-11-19 15:11:31","Y"
"4","1","2","textcontent","4","A","2019-10-17 13:44:05","2019-11-19 15:11:31","Y"
"5","1","1","testimonials","5","A","2019-10-17 13:46:04","2019-11-19 15:11:31","Y"
"6","1","1","academia_panel","6","A","2019-10-17 14:08:42","2019-11-19 15:11:31","Y"
"7","1","1","faculty","7","A","2019-10-17 14:18:41","2019-11-19 15:11:31","Y"
"8","1","1","course_plan","8","A","2019-10-17 14:22:20","2019-11-19 15:11:31","Y"
"9","1","1","legal_expert","9","A","2019-10-17 14:58:03","2019-11-19 15:11:31","Y"
"10","1","1","syllabus","10","A","2019-10-17 15:03:13","2019-11-19 15:11:31","Y"
"11","1","1","faq","11","A","2019-10-17 15:12:50","2019-11-19 15:11:31","Y"
"12","2","2","banner","1","A","0000-00-00 00:00:00","2024-11-01 12:11:36","N"
"13","2","3","textcontent","5","A","2019-10-19 13:31:26","2026-05-29 14:05:53","Y"
"14","2","4","textcontent","4","D","2019-10-19 13:33:27","2019-10-23 15:10:52","Y"
"15","2","2","industry","5","D","2019-10-19 13:37:15","2019-10-23 15:10:50","Y"
"16","2","2","syllabus","6","D","2019-10-19 13:40:09","2019-10-23 15:10:34","Y"
"17","2","1","forms","7","D","2019-10-19 13:46:12","2019-10-23 15:10:20","Y"
"18","2","2","forms","7","D","2019-10-19 13:47:19","2019-10-19 13:10:08","Y"
"19","2","2","academia_panel","8","D","2019-10-19 13:48:51","2019-10-23 15:10:44","Y"
"20","2","2","course_plan","4","D","2019-10-19 13:57:41","2019-10-23 15:10:52","Y"
"21","3","5","textcontent","5","A","2019-10-21 16:34:28","2024-03-22 14:03:34","Y"
"22","3","6","textcontent","7","A","2019-10-21 16:35:13","2023-10-09 20:10:38","Y"
"23","3","7","textcontent","11","A","2019-10-21 16:36:14","2023-08-31 15:08:10","Y"
"24","3","8","textcontent","13","A","2019-10-21 16:36:48","2023-10-13 22:10:21","Y"
"25","3","3","industry","12","A","2019-10-21 16:39:42","2023-08-31 15:08:10","Y"
"26","3","9","textcontent","14","A","2019-10-21 16:40:32","2023-08-31 15:08:10","Y"
"27","3","10","textcontent","18","A","2019-10-21 16:41:27","2023-08-31 15:08:10","Y"
"28","3","3","banner","8","D","0000-00-00 00:00:00","2019-10-21 16:10:40","Y"
"29","3","11","textcontent","24","D","2019-10-21 16:54:41","2023-08-31 15:08:26","Y"
"30","3","12","textcontent","21","A","2019-10-21 16:55:43","2023-10-11 18:10:01","Y"
"31","3","4","banner","11","D","0000-00-00 00:00:00","2019-10-21 16:10:14","Y"
"32","3","13","textcontent","25","D","2019-10-21 16:56:44","2023-08-31 15:08:19","Y"
"33","3","14","textcontent","23","A","2019-10-21 16:57:39","2023-10-11 18:10:38","Y"
"34","4","5","banner","1","A","0000-00-00 00:00:00","2024-11-01 12:11:16","N"
"35","4","15","textcontent","5","A","2019-10-21 17:12:59","2023-10-31 21:10:31","Y"
"36","4","16","textcontent","8","A","2019-10-21 17:18:19","2023-10-31 21:10:31","Y"
"37","4","17","textcontent","7","P","2019-10-21 17:22:28","2023-10-31 21:10:31","Y"
"38","4","18","textcontent","9","A","2019-10-21 17:24:15","2023-10-31 21:10:31","Y"
"39","4","19","textcontent","10","A","2019-10-21 17:25:47","2023-10-31 21:10:31","Y"
"40","4","4","industry","11","A","2019-10-21 17:26:41","2023-10-31 21:10:31","Y"
"41","4","20","textcontent","12","A","2019-10-21 17:29:02","2023-10-31 21:10:31","Y"
"42","4","21","textcontent","13","A","2019-10-21 17:29:54","2023-10-31 21:10:31","Y"
"43","4","22","textcontent","15","A","2019-10-21 17:33:19","2026-06-16 17:06:27","Y"
"44","3","2","testimonials","22","A","2019-10-21 17:35:41","2023-08-31 15:08:10","Y"
"45","4","23","textcontent","18","A","2019-10-21 17:37:52","2023-10-31 21:10:31","Y"
"46","4","24","textcontent","19","A","2019-10-21 17:42:43","2023-10-31 21:10:31","Y"
"47","4","25","textcontent","21","A","2019-10-21 17:45:17","2023-10-31 21:10:31","Y"
"48","4","26","textcontent","22","A","2019-10-21 17:47:22","2025-03-26 20:03:51","Y"
"49","3","6","banner","1","A","0000-00-00 00:00:00","2024-11-01 12:11:22","N"
"50","3","3","academia_panel","23","D","2019-10-21 17:58:03","2023-08-30 15:08:52","Y"
"51","3","2","faculty","24","A","2019-10-21 17:59:48","2023-10-11 18:10:14","Y"
"52","5","27","textcontent","5","D","2019-10-21 18:07:17","2023-07-14 19:07:13","Y"
"53","3","3","course_plan","25","A","2019-10-21 18:19:46","2023-08-31 15:08:10","Y"
"54","5","28","textcontent","2","D","2019-10-21 18:22:50","2019-12-06 16:12:17","Y"
"55","3","2","legal_expert","17","D","2019-10-21 18:22:55","2019-10-22 14:10:32","Y"
"56","3","3","syllabus","26","A","2019-10-21 18:23:10","2023-08-31 15:08:10","Y"
"57","5","5","industry","12","A","2019-10-21 18:26:34","2023-10-09 19:10:19","Y"
"58","5","29","textcontent","14","A","2019-10-21 18:35:48","2023-10-09 19:10:19","Y"
"59","4","3","testimonials","24","A","2019-10-21 18:36:25","2023-10-31 21:10:31","Y"
"60","5","30","textcontent","9","A","2019-10-21 18:40:35","2026-06-17 11:06:00","Y"
"61","5","31","textcontent","8","A","2019-10-21 18:44:51","2023-10-09 19:10:19","Y"
"62","5","32","textcontent","25","A","2019-10-21 18:53:17","2023-10-09 19:10:19","Y"
"63","4","4","academia_panel","23","D","2019-10-21 18:54:10","2023-10-30 22:10:23","Y"
"64","4","3","faculty","25","A","2019-10-21 18:54:35","2025-03-25 19:03:00","Y"
"65","4","4","course_plan","26","A","2019-10-21 18:57:47","2023-10-31 21:10:31","Y"
"66","4","4","syllabus","28","A","2019-10-21 18:59:26","2023-10-31 21:10:31","Y"
"67","5","33","textcontent","27","A","2019-10-21 19:01:57","2023-10-09 19:10:19","Y"
"68","6","7","banner","1","A","0000-00-00 00:00:00","2026-06-02 14:06:44","N"
"69","6","34","textcontent","6","A","2019-10-21 19:15:05","2026-06-02 14:06:52","Y"
"70","3","2","faq","27","A","2019-10-21 20:00:59","2023-08-31 15:08:10","Y"
"71","3","3","forms","28","D","2019-10-21 20:01:08","2023-08-31 15:08:45","Y"
"72","3","4","forms","19","A","2019-10-21 20:01:43","2023-08-31 15:08:10","Y"
"73","4","3","faq","30","A","2019-10-21 20:40:13","2023-10-31 21:10:31","Y"
"74","5","4","testimonials","26","A","2019-10-21 20:41:12","2023-10-09 19:10:19","Y"
"75","6","35","textcontent","20","A","2019-10-21 20:48:05","2026-06-02 14:06:08","Y"
"76","6","36","textcontent","32","P","2019-10-21 20:50:33","2026-06-02 14:06:52","Y"
"77","6","37","textcontent","33","A","2019-10-21 20:50:50","2026-06-02 14:06:36","Y"
"78","6","38","textcontent","7","A","2019-10-21 20:53:35","2026-06-02 14:06:52","Y"
"79","6","39","textcontent","10","A","2019-10-21 20:57:32","2026-06-02 14:06:52","Y"
"80","6","40","textcontent","13","A","2019-10-21 21:01:06","2026-06-02 16:06:33","Y"
"81","6","6","industry","11","A","2019-10-21 21:03:32","2026-06-02 14:06:52","Y"
"82","6","41","textcontent","16","A","2019-10-21 21:05:48","2026-06-02 14:06:52","Y"
"83","6","42","textcontent","24","A","2019-10-21 21:11:03","2026-06-02 14:06:52","Y"
"84","5","5","academia_panel","28","A","2019-10-21 21:18:55","2023-10-09 19:10:19","Y"
"85","5","4","faculty","33","D","2019-10-21 21:20:02","2023-07-17 15:07:22","Y"
"86","6","43","textcontent","9","A","2019-10-21 21:20:41","2026-06-16 16:06:51","Y"
"87","5","5","course_plan","29","A","2019-10-21 21:20:53","2023-10-09 19:10:19","Y"
"88","6","44","textcontent","8","A","2019-10-21 21:24:42","2026-06-02 14:06:52","Y"
"89","6","45","textcontent","31","A","2019-10-21 21:28:49","2026-06-02 14:06:52","Y"
"90","6","46","textcontent","11","D","2019-10-21 21:32:49","2023-07-25 13:07:46","Y"
"91","6","47","textcontent","35","A","2019-10-21 21:37:49","2026-06-02 14:06:52","Y"
"92","7","8","banner","1","A","0000-00-00 00:00:00","2020-07-17 19:07:38","Y"
"93","7","48","textcontent","2","A","2019-10-22 11:36:57","2021-03-25 14:03:26","Y"
"94","7","49","textcontent","3","A","2019-10-22 11:38:34","2021-03-25 14:03:35","Y"
"95","7","50","textcontent","5","A","2019-10-22 11:40:16","2021-03-25 14:03:41","Y"
"96","7","51","textcontent","6","A","2019-10-22 11:42:25","2021-03-25 14:03:37","Y"
"97","7","7","industry","7","A","2019-10-22 11:43:53","2020-07-17 19:07:38","Y"
"98","6","5","testimonials","34","A","2019-10-22 11:43:57","2026-06-02 14:06:52","Y"
"99","7","5","forms","10","A","2019-10-22 11:45:05","2020-07-17 19:07:38","Y"
"100","7","52","textcontent","8","A","2019-10-22 11:45:10","2021-03-25 14:03:38","Y"
"101","7","53","textcontent","9","A","2019-10-22 11:46:05","2021-03-25 14:03:05","Y"
"102","7","54","textcontent","11","A","2019-10-22 11:46:29","2021-03-25 14:03:09","Y"
"103","7","55","textcontent","12","A","2019-10-22 11:47:55","2021-03-25 14:03:05","Y"
"104","7","56","textcontent","13","A","2019-10-22 11:50:53","2021-03-25 14:03:22","Y"
"105","7","57","textcontent","15","A","2019-10-22 11:51:41","2021-03-25 14:03:49","Y"
"106","6","6","academia_panel","38","D","2019-10-22 11:54:07","2023-07-26 15:07:52","Y"
"107","7","58","textcontent","16","A","2019-10-22 11:55:21","2021-03-25 14:03:16","Y"
"108","6","5","faculty","36","P","2019-10-22 11:58:54","2026-06-02 14:06:52","Y"
"109","6","6","course_plan","37","A","2019-10-22 12:00:02","2026-06-02 14:06:52","Y"
"110","7","6","testimonials","17","A","2019-10-22 12:12:15","2020-07-17 19:07:38","Y"
"111","7","7","academia_panel","18","A","2019-10-22 12:13:05","2020-07-17 19:07:38","Y"
"112","7","6","faculty","19","A","2019-10-22 12:13:41","2020-07-17 19:07:38","Y"
"113","7","7","course_plan","20","A","2019-10-22 12:24:26","2020-07-17 19:07:38","Y"
"114","7","3","legal_expert","21","A","2019-10-22 12:41:06","2020-07-17 19:07:38","Y"
"115","7","5","syllabus","22","A","2019-10-22 12:42:24","2020-07-17 19:07:38","Y"
"116","6","4","legal_expert","38","A","2019-10-22 13:04:45","2026-06-02 14:06:52","Y"
"117","6","6","syllabus","39","A","2019-10-22 13:06:17","2026-06-02 14:06:52","Y"
"118","7","4","faq","21","D","2019-10-22 13:06:58","2019-10-22 13:10:48","Y"
"119","8","9","banner","1","A","0000-00-00 00:00:00","2021-01-22 18:01:20","N"
"120","8","59","textcontent","2","A","2019-10-22 13:32:04","2021-04-04 18:04:52","Y"
"121","8","60","textcontent","4","A","2019-10-22 13:34:23","2021-04-04 18:04:34","Y"
"122","8","61","textcontent","5","A","2019-10-22 13:36:16","2021-04-04 18:04:59","Y"
"123","8","62","textcontent","6","A","2019-10-22 13:37:18","2021-04-04 18:04:18","Y"
"124","8","8","industry","7","A","2019-10-22 13:38:05","2021-01-22 18:01:20","Y"
"125","8","63","textcontent","8","A","2019-10-22 13:39:32","2021-04-04 19:04:44","Y"
"126","8","64","textcontent","8","D","2019-10-22 13:40:03","2019-10-25 17:10:01","Y"
"127","8","65","textcontent","9","D","2019-10-22 13:41:11","2019-10-25 17:10:42","Y"
"128","8","66","textcontent","9","A","2019-10-22 13:42:26","2021-04-04 19:04:08","Y"
"129","8","67","textcontent","10","A","2019-10-22 13:44:04","2021-04-04 19:04:48","Y"
"130","8","68","textcontent","12","D","2019-10-22 13:45:23","2019-10-25 17:10:17","Y"
"131","8","69","textcontent","13","D","2019-10-22 13:48:53","2019-10-25 17:10:50","Y"
"132","8","7","testimonials","11","A","2019-10-22 13:56:37","2021-01-22 18:01:20","Y"
"133","8","8","academia_panel","13","A","2019-10-22 14:03:24","2021-01-22 18:01:20","Y"
"134","8","7","faculty","12","D","2019-10-22 14:12:58","2019-11-18 12:11:23","Y"
"135","8","8","course_plan","14","A","2019-10-22 14:13:41","2021-01-22 18:01:20","Y"
"136","5","7","syllabus","30","A","2019-10-22 14:20:24","2023-10-09 19:10:19","Y"
"137","3","5","legal_expert","6","D","2019-10-22 14:33:26","2023-09-21 14:09:25","Y"
"138","10","10","banner","1","A","0000-00-00 00:00:00","2022-07-18 15:07:11","N"
"139","10","70","textcontent","4","A","2019-10-22 14:38:17","2022-07-18 15:07:11","Y"
"140","10","71","textcontent","6","A","2019-10-22 14:39:43","2022-07-18 15:07:11","Y"
"141","10","72","textcontent","7","A","2019-10-22 14:41:26","2022-07-18 15:07:11","Y"
"142","10","73","textcontent","8","A","2019-10-22 14:42:22","2022-07-18 15:07:11","Y"
"143","10","9","industry","9","A","2019-10-22 14:42:55","2022-07-18 15:07:11","Y"
"144","10","74","textcontent","10","A","2019-10-22 15:12:38","2022-07-18 15:07:11","Y"
"145","10","75","textcontent","11","A","2019-10-22 15:13:31","2022-07-18 15:07:11","Y"
"146","10","76","textcontent","13","A","2019-10-22 15:13:51","2026-06-16 16:06:52","Y"
"147","10","77","textcontent","15","A","2019-10-22 15:15:06","2022-07-18 15:07:11","Y"
"148","10","78","textcontent","16","A","2019-10-22 15:17:14","2022-07-18 15:07:11","Y"
"149","10","79","textcontent","17","A","2019-10-22 15:17:56","2023-10-17 23:10:09","Y"
"150","10","80","textcontent","18","A","2019-10-22 15:19:00","2022-07-18 15:07:11","Y"
"151","9","11","banner","1","A","0000-00-00 00:00:00","2024-11-01 12:11:11","N"
"152","9","81","textcontent","5","A","2019-10-22 15:37:07","2023-09-21 14:09:27","Y"
"153","9","82","textcontent","8","A","2019-10-22 15:38:26","2023-09-21 14:09:27","Y"
"154","8","8","syllabus","16","A","2019-10-22 15:38:36","2021-01-22 18:01:20","Y"
"155","8","6","legal_expert","15","A","2019-10-22 15:39:07","2021-01-22 18:01:20","Y"
"156","9","83","textcontent","11","A","2019-10-22 15:40:23","2023-09-21 14:09:27","Y"
"157","9","84","textcontent","13","A","2019-10-22 15:42:12","2023-09-21 14:09:27","Y"
"158","9","10","industry","12","A","2019-10-22 15:45:52","2023-09-21 14:09:27","Y"
"159","9","11","industry","8","D","2019-10-22 15:49:00","2021-05-13 16:05:24","Y"
"160","10","8","testimonials","19","A","2019-10-22 16:05:09","2022-07-18 15:07:11","Y"
"161","9","85","textcontent","16","A","2019-10-22 16:05:27","2023-09-21 14:09:27","Y"
"162","10","9","academia_panel","21","A","2019-10-22 16:06:04","2022-07-18 15:07:11","Y"
"163","11","12","banner","1","A","0000-00-00 00:00:00","2020-08-09 13:08:59","Y"
"164","9","86","textcontent","22","A","2019-10-22 16:06:47","2023-09-21 14:09:27","Y"
"165","10","8","faculty","22","A","2019-10-22 16:06:48","2022-07-18 15:07:11","Y"
"166","11","87","textcontent","2","A","2019-10-22 16:10:22","2021-03-24 16:03:26","Y"
"167","9","88","textcontent","10","A","2019-10-22 16:11:09","2026-06-16 17:06:35","Y"
"168","10","9","course_plan","23","A","2019-10-22 16:11:58","2022-07-18 15:07:11","Y"
"169","11","89","textcontent","3","A","2019-10-22 16:12:18","2021-03-24 16:03:47","Y"
"170","10","7","legal_expert","24","A","2019-10-22 16:13:08","2022-07-18 15:07:11","Y"
"171","10","9","syllabus","25","A","2019-10-22 16:13:18","2022-07-18 15:07:11","Y"
"172","11","90","textcontent","5","P","2019-10-22 16:13:33","2021-03-24 16:03:20","Y"
"173","11","91","textcontent","7","A","2019-10-22 16:14:54","2021-03-24 16:03:11","Y"
"174","11","12","industry","8","A","2019-10-22 16:16:45","2020-08-09 13:08:59","Y"
"175","11","92","textcontent","9","A","2019-10-22 16:18:00","2021-03-24 16:03:03","Y"
"176","9","93","textcontent","14","D","2019-10-22 16:18:55","2021-05-13 16:05:30","Y"
"177","11","94","textcontent","10","A","2019-10-22 16:19:41","2021-03-24 16:03:21","Y"
"178","9","95","textcontent","25","A","2019-10-22 16:23:10","2023-09-21 14:09:27","Y"
"179","11","96","textcontent","12","A","2019-10-22 16:24:23","2021-03-24 16:03:54","Y"
"180","9","97","textcontent","14","A","2019-10-22 16:24:40","2023-10-13 17:10:58","Y"
"181","9","98","textcontent","17","D","2019-10-22 16:27:34","2021-05-13 16:05:32","Y"
"182","11","99","textcontent","13","A","2019-10-22 16:28:57","2021-03-24 16:03:45","Y"
"183","11","100","textcontent","14","P","2019-10-22 16:30:22","2021-03-24 16:03:27","Y"
"184","11","101","textcontent","15","A","2019-10-22 16:32:31","2021-03-24 16:03:48","Y"
"185","11","102","textcontent","17","A","2019-10-22 16:33:35","2021-03-24 16:03:11","Y"
"186","11","103","textcontent","18","A","2019-10-22 16:35:09","2021-03-24 16:03:56","Y"
"187","11","10","academia_panel","20","P","2019-10-22 16:36:32","2020-08-09 13:08:00","Y"
"188","11","11","academia_panel","21","A","2019-10-22 16:58:42","2020-08-09 13:08:00","Y"
"189","11","9","faculty","22","A","2019-10-22 17:01:26","2020-08-09 13:08:00","Y"
"190","12","13","banner","1","A","0000-00-00 00:00:00","2022-07-18 16:07:24","N"
"191","12","104","textcontent","2","A","2019-10-22 17:29:41","2022-07-18 16:07:24","Y"
"192","12","105","textcontent","4","A","2019-10-22 17:30:51","2022-07-18 16:07:24","Y"
"193","12","106","textcontent","5","A","2019-10-22 17:31:56","2022-07-18 16:07:24","Y"
"194","12","107","textcontent","6","A","2019-10-22 17:32:50","2022-07-18 16:07:24","Y"
"195","12","108","textcontent","7","A","2019-10-22 17:34:05","2022-07-18 16:07:24","Y"
"196","12","109","textcontent","10","A","2019-10-22 17:35:02","2022-07-18 16:07:24","Y"
"197","11","10","course_plan","23","A","2019-10-22 17:35:46","2020-08-09 13:08:00","Y"
"198","12","110","textcontent","12","A","2019-10-22 17:36:19","2022-07-18 16:07:24","Y"
"199","9","9","testimonials","26","A","2019-10-22 17:37:18","2023-09-21 14:09:27","Y"
"200","12","111","textcontent","13","A","2019-10-22 17:38:30","2022-07-18 16:07:24","Y"
"201","12","112","textcontent","14","A","2019-10-22 17:39:54","2022-07-18 16:07:24","Y"
"202","9","12","academia_panel","23","D","2019-10-22 17:42:02","2023-07-28 13:07:35","Y"
"203","11","10","syllabus","24","A","2019-10-22 17:44:32","2020-08-09 13:08:00","Y"
"204","9","10","faculty","20","D","2019-10-22 17:55:28","2021-05-13 16:05:23","Y"
"205","9","11","faculty","28","A","2019-10-22 17:57:57","2025-04-16 14:04:00","Y"
"206","9","11","course_plan","29","A","2019-10-22 17:58:40","2023-09-21 14:09:27","Y"
"207","13","14","banner","1","A","0000-00-00 00:00:00","2024-11-01 12:11:26","N"
"208","13","113","textcontent","4","A","2019-10-22 18:11:13","2022-07-18 16:07:20","Y"
"209","9","8","legal_expert","30","A","2019-10-22 18:12:20","2023-09-21 14:09:27","Y"
"210","12","13","academia_panel","15","A","2019-10-22 18:14:07","2022-07-18 16:07:24","Y"
"211","14","15","banner","1","A","0000-00-00 00:00:00","2021-05-28 18:05:12","N"
"212","12","12","faculty","16","A","2019-10-22 18:15:05","2022-07-18 16:07:24","Y"
"213","12","12","course_plan","17","A","2019-10-22 18:15:31","2022-07-18 16:07:24","Y"
"214","12","11","syllabus","18","A","2019-10-22 18:16:02","2022-07-18 16:07:24","Y"
"215","14","114","textcontent","3","A","2019-10-22 18:18:39","2021-05-28 18:05:12","Y"
"216","13","115","textcontent","6","A","2019-10-22 18:20:08","2022-07-18 16:07:20","Y"
"217","14","116","textcontent","4","A","2019-10-22 18:21:02","2021-05-28 18:05:12","Y"
"218","9","12","syllabus","31","A","2019-10-22 18:21:03","2023-09-21 14:09:27","Y"
"219","13","117","textcontent","7","A","2019-10-22 18:23:20","2022-07-18 16:07:20","Y"
"220","14","118","textcontent","6","A","2019-10-22 18:23:48","2021-05-28 18:05:12","Y"
"221","13","119","textcontent","8","A","2019-10-22 18:24:38","2022-07-18 16:07:20","Y"
"222","13","13","industry","9","A","2019-10-22 18:25:39","2022-07-18 16:07:20","Y"
"223","13","120","textcontent","10","A","2019-10-22 18:26:43","2022-07-18 16:07:20","Y"
"224","13","121","textcontent","11","A","2019-10-22 18:28:20","2022-07-18 16:07:20","Y"
"225","14","122","textcontent","7","A","2019-10-22 18:28:28","2021-05-28 18:05:12","Y"
"226","14","14","industry","8","A","2019-10-22 18:28:57","2021-05-28 18:05:12","Y"
"227","14","123","textcontent","9","A","2019-10-22 18:29:49","2021-05-28 18:05:12","Y"
"228","13","124","textcontent","13","A","2019-10-22 18:30:08","2026-06-16 17:06:19","Y"
"229","14","125","textcontent","11","A","2019-10-22 18:31:03","2021-05-28 18:05:12","Y"
"230","13","126","textcontent","16","A","2019-10-22 18:31:40","2022-07-18 16:07:20","Y"
"231","14","127","textcontent","12","A","2019-10-22 18:31:48","2021-05-28 18:05:12","Y"
"232","13","128","textcontent","17","A","2019-10-22 18:35:31","2022-07-18 16:07:20","Y"
"233","14","129","textcontent","13","A","2019-10-22 18:36:47","2021-05-28 18:05:12","Y"
"234","13","130","textcontent","18","A","2019-10-22 18:36:57","2023-10-17 23:10:49","Y"
"235","14","131","textcontent","14","A","2019-10-22 18:37:34","2021-05-28 18:05:12","Y"
"236","13","132","textcontent","19","A","2019-10-22 18:38:56","2022-07-18 16:07:20","Y"
"237","14","133","textcontent","15","A","2019-10-22 18:40:52","2021-05-28 18:05:12","Y"
"238","14","14","academia_panel","16","A","2019-10-22 18:51:34","2021-05-28 18:05:12","Y"
"239","14","13","faculty","17","A","2019-10-22 18:52:08","2021-07-20 15:07:14","Y"
"240","14","13","course_plan","18","A","2019-10-22 19:05:13","2021-05-28 18:05:12","Y"
"241","14","13","syllabus","19","A","2019-10-22 19:08:03","2021-05-28 18:05:12","Y"
"242","13","15","academia_panel","21","A","2019-10-22 19:11:22","2022-07-18 16:07:20","Y"
"243","13","10","testimonials","20","A","2019-10-22 19:11:54","2022-07-18 16:07:20","Y"
"244","13","14","faculty","22","A","2019-10-22 19:14:30","2022-07-18 16:07:20","Y"
"245","13","14","course_plan","23","A","2019-10-22 19:14:47","2022-07-18 16:07:20","Y"
"246","13","9","legal_expert","24","A","2019-10-22 19:18:15","2022-07-18 16:07:20","Y"
"247","13","14","syllabus","25","A","2019-10-22 19:52:31","2022-07-18 16:07:20","Y"
"248","3","134","textcontent","9","A","2019-10-23 11:13:01","2023-10-17 23:10:05","Y"
"249","15","16","banner","1","D","0000-00-00 00:00:00","2019-10-23 11:10:05","Y"
"250","15","17","banner","1","A","0000-00-00 00:00:00","2023-06-06 11:06:47","N"
"251","16","18","banner","1","A","0000-00-00 00:00:00","2024-11-01 12:11:09","N"
"252","16","135","textcontent","3","A","2019-10-23 11:49:41","2022-07-16 15:07:21","Y"
"253","15","136","textcontent","5","A","2019-10-23 11:50:13","2023-06-06 11:06:47","Y"
"254","15","137","textcontent","7","A","2019-10-23 11:51:23","2023-06-06 11:06:47","Y"
"255","16","138","textcontent","8","A","2019-10-23 11:52:51","2022-07-16 15:07:21","Y"
"256","16","139","textcontent","9","A","2019-10-23 11:56:07","2022-07-16 15:07:21","Y"
"257","15","140","textcontent","8","A","2019-10-23 11:56:31","2023-06-06 11:06:47","Y"
"258","16","141","textcontent","10","A","2019-10-23 11:57:10","2022-07-16 15:07:21","Y"
"259","15","142","textcontent","9","A","2019-10-23 11:57:46","2023-06-06 11:06:47","Y"
"260","16","15","industry","11","A","2019-10-23 12:01:09","2022-07-16 15:07:21","Y"
"261","16","143","textcontent","12","A","2019-10-23 12:03:08","2022-07-16 15:07:21","Y"
"262","16","144","textcontent","14","A","2019-10-23 12:03:50","2022-07-16 15:07:21","Y"
"263","15","16","industry","10","P","2019-10-23 12:05:22","2023-06-06 11:06:47","Y"
"264","16","145","textcontent","16","A","2019-10-23 12:05:50","2022-07-16 15:07:21","Y"
"265","16","146","textcontent","18","A","2019-10-23 12:06:52","2023-05-03 17:05:27","Y"
"266","16","147","textcontent","19","A","2019-10-23 12:09:18","2022-07-16 15:07:21","Y"
"267","16","148","textcontent","20","A","2019-10-23 12:10:03","2022-07-16 15:07:21","Y"
"268","16","149","textcontent","21","A","2019-10-23 12:12:16","2022-07-16 15:07:21","Y"
"269","17","19","banner","1","A","0000-00-00 00:00:00","2025-03-25 21:03:29","N"
"270","15","17","industry","11","A","2019-10-23 12:14:40","2023-06-06 11:06:47","Y"
"271","15","150","textcontent","12","A","2019-10-23 12:16:53","2023-06-06 11:06:47","Y"
"272","15","151","textcontent","13","A","2019-10-23 12:17:39","2023-06-06 11:06:47","Y"
"273","17","152","textcontent","6","A","2019-10-23 12:17:42","2025-03-25 21:03:29","Y"
"274","15","153","textcontent","15","A","2019-10-23 12:18:29","2026-06-16 17:06:41","Y"
"275","17","154","textcontent","7","A","2019-10-23 12:19:01","2025-03-25 21:03:29","Y"
"276","15","155","textcontent","17","A","2019-10-23 12:19:37","2023-06-06 11:06:47","Y"
"277","17","156","textcontent","8","A","2019-10-23 12:19:53","2025-03-25 21:03:29","Y"
"278","17","18","industry","9","A","2019-10-23 12:20:19","2025-03-25 21:03:29","Y"
"279","15","157","textcontent","18","A","2019-10-23 12:21:18","2023-06-06 11:06:47","Y"
"280","15","158","textcontent","19","A","2019-10-23 12:22:00","2023-10-17 23:10:17","Y"
"281","17","159","textcontent","10","A","2019-10-23 12:22:31","2025-03-25 21:03:29","Y"
"282","18","20","banner","1","A","0000-00-00 00:00:00","2020-07-03 17:07:37","Y"
"283","17","160","textcontent","11","A","2019-10-23 12:23:23","2025-03-25 21:03:29","Y"
"284","15","161","textcontent","20","A","2019-10-23 12:24:35","2023-06-06 11:06:47","Y"
"285","16","11","testimonials","22","A","2019-10-23 12:25:29","2022-07-16 15:07:21","Y"
"286","17","162","textcontent","13","A","2019-10-23 12:26:20","2026-01-30 18:01:02","Y"
"287","18","163","textcontent","2","A","2019-10-23 12:26:21","2021-03-27 15:03:06","Y"
"288","16","16","academia_panel","23","A","2019-10-23 12:26:27","2023-05-03 17:05:40","Y"
"289","16","15","faculty","24","A","2019-10-23 12:27:03","2022-07-16 15:07:21","Y"
"290","18","164","textcontent","4","A","2019-10-23 12:27:30","2021-03-27 15:03:16","Y"
"291","17","165","textcontent","15","A","2019-10-23 12:27:42","2025-03-25 21:03:29","Y"
"292","18","166","textcontent","5","A","2019-10-23 12:28:17","2021-03-27 15:03:55","Y"
"293","18","167","textcontent","6","A","2019-10-23 12:29:03","2021-03-27 15:03:20","Y"
"294","18","19","industry","7","A","2019-10-23 12:29:38","2020-07-03 17:07:37","Y"
"295","17","168","textcontent","16","A","2019-10-23 12:31:02","2025-03-25 21:03:29","Y"
"296","17","169","textcontent","17","A","2019-10-23 12:31:37","2025-03-25 21:03:29","Y"
"297","18","170","textcontent","8","A","2019-10-23 12:34:22","2021-03-27 15:03:45","Y"
"298","18","171","textcontent","10","A","2019-10-23 12:35:50","2021-03-27 15:03:28","Y"
"299","15","17","academia_panel","21","A","2019-10-23 12:36:30","2023-06-06 11:06:47","Y"
"300","16","15","course_plan","25","A","2019-10-23 12:37:00","2022-07-16 15:07:21","Y"
"301","15","16","faculty","22","A","2019-10-23 12:37:01","2023-06-06 11:06:47","Y"
"302","15","16","course_plan","23","A","2019-10-23 12:37:23","2023-06-06 11:06:47","Y"
"303","18","172","textcontent","11","A","2019-10-23 12:37:34","2021-03-27 15:03:03","Y"
"304","15","15","syllabus","24","A","2019-10-23 12:37:54","2023-06-06 11:06:47","Y"
"305","18","173","textcontent","12","A","2019-10-23 12:39:45","2021-03-27 16:03:27","Y"
"306","18","174","textcontent","13","A","2019-10-23 12:40:40","2021-03-27 16:03:44","Y"
"307","18","175","textcontent","14","A","2019-10-23 12:42:19","2021-03-27 16:03:23","Y"
"308","18","18","academia_panel","15","A","2019-10-23 12:42:53","2020-07-03 17:07:38","Y"
"309","17","176","textcontent","18","A","2019-10-23 12:48:01","2025-03-25 21:03:29","Y"
"310","19","177","textcontent","2","A","2019-10-23 12:48:55","2022-07-18 16:07:10","Y"
"311","18","17","faculty","16","A","2019-10-23 12:48:56","2021-02-12 19:02:29","Y"
"312","17","12","testimonials","19","A","2019-10-23 12:49:32","2025-03-25 21:03:29","Y"
"313","16","10","legal_expert","26","A","2019-10-23 12:51:01","2022-07-16 15:07:21","Y"
"314","16","16","syllabus","27","A","2019-10-23 12:51:50","2022-07-16 15:07:21","Y"
"315","18","17","course_plan","17","A","2019-10-23 13:00:22","2020-07-03 17:07:38","Y"
"316","18","17","syllabus","18","A","2019-10-23 13:00:36","2020-07-03 17:07:38","Y"
"317","19","178","textcontent","3","A","2019-10-23 13:02:40","2022-07-18 16:07:10","Y"
"318","17","19","academia_panel","20","P","2019-10-23 13:09:36","2025-03-25 21:03:59","N"
"319","17","18","course_plan","23","A","2019-10-23 13:09:51","2025-03-25 21:03:29","Y"
"320","19","179","textcontent","4","A","2019-10-23 13:10:02","2022-07-18 16:07:10","Y"
"321","19","180","textcontent","5","A","2019-10-23 13:11:59","2022-07-18 16:07:10","Y"
"322","19","181","textcontent","6","A","2019-10-23 13:13:27","2022-07-18 16:07:10","Y"
"323","20","21","banner","1","A","0000-00-00 00:00:00","2020-07-18 19:07:57","Y"
"324","20","182","textcontent","2","A","2019-10-23 13:16:33","2020-07-18 19:07:57","Y"
"325","19","183","textcontent","7","A","2019-10-23 13:16:45","2022-07-18 16:07:10","Y"
"326","20","184","textcontent","4","A","2019-10-23 13:17:21","2021-01-26 09:01:58","Y"
"327","17","18","syllabus","24","A","2019-10-23 13:18:00","2025-03-25 21:03:29","Y"
"328","20","185","textcontent","5","A","2019-10-23 13:18:45","2021-01-26 09:01:17","Y"
"329","19","186","textcontent","9","A","2019-10-23 13:19:23","2022-07-18 16:07:10","Y"
"330","20","187","textcontent","6","A","2019-10-23 13:19:34","2021-01-26 09:01:34","Y"
"331","20","188","textcontent","7","A","2019-10-23 13:21:06","2021-01-26 09:01:51","Y"
"332","20","189","textcontent","8","A","2019-10-23 13:22:31","2021-01-26 09:01:09","Y"
"333","20","190","textcontent","9","A","2019-10-23 13:23:41","2021-01-26 09:01:27","Y"
"334","20","191","textcontent","10","A","2019-10-23 13:24:51","2021-01-26 09:01:52","Y"
"335","20","192","textcontent","12","A","2019-10-23 13:25:53","2021-01-26 09:01:13","Y"
"336","20","20","industry","13","A","2019-10-23 13:26:42","2020-07-18 19:07:57","Y"
"337","20","193","textcontent","14","A","2019-10-23 13:28:14","2021-01-26 09:01:02","Y"
"338","20","194","textcontent","15","A","2019-10-23 13:29:04","2021-01-26 10:01:00","Y"
"339","20","195","textcontent","17","A","2019-10-23 13:29:44","2021-01-26 10:01:00","Y"
"340","19","21","industry","8","P","2019-10-23 13:30:43","2022-07-18 16:07:10","Y"
"341","20","196","textcontent","18","A","2019-10-23 13:31:01","2021-01-26 09:01:57","Y"
"342","20","197","textcontent","19","A","2019-10-23 13:32:51","2021-01-26 09:01:18","Y"
"343","20","198","textcontent","20","A","2019-10-23 13:33:37","2023-10-17 23:10:49","Y"
"344","20","199","textcontent","21","A","2019-10-23 13:34:25","2021-01-26 09:01:44","Y"
"345","19","22","industry","10","A","2019-10-23 13:34:50","2022-07-18 16:07:10","Y"
"346","19","200","textcontent","10","D","2019-10-23 13:37:55","2019-12-06 18:12:33","Y"
"347","19","201","textcontent","11","A","2019-10-23 13:37:56","2022-07-18 16:07:10","Y"
"348","20","20","academia_panel","22","A","2019-10-23 13:40:07","2020-07-18 19:07:57","Y"
"349","20","18","faculty","23","A","2019-10-23 13:40:28","2025-02-08 15:02:51","Y"
"350","20","19","course_plan","24","A","2019-10-23 13:40:49","2020-07-18 19:07:57","Y"
"351","20","19","syllabus","25","A","2019-10-23 13:41:00","2020-07-18 19:07:57","Y"
"352","19","202","textcontent","12","A","2019-10-23 13:42:09","2026-06-16 16:06:42","Y"
"353","19","203","textcontent","14","A","2019-10-23 13:44:14","2022-07-18 16:07:10","Y"
"354","19","204","textcontent","15","A","2019-10-23 13:47:39","2022-07-18 16:07:10","Y"
"355","19","205","textcontent","16","A","2019-10-23 13:51:16","2022-07-18 16:07:10","Y"
"356","19","21","academia_panel","17","P","2019-10-23 14:07:04","2023-10-31 21:10:10","Y"
"357","19","19","faculty","18","A","2019-10-23 14:09:54","2025-03-25 19:03:15","Y"
"358","19","20","course_plan","19","A","2019-10-23 14:10:56","2022-11-01 13:11:12","Y"
"359","19","20","syllabus","20","A","2019-10-23 15:02:51","2022-07-18 16:07:10","Y"
"360","22","22","banner","1","D","0000-00-00 00:00:00","2019-10-23 15:10:26","Y"
"361","22","23","banner","1","A","0000-00-00 00:00:00","2024-11-01 12:11:05","N"
"362","22","206","textcontent","5","A","2019-10-23 15:23:23","2023-10-10 22:10:14","Y"
"363","22","207","textcontent","7","A","2019-10-23 15:24:34","2023-10-10 22:10:14","Y"
"364","22","208","textcontent","10","A","2019-10-23 15:27:19","2023-10-10 22:10:14","Y"
"365","22","209","textcontent","11","A","2019-10-23 15:28:47","2023-10-10 22:10:14","Y"
"366","22","23","industry","12","A","2019-10-23 15:30:05","2023-10-10 22:10:14","Y"
"367","2","210","textcontent","10","D","2019-10-23 15:30:50","2019-10-23 15:10:18","Y"
"368","2","211","textcontent","3","D","2019-10-23 15:34:28","2019-10-23 15:10:34","Y"
"369","22","212","textcontent","14","A","2019-10-23 15:34:43","2023-10-10 22:10:14","Y"
"370","22","213","textcontent","17","A","2019-10-23 15:35:27","2023-10-10 22:10:14","Y"
"371","23","24","banner","1","A","0000-00-00 00:00:00","2022-07-16 16:07:09","N"
"372","22","214","textcontent","9","A","2019-10-23 15:37:56","2026-06-16 16:06:06","Y"
"373","23","215","textcontent","2","A","2019-10-23 15:38:40","2022-07-16 16:07:09","Y"
"374","22","216","textcontent","8","A","2019-10-23 15:39:12","2023-10-10 22:10:14","Y"
"375","23","217","textcontent","4","A","2019-10-23 15:39:32","2022-07-16 16:07:09","Y"
"376","23","218","textcontent","5","A","2019-10-23 15:40:13","2022-07-16 16:07:09","Y"
"377","23","219","textcontent","6","A","2019-10-23 15:41:16","2022-07-16 16:07:09","Y"
"378","23","220","textcontent","7","A","2019-10-23 15:42:17","2022-07-16 16:07:09","Y"
"379","23","221","textcontent","8","A","2019-10-23 15:43:01","2022-07-16 16:07:09","Y"
"380","22","222","textcontent","19","A","2019-10-23 15:43:18","2023-10-10 22:10:14","Y"
"381","23","223","textcontent","9","A","2019-10-23 15:43:48","2022-07-16 16:07:09","Y"
"382","22","224","textcontent","13","A","2019-10-23 15:43:50","2023-10-15 12:10:05","Y"
"383","2","225","textcontent","21","A","2019-10-23 15:44:16","2023-11-02 15:11:51","Y"
"384","23","226","textcontent","10","A","2019-10-23 15:44:52","2022-07-16 16:07:09","Y"
"385","2","227","textcontent","8","A","2019-10-23 15:46:17","2024-03-16 13:03:12","N"
"386","23","228","textcontent","11","A","2019-10-23 15:46:48","2022-07-16 16:07:09","Y"
"387","23","229","textcontent","12","A","2019-10-23 15:47:51","2022-07-16 16:07:09","Y"
"388","2","230","textcontent","11","A","2019-10-23 15:48:24","2024-03-15 17:03:03","Y"
"389","23","231","textcontent","13","A","2019-10-23 15:49:07","2022-07-16 16:07:09","Y"
"390","23","232","textcontent","14","A","2019-10-23 15:49:57","2022-07-16 16:07:09","Y"
"391","22","233","textcontent","20","A","2019-10-23 15:50:12","2023-10-10 22:10:14","Y"
"392","22","13","testimonials","22","A","2019-10-23 15:50:34","2023-10-10 22:10:14","Y"
"393","23","24","industry","15","A","2019-10-23 15:50:51","2022-07-16 16:07:09","Y"
"394","23","234","textcontent","16","A","2019-10-23 15:52:44","2022-07-16 16:07:09","Y"
"395","23","235","textcontent","17","A","2019-10-23 15:53:34","2022-07-16 16:07:09","Y"
"396","23","236","textcontent","19","A","2019-10-23 15:54:15","2022-07-16 16:07:09","Y"
"397","23","237","textcontent","21","A","2019-10-23 15:55:42","2022-07-16 16:07:09","Y"
"398","2","238","textcontent","13","A","2019-10-23 15:57:32","2023-11-02 15:11:51","Y"
"399","23","239","textcontent","22","A","2019-10-23 15:59:53","2022-07-16 16:07:09","Y"
"400","23","240","textcontent","23","A","2019-10-23 16:00:32","2022-07-16 16:07:09","Y"
"401","23","241","textcontent","24","A","2019-10-23 16:02:20","2022-07-16 16:07:09","Y"
"402","2","25","industry","14","A","2019-10-23 16:06:02","2023-11-02 15:11:51","Y"
"403","2","242","textcontent","16","A","2019-10-23 16:07:17","2024-03-16 13:03:56","Y"
"404","2","243","textcontent","23","A","2019-10-23 16:08:47","2023-11-02 15:11:51","Y"
"405","2","244","textcontent","11","D","2019-10-23 16:10:05","2019-11-20 13:11:08","Y"
"406","2","245","textcontent","9","A","2019-10-23 16:12:03","2024-03-16 13:03:12","Y"
"407","2","246","textcontent","28","A","2019-10-23 16:14:25","2023-11-02 15:11:51","Y"
"408","23","14","testimonials","25","A","2019-10-23 16:15:12","2022-07-16 16:07:09","Y"
"409","2","247","textcontent","9","D","2019-10-23 16:15:36","2023-07-24 17:07:06","Y"
"410","23","22","academia_panel","26","A","2019-10-23 16:16:29","2022-07-16 16:07:09","Y"
"411","23","20","faculty","27","A","2019-10-23 16:16:55","2023-10-30 21:10:17","Y"
"412","23","21","course_plan","28","A","2019-10-23 16:17:11","2022-07-16 16:07:09","Y"
"413","23","11","legal_expert","29","A","2019-10-23 16:17:37","2022-07-16 16:07:09","Y"
"414","23","21","syllabus","30","A","2019-10-23 16:18:02","2022-07-16 16:07:09","Y"
"415","2","248","textcontent","29","A","2019-10-23 16:19:37","2023-11-02 15:11:51","Y"
"416","2","15","testimonials","30","A","2019-10-23 16:30:20","2023-11-02 15:11:51","Y"
"417","2","23","academia_panel","34","D","2019-10-23 16:31:38","2023-11-02 15:11:23","N"
"418","2","21","faculty","31","A","2019-10-23 16:36:08","2025-03-25 20:03:03","N"
"419","2","22","course_plan","34","A","2019-10-23 16:57:41","2023-11-02 15:11:51","Y"
"420","2","12","legal_expert","32","A","2019-10-23 17:27:20","2023-11-02 15:11:51","Y"
"421","2","22","syllabus","33","A","2019-10-23 17:28:55","2023-11-02 15:11:51","Y"
"422","22","24","academia_panel","23","A","2019-10-23 17:38:42","2023-10-10 22:10:14","Y"
"423","22","22","faculty","24","A","2019-10-23 17:39:16","2025-04-16 14:04:38","Y"
"424","22","23","course_plan","27","A","2019-10-23 17:39:30","2023-10-10 22:10:14","Y"
"425","22","13","legal_expert","25","A","2019-10-23 17:45:43","2023-10-10 22:10:14","Y"
"426","22","23","syllabus","26","A","2019-10-23 17:51:40","2023-10-10 22:10:14","Y"
"427","25","249","textcontent","2","A","2019-10-24 16:43:02","2020-04-25 16:04:46","Y"
"428","25","250","textcontent","3","A","2019-10-24 16:44:30","2020-04-25 16:04:46","Y"
"429","25","251","textcontent","4","A","2019-10-24 16:46:47","2020-04-25 16:04:46","Y"
"430","25","252","textcontent","5","A","2019-10-24 16:47:47","2020-04-25 16:04:46","Y"
"431","25","253","textcontent","6","A","2019-10-24 16:49:12","2020-04-25 16:04:46","Y"
"432","25","254","textcontent","7","A","2019-10-24 16:51:51","2021-01-21 17:01:49","Y"
"433","24","25","banner","1","D","0000-00-00 00:00:00","2019-12-10 19:12:11","Y"
"434","25","255","textcontent","8","A","2019-10-24 16:53:49","2020-04-25 16:04:46","Y"
"435","25","256","textcontent","9","A","2019-10-24 16:56:17","2020-04-25 16:04:46","Y"
"436","24","257","textcontent","2","D","2019-10-24 16:57:13","2019-12-10 19:12:02","Y"
"437","25","25","academia_panel","10","A","2019-10-24 17:00:43","2020-04-25 16:04:46","Y"
"438","25","23","faculty","11","A","2019-10-24 17:01:47","2020-04-25 16:04:46","Y"
"439","25","24","course_plan","12","A","2019-10-24 17:04:55","2020-04-25 16:04:46","Y"
"440","24","258","textcontent","3","D","2019-10-24 17:10:45","2019-12-10 19:12:58","Y"
"441","24","24","syllabus","4","D","2019-10-24 17:14:37","2019-12-10 19:12:54","Y"
"442","24","25","course_plan","5","D","2019-10-24 19:16:32","2019-12-10 19:12:49","Y"
"443","24","259","textcontent","6","D","2019-10-24 19:18:11","2019-12-10 19:12:54","Y"
"444","26","26","banner","1","A","0000-00-00 00:00:00","2020-08-08 17:08:30","Y"
"445","26","260","textcontent","2","A","2019-10-25 12:32:26","2021-04-05 20:04:07","Y"
"446","26","261","textcontent","3","A","2019-10-25 12:33:13","2021-04-05 20:04:51","Y"
"447","26","262","textcontent","4","A","2019-10-25 12:34:30","2021-04-05 20:04:36","Y"
"448","26","263","textcontent","5","A","2019-10-25 12:36:42","2021-01-21 17:01:38","Y"
"449","26","26","industry","6","A","2019-10-25 12:38:07","2020-06-01 17:06:26","Y"
"450","26","264","textcontent","7","A","2019-10-25 14:45:20","2021-04-05 20:04:59","Y"
"451","26","265","textcontent","8","A","2019-10-25 14:50:24","2021-01-21 17:01:49","Y"
"452","26","266","textcontent","9","A","2019-10-25 14:52:35","2021-04-05 20:04:45","Y"
"453","26","267","textcontent","10","A","2019-10-25 14:54:06","2021-04-05 20:04:36","Y"
"454","26","26","academia_panel","11","P","2019-10-25 15:06:36",NULL,"Y"
"455","26","27","academia_panel","11","A","2019-10-25 15:08:39","2020-06-01 17:06:26","Y"
"456","26","24","faculty","13","D","2019-10-25 15:10:51","2019-11-18 12:11:22","Y"
"457","26","25","syllabus","12","A","2019-10-25 15:17:09","2020-06-01 17:06:26","Y"
"458","26","26","course_plan","13","A","2019-11-11 18:19:45","2020-06-01 17:06:26","Y"
"459","27","27","banner","1","A","0000-00-00 00:00:00","2021-09-27 12:09:42","Y"
"460","27","268","textcontent","2","A","2019-11-12 18:16:36","2021-04-05 20:04:24","Y"
"461","27","269","textcontent","3","A","2019-11-12 18:18:26","2021-04-05 20:04:36","Y"
"462","27","270","textcontent","4","A","2019-11-12 18:19:25","2021-04-05 20:04:11","Y"
"463","27","271","textcontent","5","A","2019-11-12 18:20:17","2021-04-05 20:04:32","Y"
"464","27","27","industry","6","A","2019-11-12 18:21:08","2020-06-01 17:06:30","Y"
"465","27","272","textcontent","7","A","2019-11-12 18:22:20","2021-04-05 20:04:57","Y"
"466","27","28","academia_panel","8","A","2019-11-12 18:28:12","2020-06-01 17:06:30","Y"
"467","27","273","textcontent","9","A","2019-11-12 18:31:33","2021-01-21 17:01:35","Y"
"468","27","27","course_plan","10","A","2019-11-12 19:01:57","2020-06-01 17:06:30","Y"
"469","28","28","banner","1","A","0000-00-00 00:00:00","2020-08-08 18:08:28","Y"
"470","28","274","textcontent","2","A","2019-11-12 19:13:35","2021-04-05 20:04:07","Y"
"471","28","275","textcontent","3","A","2019-11-12 19:14:11","2021-04-05 20:04:32","Y"
"472","28","276","textcontent","4","A","2019-11-12 19:15:05","2021-04-05 20:04:57","Y"
"473","28","277","textcontent","5","A","2019-11-12 19:16:05","2021-04-05 20:04:13","Y"
"474","28","28","industry","6","A","2019-11-12 19:16:57","2020-06-01 17:06:22","Y"
"475","28","278","textcontent","7","A","2019-11-12 19:22:20","2021-04-05 20:04:18","Y"
"476","28","26","syllabus","8","A","2019-11-12 19:24:36","2020-06-01 17:06:22","Y"
"477","28","29","academia_panel","9","A","2019-11-12 19:43:35","2020-06-01 17:06:22","Y"
"478","28","279","textcontent","10","A","2019-11-12 19:44:55","2021-01-21 17:01:29","Y"
"479","28","28","course_plan","11","A","2019-11-12 19:54:16","2020-06-01 17:06:22","Y"
"480","29","29","banner","1","A","0000-00-00 00:00:00","2021-01-22 18:01:10","N"
"481","29","280","textcontent","2","A","2019-11-12 23:35:50","2021-04-04 19:04:54","Y"
"482","29","281","textcontent","3","A","2019-11-12 23:38:20","2021-04-04 19:04:21","Y"
"483","29","282","textcontent","4","A","2019-11-12 23:39:09","2021-04-04 19:04:21","Y"
"484","29","283","textcontent","5","A","2019-11-12 23:39:55","2021-04-04 19:04:52","Y"
"485","29","29","industry","6","A","2019-11-12 23:40:30","2021-01-22 18:01:10","Y"
"486","29","284","textcontent","7","A","2019-11-12 23:42:07","2021-04-04 19:04:22","Y"
"487","29","27","syllabus","8","A","2019-11-12 23:43:11","2021-01-22 18:01:10","Y"
"488","29","30","academia_panel","9","A","2019-11-13 00:00:30","2021-01-22 18:01:10","Y"
"489","29","285","textcontent","10","A","2019-11-13 00:01:23","2021-01-22 18:01:10","Y"
"490","29","29","course_plan","11","A","2019-11-13 00:05:13","2021-01-22 18:01:10","Y"
"491","30","30","banner","1","A","0000-00-00 00:00:00","2022-07-26 12:07:34","N"
"492","30","286","textcontent","2","A","2019-11-13 00:10:34","2022-07-26 12:07:34","Y"
"493","30","287","textcontent","3","A","2019-11-13 00:11:23","2022-07-26 12:07:34","Y"
"494","30","288","textcontent","4","A","2019-11-13 00:12:21","2022-07-26 12:07:34","Y"
"495","30","289","textcontent","5","A","2019-11-13 00:13:35","2022-07-26 12:07:34","Y"
"496","30","30","industry","6","A","2019-11-13 00:14:20","2022-07-26 12:07:34","Y"
"497","30","290","textcontent","7","A","2019-11-13 00:16:10","2022-07-26 12:07:34","Y"
"498","30","28","syllabus","9","A","2019-11-13 00:17:15","2022-07-26 12:07:34","Y"
"499","30","31","academia_panel","10","A","2019-11-13 00:34:56","2022-07-26 12:07:34","Y"
"500","30","291","textcontent","11","A","2019-11-13 00:35:43","2022-07-26 12:07:34","Y"
"501","30","30","course_plan","12","A","2019-11-13 00:38:47","2022-07-26 12:07:34","Y"
"502","31","31","banner","1","A","0000-00-00 00:00:00","2022-07-26 12:07:39","N"
"503","31","292","textcontent","2","A","2019-11-13 02:02:55","2022-07-26 12:07:39","Y"
"504","31","293","textcontent","3","A","2019-11-13 02:03:44","2022-07-26 12:07:39","Y"
"505","31","294","textcontent","4","A","2019-11-13 02:04:36","2022-07-26 12:07:39","Y"
"506","31","295","textcontent","5","A","2019-11-13 02:05:20","2022-07-26 12:07:39","Y"
"507","31","31","industry","6","A","2019-11-13 02:06:15","2022-07-26 12:07:39","Y"
"508","31","296","textcontent","7","A","2019-11-13 02:07:25","2022-07-26 12:07:39","Y"
"509","31","29","syllabus","9","A","2019-11-13 02:08:23","2022-07-26 12:07:39","Y"
"510","31","32","academia_panel","10","A","2019-11-13 02:19:52","2022-07-26 12:07:39","Y"
"511","31","297","textcontent","11","A","2019-11-13 02:20:35","2022-07-26 12:07:39","Y"
"512","31","31","course_plan","12","A","2019-11-13 02:24:27","2022-07-26 12:07:39","Y"
"513","32","32","banner","1","A","0000-00-00 00:00:00","2020-08-08 18:08:04","Y"
"514","32","298","textcontent","2","A","2019-11-13 14:32:27","2021-04-05 21:04:55","Y"
"515","32","299","textcontent","4","A","2019-11-13 14:39:58","2021-01-21 17:01:46","Y"
"516","32","300","textcontent","5","A","2019-11-13 14:40:41","2021-04-05 21:04:53","Y"
"517","32","301","textcontent","6","A","2019-11-13 14:41:21","2021-01-21 17:01:02","Y"
"518","32","32","industry","7","A","2019-11-13 14:41:50","2020-06-01 17:06:44","Y"
"519","32","302","textcontent","8","A","2019-11-13 14:42:43","2021-04-05 21:04:46","Y"
"520","32","30","syllabus","9","A","2019-11-13 14:43:53","2020-06-01 17:06:44","Y"
"521","32","33","academia_panel","10","A","2019-11-13 15:21:03","2020-06-01 17:06:44","Y"
"522","32","303","textcontent","11","A","2019-11-13 15:22:35","2021-01-21 17:01:06","Y"
"523","32","32","course_plan","12","A","2019-11-13 15:26:31","2020-06-01 17:06:44","Y"
"524","33","33","banner","1","A","0000-00-00 00:00:00","2020-08-08 18:08:01","Y"
"525","33","304","textcontent","2","A","2019-11-13 15:39:53","2021-04-05 17:04:01","Y"
"526","33","305","textcontent","3","A","2019-11-13 15:40:32","2021-01-21 16:01:54","Y"
"527","33","306","textcontent","4","A","2019-11-13 15:41:23","2021-04-05 17:04:29","Y"
"528","33","307","textcontent","5","A","2019-11-13 15:42:06","2021-04-05 17:04:45","Y"
"529","33","33","industry","6","A","2019-11-13 15:42:40","2020-06-01 17:06:18","Y"
"530","33","308","textcontent","7","A","2019-11-13 15:43:34","2021-04-05 17:04:10","Y"
"531","33","31","syllabus","8","A","2019-11-13 15:44:09","2020-06-01 17:06:18","Y"
"532","33","34","academia_panel","9","A","2019-11-13 15:53:15","2020-06-01 17:06:18","Y"
"533","33","309","textcontent","10","A","2019-11-13 15:53:55","2021-01-21 16:01:32","Y"
"534","33","33","course_plan","11","A","2019-11-13 15:57:22","2020-06-01 17:06:18","Y"
"535","34","34","banner","1","A","0000-00-00 00:00:00","2020-08-08 18:08:49","Y"
"536","34","310","textcontent","2","A","2019-11-13 23:49:01","2021-04-05 17:04:38","Y"
"537","34","311","textcontent","3","A","2019-11-13 23:49:42","2021-01-21 16:01:34","Y"
"538","34","312","textcontent","4","A","2019-11-13 23:50:41","2021-04-05 17:04:14","Y"
"539","34","313","textcontent","5","A","2019-11-13 23:51:17","2021-01-21 16:01:46","Y"
"540","34","34","industry","6","A","2019-11-13 23:51:58","2020-06-01 17:06:08","Y"
"541","34","314","textcontent","7","A","2019-11-13 23:52:55","2021-04-05 17:04:55","Y"
"542","34","32","syllabus","8","A","2019-11-13 23:53:33","2020-06-01 17:06:08","Y"
"543","34","35","academia_panel","9","A","2019-11-14 00:05:21","2020-06-01 17:06:08","Y"
"544","34","315","textcontent","10","A","2019-11-14 00:06:03","2021-01-21 16:01:22","Y"
"545","34","34","course_plan","11","A","2019-11-14 00:08:49","2020-06-01 17:06:08","Y"
"546","35","35","banner","1","A","0000-00-00 00:00:00","2020-08-08 18:08:57","Y"
"547","35","316","textcontent","2","A","2019-11-14 00:25:46","2021-04-05 17:04:10","Y"
"548","35","317","textcontent","3","A","2019-11-14 00:26:25","2021-01-21 16:01:33","Y"
"549","35","318","textcontent","4","A","2019-11-14 00:27:15","2021-04-05 17:04:09","Y"
"550","35","319","textcontent","5","A","2019-11-14 00:28:01","2021-04-05 17:04:26","Y"
"551","35","35","industry","6","A","2019-11-14 00:28:44","2020-06-01 17:06:52","Y"
"552","35","320","textcontent","7","A","2019-11-14 00:30:03","2021-04-05 17:04:03","Y"
"553","35","33","syllabus","8","A","2019-11-14 00:30:42","2020-06-01 17:06:52","Y"
"554","35","36","academia_panel","9","A","2019-11-14 00:39:23","2020-06-01 17:06:52","Y"
"555","35","321","textcontent","10","A","2019-11-14 00:40:15","2021-01-21 16:01:26","Y"
"556","35","35","course_plan","11","A","2019-11-14 00:42:54","2020-06-01 17:06:52","Y"
"557","36","36","banner","1","A","0000-00-00 00:00:00","2020-08-08 18:08:20","Y"
"558","36","322","textcontent","2","A","2019-11-14 00:56:36","2021-04-05 17:04:21","Y"
"559","36","323","textcontent","3","A","2019-11-14 00:57:13","2021-04-05 17:04:39","Y"
"560","36","324","textcontent","4","A","2019-11-14 00:58:21","2021-04-05 17:04:02","Y"
"561","36","325","textcontent","5","A","2019-11-14 00:58:59","2021-04-05 17:04:19","Y"
"562","36","36","industry","6","A","2019-11-14 00:59:32","2020-06-01 17:06:55","Y"
"563","36","326","textcontent","7","A","2019-11-14 01:00:50","2021-04-05 17:04:28","Y"
"564","36","34","syllabus","8","A","2019-11-14 01:01:26","2020-06-01 17:06:55","Y"
"565","36","37","academia_panel","9","A","2019-11-14 01:13:43","2020-06-01 17:06:55","Y"
"566","36","327","textcontent","10","A","2019-11-14 01:14:20","2021-01-21 16:01:21","Y"
"567","36","36","course_plan","11","A","2019-11-14 01:14:39","2020-06-01 17:06:55","Y"
"568","37","37","banner","1","A","0000-00-00 00:00:00","2019-11-19 14:11:00","Y"
"569","37","328","textcontent","2","A","2019-11-14 01:52:41","2019-11-19 14:11:00","Y"
"570","37","329","textcontent","3","A","2019-11-14 01:53:24","2019-11-19 14:11:00","Y"
"571","37","330","textcontent","4","A","2019-11-14 01:54:30","2019-11-19 14:11:00","Y"
"572","37","331","textcontent","5","A","2019-11-14 01:55:24","2019-11-19 14:11:00","Y"
"573","37","37","industry","6","A","2019-11-14 01:56:15","2019-11-19 14:11:00","Y"
"574","37","332","textcontent","7","A","2019-11-14 01:57:11","2019-11-19 14:11:00","Y"
"575","37","35","syllabus","8","A","2019-11-14 01:57:39","2019-11-19 14:11:00","Y"
"576","37","38","academia_panel","9","A","2019-11-14 02:20:06","2019-11-19 14:11:00","Y"
"577","37","333","textcontent","10","A","2019-11-14 02:20:50","2019-11-19 14:11:00","Y"
"578","37","37","course_plan","11","A","2019-11-14 02:23:28","2019-11-19 14:11:00","Y"
"579","38","38","banner","1","A","0000-00-00 00:00:00","2020-08-08 18:08:41","Y"
"580","38","334","textcontent","2","A","2019-11-14 02:40:21","2021-04-05 17:04:01","Y"
"581","38","335","textcontent","3","A","2019-11-14 02:40:59","2021-01-21 16:01:39","Y"
"582","38","336","textcontent","4","A","2019-11-14 02:41:43","2021-04-05 17:04:07","Y"
"583","38","337","textcontent","5","A","2019-11-14 02:42:27","2021-01-21 16:01:11","Y"
"584","38","38","industry","6","A","2019-11-14 02:42:56","2020-06-01 17:06:06","Y"
"585","38","338","textcontent","7","A","2019-11-14 02:44:06","2021-04-05 17:04:02","Y"
"586","38","36","syllabus","8","A","2019-11-14 02:44:35","2020-06-01 17:06:06","Y"
"587","38","39","academia_panel","9","A","2019-11-14 02:58:44","2020-06-01 17:06:06","Y"
"588","38","339","textcontent","10","A","2019-11-14 02:59:22","2021-01-25 16:01:27","Y"
"589","38","38","course_plan","11","A","2019-11-14 02:59:44","2020-06-01 17:06:06","Y"
"590","39","39","banner","1","D","0000-00-00 00:00:00","2019-11-14 21:11:09","Y"
"591","39","40","banner","2","D","0000-00-00 00:00:00","2019-11-14 21:11:31","Y"
"592","39","41","banner","3","D","0000-00-00 00:00:00","2019-11-14 21:11:43","Y"
"593","39","42","banner","4","D","0000-00-00 00:00:00","2019-11-14 21:11:23","Y"
"594","39","43","banner","5","D","0000-00-00 00:00:00","2019-11-14 21:11:23","Y"
"595","39","44","banner","6","D","0000-00-00 00:00:00","2019-11-14 21:11:56","Y"
"596","39","45","banner","7","D","0000-00-00 00:00:00","2019-11-15 00:11:03","Y"
"597","39","46","banner","1","A","0000-00-00 00:00:00","2020-08-08 18:08:20","Y"
"598","39","340","textcontent","2","A","2019-11-15 00:14:07","2021-04-05 17:04:34","Y"
"599","39","341","textcontent","3","A","2019-11-15 00:15:00","2021-04-05 17:04:01","Y"
"600","39","342","textcontent","4","A","2019-11-15 00:15:57","2021-04-05 17:04:36","Y"
"601","39","343","textcontent","5","A","2019-11-15 00:16:40","2021-04-05 17:04:10","Y"
"602","39","39","industry","6","A","2019-11-15 00:17:32","2020-06-01 17:06:35","Y"
"603","39","344","textcontent","7","A","2019-11-15 00:19:33","2021-12-01 17:12:06","Y"
"604","39","37","syllabus","8","A","2019-11-15 00:20:13","2020-06-01 17:06:35","Y"
"605","39","40","academia_panel","9","A","2019-11-15 00:33:28","2021-09-23 12:09:59","Y"
"606","39","345","textcontent","10","A","2019-11-15 00:34:09","2021-01-21 16:01:20","Y"
"607","39","39","course_plan","11","A","2019-11-15 00:37:03","2020-06-01 17:06:35","Y"
"608","40","47","banner","1","A","0000-00-00 00:00:00","2020-08-08 18:08:26","Y"
"609","40","346","textcontent","2","A","2019-11-15 00:42:15","2021-04-05 12:04:08","Y"
"610","40","347","textcontent","4","A","2019-11-15 00:42:53","2021-01-21 16:01:05","Y"
"611","40","348","textcontent","5","A","2019-11-15 00:43:50","2021-04-05 12:04:02","Y"
"612","40","349","textcontent","6","A","2019-11-15 00:44:29","2021-01-21 16:01:21","Y"
"613","40","40","industry","7","A","2019-11-15 00:45:07","2020-07-29 19:07:34","Y"
"614","40","350","textcontent","8","A","2019-11-15 00:46:04","2021-04-05 12:04:55","Y"
"615","40","38","syllabus","9","A","2019-11-15 00:46:32","2020-07-29 19:07:34","Y"
"616","40","41","academia_panel","10","A","2019-11-15 00:52:44","2020-07-29 19:07:34","Y"
"617","40","351","textcontent","11","A","2019-11-15 00:53:21","2021-01-21 16:01:50","Y"
"618","40","40","course_plan","12","A","2019-11-15 00:56:15","2020-07-29 19:07:34","Y"
"619","41","48","banner","1","A","0000-00-00 00:00:00","2020-08-08 18:08:26","Y"
"620","41","352","textcontent","2","A","2019-11-15 01:01:40","2021-04-05 12:04:26","Y"
"621","41","353","textcontent","3","A","2019-11-15 01:03:58","2021-01-21 16:01:57","Y"
"622","41","354","textcontent","4","A","2019-11-15 01:04:46","2021-04-05 12:04:05","Y"
"623","41","355","textcontent","5","A","2019-11-15 01:05:27","2021-01-21 16:01:21","Y"
"624","41","41","industry","6","A","2019-11-15 01:05:55","2020-06-01 17:06:47","Y"
"625","41","356","textcontent","7","A","2019-11-15 01:06:48","2021-04-05 12:04:55","Y"
"626","41","39","syllabus","8","A","2019-11-15 01:07:23","2020-06-01 17:06:48","Y"
"627","41","42","academia_panel","9","A","2019-11-15 01:18:34","2020-06-01 17:06:48","Y"
"628","41","357","textcontent","10","A","2019-11-15 01:19:18","2021-01-21 16:01:08","Y"
"629","41","41","course_plan","11","A","2019-11-15 01:21:47","2020-06-01 17:06:48","Y"
"630","42","49","banner","1","A","0000-00-00 00:00:00","2020-10-24 13:10:58","Y"
"631","42","358","textcontent","3","A","2019-11-15 02:37:46","2021-04-05 12:04:20","Y"
"632","42","359","textcontent","4","A","2019-11-15 02:38:21","2021-01-21 15:01:54","Y"
"633","42","360","textcontent","5","A","2019-11-15 02:39:00","2021-04-05 12:04:13","Y"
"634","42","361","textcontent","6","A","2019-11-15 02:39:40","2021-01-21 15:01:46","Y"
"635","42","42","industry","7","A","2019-11-15 02:40:12","2020-10-24 13:10:58","Y"
"636","42","362","textcontent","8","A","2019-11-15 02:41:04","2021-04-05 12:04:59","Y"
"637","42","40","syllabus","9","A","2019-11-15 02:41:48","2020-10-24 13:10:58","Y"
"638","42","43","academia_panel","10","A","2019-11-15 02:58:46","2020-10-24 13:10:58","Y"
"639","42","363","textcontent","11","A","2019-11-15 03:02:10","2021-01-21 16:01:27","Y"
"640","42","42","course_plan","12","A","2019-11-15 03:02:25","2020-10-24 13:10:58","Y"
"641","25","50","banner","12","D","0000-00-00 00:00:00","2019-11-15 11:11:08","Y"
"642","25","51","banner","1","D","0000-00-00 00:00:00","2019-11-28 13:11:44","Y"
"643","9","6","forms","24","A","2019-11-15 12:03:29","2023-09-21 14:09:27","Y"
"644","9","7","forms","23","D","2019-11-15 12:03:55","2019-11-15 12:11:06","Y"
"645","9","5","faq","33","A","2019-11-15 12:18:35","2023-09-21 14:09:27","Y"
"646","2","8","forms","30","D","2019-11-15 12:36:25","2019-11-15 12:11:49","Y"
"647","2","9","forms","25","P","2019-11-15 12:36:34","2023-11-02 15:11:51","Y"
"648","6","10","forms","23","D","2019-11-15 13:25:32","2019-11-15 13:11:51","Y"
"649","6","11","forms","25","A","2019-11-15 13:25:41","2026-06-02 14:06:52","Y"
"650","5","52","banner","14","D","0000-00-00 00:00:00","2019-11-15 13:11:02","Y"
"651","5","53","banner","1","A","0000-00-00 00:00:00","2024-11-01 12:11:01","N"
"652","5","12","forms","16","D","2019-11-15 13:52:56","2019-11-15 13:11:21","Y"
"653","5","13","forms","20","P","2019-11-15 13:53:10","2023-10-09 19:10:19","Y"
"654","22","14","forms","21","A","2019-11-15 14:22:53","2023-10-10 22:10:14","Y"
"655","22","15","forms","22","D","2019-11-15 14:23:00","2019-11-15 14:11:08","Y"
"656","23","16","forms","18","A","2019-11-15 14:38:19","2022-07-16 16:07:09","Y"
"657","23","17","forms","29","D","2019-11-15 14:38:27","2019-11-15 14:11:38","Y"
"658","16","18","forms","15","A","2019-11-15 15:06:49","2022-07-16 15:07:21","Y"
"659","16","19","forms","21","D","2019-11-15 15:07:02","2019-11-15 15:11:42","Y"
"660","4","20","forms","14","A","2019-11-15 15:22:50","2023-10-31 21:10:31","Y"
"661","4","21","forms","22","D","2019-11-15 15:22:56","2019-11-15 15:11:03","Y"
"662","4","14","legal_expert","27","A","2019-11-15 16:07:33","2023-10-31 21:10:31","Y"
"663","10","22","forms","12","A","2019-11-15 17:00:23","2022-07-18 15:07:11","Y"
"664","10","23","forms","21","D","2019-11-15 17:00:40","2019-11-15 17:11:58","Y"
"665","13","24","forms","12","A","2019-11-15 17:21:50","2022-07-18 16:07:20","Y"
"666","13","25","forms","21","D","2019-11-15 17:21:59","2019-11-15 17:11:21","Y"
"667","17","26","forms","12","A","2019-11-15 18:22:39","2025-03-25 21:03:29","Y"
"668","17","27","forms","18","D","2019-11-15 18:22:46","2019-11-15 18:11:59","Y"
"669","20","28","forms","16","A","2019-11-15 18:45:16","2020-07-18 19:07:57","Y"
"670","20","29","forms","24","D","2019-11-15 18:45:24","2019-11-15 18:11:43","Y"
"671","12","30","forms","9","A","2019-11-15 18:59:05","2022-07-18 16:07:24","Y"
"672","12","31","forms","16","D","2019-11-15 18:59:11","2019-11-15 18:11:36","Y"
"673","15","32","forms","14","A","2019-11-15 19:33:44","2023-06-06 11:06:47","Y"
"674","15","33","forms","21","D","2019-11-15 19:33:53","2019-11-15 19:11:03","Y"
"675","18","34","forms","9","A","2019-11-15 19:58:44","2020-07-03 17:07:37","Y"
"676","18","35","forms","18","D","2019-11-15 19:58:53","2019-11-15 19:11:12","Y"
"677","11","36","forms","11","A","2019-11-16 10:55:41","2020-08-09 13:08:59","Y"
"678","11","37","forms","21","D","2019-11-16 10:55:46","2019-11-16 10:11:56","Y"
"679","14","38","forms","10","A","2019-11-16 11:23:41","2021-05-28 18:05:12","Y"
"680","14","39","forms","18","D","2019-11-16 11:23:57","2019-11-16 11:11:14","Y"
"681","19","54","banner","2","D","0000-00-00 00:00:00","2019-12-06 16:12:39","Y"
"682","19","55","banner","21","D","0000-00-00 00:00:00","2019-11-16 11:11:24","Y"
"683","2","364","textcontent","10","A","2019-11-20 13:32:52","2026-01-25 17:01:58","Y"
"685","61","57","banner","1","A","0000-00-00 00:00:00","2020-08-08 18:08:57","Y"
"686","61","365","textcontent","2","A","2019-11-21 20:53:32","2020-08-08 18:08:13","Y"
"687","61","366","textcontent","3","A","2019-11-21 20:56:28","2021-01-21 16:01:28","Y"
"688","61","367","textcontent","4","A","2019-11-21 20:57:22","2021-04-05 12:04:54","Y"
"689","61","368","textcontent","5","A","2019-11-21 20:58:03","2021-01-21 16:01:57","Y"
"690","61","43","industry","6","A","2019-11-21 20:58:54","2020-06-01 17:06:57","Y"
"691","61","369","textcontent","7","A","2019-11-21 21:00:02","2021-04-05 12:04:41","Y"
"692","61","41","syllabus","8","A","2019-11-21 21:02:33","2020-06-01 17:06:57","Y"
"693","61","370","textcontent","9","A","2019-11-21 21:18:55","2021-01-21 16:01:27","Y"
"694","61","43","course_plan","10","A","2019-11-21 21:30:11","2020-06-01 17:06:57","Y"
"695","62","58","banner","1","A","0000-00-00 00:00:00","2020-08-08 18:08:21","Y"
"696","62","371","textcontent","2","A","2019-11-21 23:12:18","2021-04-05 10:04:38","Y"
"697","62","372","textcontent","4","A","2019-11-21 23:44:42","2021-01-21 15:01:20","Y"
"698","62","373","textcontent","5","A","2019-11-21 23:45:23","2021-04-05 10:04:00","Y"
"699","62","374","textcontent","6","A","2019-11-21 23:46:00","2021-01-21 15:01:08","Y"
"700","62","44","industry","7","A","2019-11-21 23:46:34","2020-06-01 17:06:45","Y"
"701","62","375","textcontent","8","A","2019-11-21 23:47:40","2021-04-05 10:04:45","Y"
"702","62","42","syllabus","9","A","2019-11-21 23:48:05","2020-06-01 17:06:45","Y"
"703","62","44","academia_panel","10","A","2019-11-22 00:14:27","2020-06-01 17:06:45","Y"
"704","62","376","textcontent","11","A","2019-11-22 00:15:03","2021-01-21 15:01:11","Y"
"705","62","44","course_plan","12","A","2019-11-22 00:17:40","2020-06-01 17:06:45","Y"
"706","25","59","banner","1","A","0000-00-00 00:00:00","2020-04-25 16:04:46","Y"
"707","19","60","banner","1","A","0000-00-00 00:00:00","2023-12-08 09:12:02","N"
"708","63","61","banner","1","D","0000-00-00 00:00:00","2019-11-22 12:11:05","Y"
"709","63","62","banner","1","A","0000-00-00 00:00:00","2021-08-26 13:08:25","N"
"710","63","377","textcontent","19","D","2019-11-22 15:42:14","2020-05-25 17:05:01","Y"
"711","63","378","textcontent","21","D","2019-11-22 15:43:03","2020-05-25 17:05:50","Y"
"712","63","379","textcontent","22","D","2019-11-22 15:44:15","2020-05-25 17:05:08","Y"
"713","63","380","textcontent","23","D","2019-11-22 15:44:56","2020-05-25 17:05:34","Y"
"714","63","381","textcontent","24","D","2019-11-22 15:45:51","2020-05-25 17:05:52","Y"
"715","63","382","textcontent","25","D","2019-11-22 15:46:53","2020-05-25 17:05:25","Y"
"716","63","383","textcontent","26","D","2019-11-22 15:48:17","2020-05-25 17:05:43","Y"
"717","64","63","banner","1","A","0000-00-00 00:00:00","2022-03-30 12:03:59","N"
"718","64","384","textcontent","2","D","2019-11-30 15:34:18","2019-12-02 10:12:11","Y"
"719","64","385","textcontent","2","A","2019-12-02 10:53:12","2023-02-28 16:02:09","Y"
"720","64","386","textcontent","3","A","2019-12-02 10:57:50","2022-03-30 12:03:59","Y"
"721","64","387","textcontent","4","A","2019-12-02 10:59:35","2022-10-31 13:10:18","Y"
"722","64","388","textcontent","5","A","2019-12-02 11:02:20","2022-03-30 12:03:59","N"
"723","64","389","textcontent","6","D","2019-12-02 11:03:58","2019-12-02 11:12:20","Y"
"724","64","390","textcontent","6","A","2019-12-02 11:04:46","2023-02-28 17:02:18","Y"
"725","64","391","textcontent","7","A","2019-12-02 11:06:26","2023-01-19 18:01:54","Y"
"726","64","392","textcontent","8","A","2019-12-02 11:09:40","2022-03-30 12:03:59","Y"
"727","64","393","textcontent","9","A","2019-12-02 11:10:34","2022-03-30 12:03:59","Y"
"728","64","394","textcontent","10","D","2019-12-02 11:12:11","2019-12-02 11:12:49","Y"
"729","64","395","textcontent","10","A","2019-12-02 11:14:40","2022-03-30 12:03:59","Y"
"730","64","396","textcontent","11","A","2019-12-02 11:16:09","2022-03-30 12:03:59","Y"
"731","64","397","textcontent","12","A","2019-12-02 11:17:08","2024-11-13 14:11:00","Y"
"732","64","398","textcontent","13","A","2019-12-02 11:18:18","2022-03-30 12:03:59","Y"
"733","64","399","textcontent","14","A","2019-12-02 11:19:26","2022-03-30 12:03:59","Y"
"734","64","400","textcontent","15","A","2019-12-02 11:20:27","2022-03-30 12:03:59","Y"
"735","65","64","banner","1","A","0000-00-00 00:00:00","2022-03-30 13:03:22","N"
"736","65","401","textcontent","2","A","2019-12-02 11:27:27","2022-03-30 13:03:22","Y"
"737","65","402","textcontent","4","A","2019-12-02 11:29:08","2022-03-30 13:03:22","Y"
"738","65","403","textcontent","5","A","2019-12-02 11:30:16","2022-03-30 13:03:22","Y"
"739","65","404","textcontent","6","A","2019-12-02 11:32:16","2022-08-25 13:08:23","Y"
"740","65","405","textcontent","7","A","2019-12-02 11:34:26","2022-03-30 13:03:22","Y"
"741","65","406","textcontent","8","A","2019-12-02 11:36:08","2022-03-30 13:03:22","N"
"742","65","407","textcontent","9","A","2019-12-02 11:39:28","2022-03-30 13:03:22","Y"
"743","65","408","textcontent","10","A","2019-12-02 11:40:58","2022-03-30 13:03:22","Y"
"744","65","409","textcontent","11","A","2019-12-02 11:42:07","2022-03-30 13:03:22","Y"
"745","65","410","textcontent","12","A","2019-12-02 11:43:49","2022-03-30 13:03:22","Y"
"746","65","411","textcontent","13","A","2019-12-02 11:46:04","2022-03-30 13:03:22","Y"
"747","65","412","textcontent","14","A","2019-12-02 11:47:07","2022-03-30 13:03:22","Y"
"748","65","413","textcontent","15","A","2019-12-02 11:48:17","2022-03-30 13:03:22","Y"
"749","65","414","textcontent","16","A","2019-12-02 11:50:09","2022-03-30 13:03:22","Y"
"750","65","415","textcontent","17","A","2019-12-02 11:51:45","2022-03-30 13:03:22","Y"
"751","65","416","textcontent","18","A","2019-12-02 11:53:25","2022-03-30 13:03:22","Y"
"752","65","417","textcontent","19","A","2019-12-02 11:55:27","2022-03-30 13:03:22","N"
"753","65","40","forms","19","D","2019-12-02 11:58:15","2019-12-02 12:12:28","Y"
"754","65","418","textcontent","19","D","2019-12-02 12:01:49","2019-12-12 11:12:54","Y"
"755","65","41","forms","20","D","2019-12-02 12:07:53","2019-12-02 12:12:49","Y"
"756","65","42","forms","21","D","2019-12-02 12:07:59","2019-12-02 12:12:22","Y"
"757","66","65","banner","1","D","0000-00-00 00:00:00","2019-12-02 12:12:51","Y"
"758","66","419","textcontent","2","D","2019-12-02 12:24:51","2019-12-02 12:12:43","Y"
"759","63","420","textcontent","11","A","2019-12-02 12:29:48","2021-02-12 13:02:06","Y"
"760","63","421","textcontent","12","A","2019-12-02 12:31:10","2021-04-03 18:04:54","Y"
"761","63","422","textcontent","29","D","2019-12-02 12:32:06","2020-05-25 17:05:35","Y"
"762","63","423","textcontent","30","D","2019-12-02 12:33:31","2020-05-25 17:05:16","Y"
"763","63","424","textcontent","31","D","2019-12-02 12:34:52","2020-05-25 17:05:34","Y"
"764","63","425","textcontent","17","A","2019-12-02 12:36:50","2021-04-03 18:04:46","N"
"765","63","426","textcontent","18","A","2019-12-02 12:38:45","2021-04-03 18:04:04","Y"
"766","63","427","textcontent","19","A","2019-12-02 12:40:51","2021-06-02 16:06:18","Y"
"767","63","428","textcontent","35","D","2019-12-02 12:44:22","2020-05-25 18:05:27","Y"
"768","63","429","textcontent","36","D","2019-12-02 12:45:17","2020-05-25 18:05:06","Y"
"769","63","430","textcontent","37","D","2019-12-02 12:46:15","2020-05-25 18:05:45","Y"
"770","63","431","textcontent","38","D","2019-12-02 12:47:06","2020-05-25 18:05:16","Y"
"771","63","432","textcontent","39","D","2019-12-02 12:49:46","2020-05-25 18:05:03","Y"
"772","63","433","textcontent","40","D","2019-12-02 12:50:42","2020-05-25 18:05:45","Y"
"773","63","434","textcontent","42","D","2019-12-02 12:51:56","2020-05-25 17:05:22","Y"
"774","63","435","textcontent","25","D","2019-12-02 12:55:11","2019-12-12 11:12:33","Y"
"775","6","436","textcontent","27","D","2019-12-03 11:50:45","2021-02-28 17:02:40","Y"
"776","11","437","textcontent","6","A","2019-12-04 17:48:42","2021-03-24 16:03:59","Y"
"777","5","438","textcontent","6","D","2019-12-06 16:04:00","2023-07-14 19:07:22","Y"
"778","5","439","textcontent","7","A","2019-12-06 16:06:02","2023-10-09 19:10:19","Y"
"779","5","440","textcontent","10","A","2019-12-06 16:07:15","2023-10-09 19:10:19","Y"
"780","5","441","textcontent","11","A","2019-12-06 16:08:24","2023-10-09 19:10:47","Y"
"781","5","442","textcontent","19","A","2019-12-06 16:12:03","2023-10-09 19:10:37","Y"
"782","19","443","textcontent","11","D","2019-12-06 18:35:40","2020-06-06 15:06:28","Y"
"783","63","45","course_plan","26","A","2019-12-09 16:16:18","2021-02-12 13:02:06","Y"
"784","2","444","textcontent","32","D","2019-12-09 19:01:35","2021-09-09 19:09:09","Y"
"785","5","445","textcontent","27","D","2019-12-09 19:02:35","2021-09-14 16:09:02","Y"
"786","9","446","textcontent","32","A","2019-12-09 19:03:22","2023-09-21 14:09:27","Y"
"787","16","447","textcontent","28","A","2019-12-09 19:05:24","2022-07-16 15:07:21","Y"
"788","22","448","textcontent","26","D","2019-12-09 19:06:00","2021-09-14 16:09:00","Y"
"789","3","449","textcontent","29","D","2019-12-09 19:07:28","2023-08-31 15:08:39","Y"
"790","4","450","textcontent","29","A","2019-12-09 19:08:04","2023-10-31 21:10:31","Y"
"791","7","451","textcontent","23","A","2019-12-09 19:08:55","2021-03-17 14:03:44","Y"
"792","10","452","textcontent","26","A","2019-12-09 19:09:31","2022-07-18 15:07:11","Y"
"793","11","453","textcontent","25","A","2019-12-09 19:10:32","2021-03-24 16:03:42","Y"
"794","12","454","textcontent","19","A","2019-12-09 19:11:32","2022-07-18 16:07:24","Y"
"795","13","455","textcontent","26","A","2019-12-09 19:12:08","2022-07-18 16:07:20","Y"
"796","14","456","textcontent","20","A","2019-12-09 19:12:39","2021-05-28 18:05:12","Y"
"797","15","457","textcontent","25","A","2019-12-09 19:13:23","2023-06-06 11:06:47","Y"
"798","17","458","textcontent","25","A","2019-12-09 19:13:59","2025-03-25 21:03:29","Y"
"799","18","459","textcontent","19","A","2019-12-09 19:14:27","2021-03-27 16:03:06","Y"
"800","19","460","textcontent","21","A","2019-12-09 19:14:55","2022-07-18 16:07:10","Y"
"801","20","461","textcontent","26","A","2019-12-09 19:15:40","2021-01-26 10:01:19","Y"
"802","67","66","banner","1","A","0000-00-00 00:00:00","2022-07-21 16:07:58","N"
"803","67","462","textcontent","2","A","2019-12-10 14:26:20","2022-07-21 16:07:58","Y"
"804","67","463","textcontent","3","A","2019-12-10 14:26:52","2022-07-21 16:07:58","Y"
"805","67","464","textcontent","4","A","2019-12-10 14:27:37","2022-07-21 16:07:58","Y"
"806","67","43","syllabus","6","A","2019-12-10 14:27:57","2022-07-21 16:07:58","Y"
"807","67","465","textcontent","7","A","2019-12-10 15:20:53","2022-07-21 16:07:58","Y"
"808","67","46","course_plan","8","A","2019-12-10 15:35:12","2022-07-21 16:07:58","Y"
"809","68","67","banner","1","A","0000-00-00 00:00:00","2022-08-11 16:08:50","N"
"810","68","466","textcontent","2","A","2019-12-10 15:42:28","2022-08-11 16:08:50","Y"
"811","68","467","textcontent","3","A","2019-12-10 15:43:09","2022-08-11 16:08:50","Y"
"812","68","468","textcontent","4","A","2019-12-10 15:43:43","2022-08-11 16:08:50","Y"
"813","68","469","textcontent","5","A","2019-12-10 15:44:35","2022-08-11 16:08:50","Y"
"814","68","470","textcontent","6","A","2019-12-10 15:45:28","2022-08-11 16:08:50","Y"
"815","68","471","textcontent","8","A","2019-12-10 15:46:07","2022-08-11 16:08:50","Y"
"816","68","45","academia_panel","9","A","2019-12-10 15:46:26","2022-08-11 16:08:50","Y"
"817","68","47","course_plan","10","A","2019-12-10 15:48:43","2022-08-11 16:08:50","Y"
"818","68","44","syllabus","11","A","2019-12-10 15:48:50","2022-08-11 16:08:50","Y"
"819","69","68","banner","1","A","0000-00-00 00:00:00","2022-07-21 16:07:16","N"
"820","69","472","textcontent","7","A","2019-12-10 16:53:53","2022-07-21 16:07:16","Y"
"821","69","473","textcontent","3","D","2019-12-10 16:54:28","2020-07-30 13:07:32","Y"
"822","69","474","textcontent","11","D","2019-12-10 16:55:35","2020-07-30 13:07:14","Y"
"823","69","45","syllabus","15","A","2019-12-10 16:56:59","2022-07-21 16:07:16","Y"
"824","69","475","textcontent","13","A","2019-12-10 18:20:19","2022-07-21 16:07:16","Y"
"825","69","48","course_plan","16","A","2019-12-10 18:24:42","2023-06-02 19:06:37","Y"
"826","70","69","banner","1","A","0000-00-00 00:00:00","2022-08-17 20:08:43","N"
"827","70","476","textcontent","2","D","2019-12-10 19:04:12","2021-01-19 15:01:18","Y"
"828","70","477","textcontent","4","D","2019-12-10 19:04:51","2021-01-19 15:01:26","Y"
"829","70","478","textcontent","9","D","2019-12-10 19:05:24","2021-01-19 16:01:44","Y"
"830","70","479","textcontent","9","A","2019-12-10 19:06:03","2022-07-21 16:07:28","Y"
"831","70","480","textcontent","11","D","2019-12-10 19:07:12","2021-01-19 16:01:22","Y"
"832","70","481","textcontent","12","D","2019-12-10 19:07:46","2021-01-19 16:01:15","Y"
"833","70","482","textcontent","13","D","2019-12-10 19:08:30","2021-01-19 16:01:06","Y"
"834","70","483","textcontent","14","D","2019-12-10 19:09:06","2021-01-19 16:01:58","Y"
"835","70","49","course_plan","13","A","2019-12-10 19:13:32","2022-07-21 16:07:28","Y"
"836","70","46","syllabus","12","D","2019-12-10 19:14:49","2021-01-19 15:01:02","Y"
"837","71","70","banner","1","A","0000-00-00 00:00:00","2020-08-06 15:08:54","Y"
"838","71","484","textcontent","3","D","2019-12-10 19:39:22","2020-07-24 15:07:53","Y"
"839","71","485","textcontent","4","D","2019-12-10 19:40:55","2020-07-24 15:07:00","Y"
"840","71","486","textcontent","5","D","2019-12-10 19:41:30","2020-07-24 15:07:36","Y"
"841","71","50","course_plan","21","A","2019-12-10 19:44:05","2020-08-06 15:08:54","Y"
"842","2","487","textcontent","23","D","2019-12-12 11:59:08","2019-12-12 12:12:44","Y"
"843","10","6","faq","27","A","2019-12-14 14:04:15","2022-07-18 15:07:11","Y"
"844","20","7","faq","25","D","2019-12-14 14:05:44","2020-01-11 18:01:12","Y"
"845","17","8","faq","19","D","2019-12-17 17:21:08","2020-01-11 18:01:55","Y"
"846","18","9","faq","20","D","2019-12-17 17:26:05","2021-03-27 15:03:55","Y"
"847","19","10","faq","23","P","2019-12-17 17:38:56","2022-07-18 16:07:10","Y"
"848","18","11","faq","22","A","2019-12-17 17:39:23","2021-03-27 16:03:37","Y"
"849","18","12","faq","21","D","2019-12-17 17:39:44","2021-03-27 15:03:08","Y"
"850","19","13","faq","22","A","2019-12-17 17:40:20","2022-07-18 16:07:10","Y"
"851","15","14","faq","26","A","2019-12-17 17:41:07","2023-06-06 11:06:47","Y"
"852","14","15","faq","21","P","2019-12-17 17:41:36","2021-05-28 18:05:12","Y"
"853","14","16","faq","19","D","2019-12-17 17:41:54","2020-01-15 19:01:10","Y"
"854","13","17","faq","27","P","2019-12-17 17:42:24","2022-07-18 16:07:20","Y"
"855","13","18","faq","28","A","2019-12-17 17:42:49","2022-07-18 16:07:20","Y"
"856","7","19","faq","24","A","2019-12-17 17:44:35","2020-07-17 19:07:38","Y"
"857","11","20","faq","26","A","2019-12-17 17:45:41","2020-08-09 13:08:00","Y"
"858","12","21","faq","20","A","2019-12-17 17:46:56","2022-07-18 16:07:24","Y"
"859","22","22","faq","28","A","2019-12-17 19:04:51","2023-10-10 22:10:14","Y"
"860","16","23","faq","29","A","2019-12-17 19:06:03","2022-07-16 15:07:21","Y"
"861","2","24","faq","35","A","2019-12-17 19:15:40","2023-11-02 15:11:51","Y"
"862","5","25","faq","31","A","2019-12-17 19:16:12","2023-10-09 19:10:19","Y"
"863","6","26","faq","40","A","2019-12-17 19:19:01","2026-06-02 14:06:52","Y"
"864","20","27","faq","27","A","2020-01-11 18:45:30","2020-07-18 19:07:57","Y"
"865","17","28","faq","26","A","2020-01-11 18:46:22","2025-03-25 21:03:29","Y"
"866","14","29","faq","23","P","2020-01-15 19:19:34","2021-05-28 18:05:12","Y"
"867","14","30","faq","22","A","2020-01-15 19:22:01","2021-05-28 18:05:12","Y"
"868","72","71","banner","1","A","0000-00-00 00:00:00","2025-12-08 19:12:55","N"
"869","72","72","banner","2","D","0000-00-00 00:00:00","2020-01-20 13:01:17","Y"
"870","72","73","banner","3","D","0000-00-00 00:00:00","2020-01-20 13:01:13","Y"
"871","72","488","textcontent","4","A","2020-01-20 13:44:22","2025-12-08 19:12:55","Y"
"872","72","489","textcontent","3","D","2020-01-20 13:45:15","2020-01-22 19:01:19","Y"
"873","72","490","textcontent","7","A","2020-01-20 13:46:27","2025-12-08 19:12:56","Y"
"874","72","491","textcontent","8","A","2020-01-20 13:47:30","2025-12-08 19:12:56","Y"
"875","72","45","industry","9","A","2020-01-20 13:48:58","2025-12-08 19:12:56","Y"
"876","72","492","textcontent","10","A","2020-01-20 13:49:49","2025-12-08 19:12:56","Y"
"877","72","493","textcontent","11","A","2020-01-20 13:58:22","2025-12-08 19:12:56","Y"
"878","72","494","textcontent","12","A","2020-01-20 13:58:56","2026-06-16 17:06:02","Y"
"879","72","495","textcontent","14","A","2020-01-20 13:59:36","2025-12-08 19:12:56","Y"
"880","72","496","textcontent","15","A","2020-01-20 14:01:57","2025-12-08 19:12:56","Y"
"881","72","497","textcontent","17","A","2020-01-20 14:02:34","2025-12-08 19:12:56","Y"
"882","72","498","textcontent","18","A","2020-01-20 14:03:26","2025-12-08 19:12:56","Y"
"883","72","51","course_plan","21","P","2020-01-20 14:03:47","2025-12-08 19:12:56","Y"
"884","72","52","course_plan","22","A","2020-01-20 14:11:41","2025-12-08 19:12:56","Y"
"885","72","47","syllabus","23","A","2020-01-20 14:11:50","2025-12-08 19:12:56","Y"
"886","72","499","textcontent","24","A","2020-01-20 14:32:37","2025-12-08 19:12:56","Y"
"887","72","46","academia_panel","19","A","2020-01-20 17:19:32","2025-12-08 19:12:56","Y"
"888","72","25","faculty","20","A","2020-01-20 17:29:56","2025-12-08 19:12:56","Y"
"889","72","31","faq","25","A","2020-01-22 17:21:59","2025-12-08 19:12:56","Y"
"890","72","500","textcontent","6","A","2020-01-22 19:51:52","2025-12-08 19:12:56","Y"
"891","73","74","banner","1","A","0000-00-00 00:00:00","2024-11-01 12:11:53","N"
"892","73","501","textcontent","4","A","2020-02-21 16:05:57","2021-04-02 21:04:19","Y"
"893","73","502","textcontent","5","A","2020-02-21 16:11:20","2021-04-02 21:04:22","Y"
"894","73","503","textcontent","6","A","2020-02-21 16:13:29","2021-04-02 21:04:28","Y"
"895","73","504","textcontent","7","A","2020-02-21 16:16:15","2021-04-02 21:04:43","Y"
"896","73","505","textcontent","12","A","2020-02-21 16:17:27","2021-04-02 22:04:01","Y"
"897","73","506","textcontent","9","A","2020-02-21 16:25:39","2021-04-02 22:04:18","Y"
"898","73","507","textcontent","13","A","2020-02-21 16:26:02","2021-04-02 22:04:46","Y"
"899","73","508","textcontent","14","A","2020-02-21 16:28:00","2021-04-02 22:04:33","Y"
"900","73","48","syllabus","18","A","2020-02-21 16:28:20","2021-02-12 12:02:25","Y"
"901","73","509","textcontent","19","A","2020-02-21 18:46:58","2021-02-12 12:02:25","Y"
"902","73","26","faculty","15","P","2020-02-21 18:57:10","2024-04-09 17:04:46","Y"
"903","73","53","course_plan","16","A","2020-02-21 19:01:04","2021-02-12 12:02:25","Y"
"904","11","16","testimonials","19","A","2020-03-07 15:48:07","2020-08-09 13:08:00","Y"
"905","4","1","video_testimonials","25","D","2020-03-12 10:46:37","2020-07-17 17:07:37","Y"
"906","4","2","video_testimonials","26","D","2020-03-12 10:48:03","2020-07-17 17:07:51","Y"
"907","4","3","video_testimonials","3","D","2020-03-12 10:52:09","2020-07-17 17:07:10","Y"
"908","71","4","video_testimonials","2","D","2020-03-17 16:59:02","2020-07-24 15:07:43","Y"
"909","6","5","video_testimonials","12","D","2020-03-17 16:59:53","2023-07-26 14:07:26","Y"
"910","65","6","video_testimonials","3","A","2020-03-17 17:33:57","2022-03-30 13:03:22","Y"
"911","13","7","video_testimonials","5","A","2020-03-18 18:41:20","2022-07-18 16:07:20","Y"
"912","18","8","video_testimonials","3","A","2020-03-19 15:58:40","2020-07-03 17:07:37","Y"
"913","32","9","video_testimonials","3","D","2020-03-24 14:49:06","2021-04-05 20:04:32","Y"
"914","62","10","video_testimonials","3","A","2020-03-24 14:49:47","2020-08-05 20:08:11","Y"
"915","74","75","banner","1","A","0000-00-00 00:00:00","2022-07-18 16:07:24","N"
"916","74","49","syllabus","19","A","2020-03-25 19:49:02","2022-07-18 16:07:24","Y"
"917","74","510","textcontent","2","A","2020-03-25 20:26:02","2022-07-18 16:07:24","Y"
"918","74","511","textcontent","10","A","2020-03-25 20:27:41","2026-06-17 11:06:26","Y"
"919","74","512","textcontent","4","A","2020-03-25 20:30:08","2022-07-18 16:07:24","Y"
"920","74","513","textcontent","5","A","2020-03-25 20:30:43","2022-07-18 16:07:24","Y"
"921","74","514","textcontent","6","A","2020-03-25 20:31:26","2022-07-18 16:07:24","Y"
"922","74","515","textcontent","6","D","2020-03-25 20:32:04","2020-03-25 21:03:58","Y"
"923","74","516","textcontent","8","A","2020-03-25 20:32:57","2022-07-18 16:07:24","Y"
"924","74","517","textcontent","9","A","2020-03-25 20:33:50","2022-07-18 16:07:24","Y"
"925","74","518","textcontent","12","A","2020-03-25 20:34:27","2022-07-18 16:07:24","Y"
"926","74","519","textcontent","13","A","2020-03-25 20:35:36","2022-07-18 16:07:24","Y"
"927","74","520","textcontent","14","A","2020-03-25 20:36:04","2023-10-18 00:10:54","Y"
"928","74","521","textcontent","15","A","2020-03-25 20:36:31","2022-07-18 16:07:24","Y"
"929","74","47","academia_panel","16","A","2020-03-25 20:37:21","2022-07-18 16:07:24","Y"
"930","74","27","faculty","17","A","2020-03-25 20:38:29","2022-07-18 16:07:24","Y"
"931","74","54","course_plan","18","A","2020-03-25 20:41:26","2022-07-18 16:07:24","Y"
"932","74","46","industry","7","A","2020-03-25 21:20:45","2022-07-18 16:07:24","Y"
"933","12","11","video_testimonials","3","A","2020-03-27 11:44:01","2022-07-18 16:07:24","Y"
"934","15","12","video_testimonials","6","A","2020-03-30 15:10:14","2023-06-06 11:06:47","Y"
"935","14","13","video_testimonials","5","A","2020-03-30 17:52:18","2021-05-28 18:05:12","Y"
"936","72","14","video_testimonials","5","A","2020-04-06 16:18:38","2025-12-08 19:12:55","Y"
"937","9","15","video_testimonials","7","A","2020-04-06 16:22:30","2023-09-21 14:09:27","Y"
"938","73","522","textcontent","2","P","2020-04-06 18:09:47","2021-04-02 21:04:39","Y"
"939","75","523","textcontent","2","A","2020-04-08 17:12:27","2021-03-27 13:03:19","Y"
"940","75","524","textcontent","4","A","2020-04-08 17:13:44","2021-03-27 13:03:53","Y"
"941","75","525","textcontent","5","A","2020-04-08 17:14:54","2021-03-27 13:03:26","Y"
"942","75","526","textcontent","6","A","2020-04-08 17:16:11","2021-01-21 15:01:26","Y"
"943","75","47","industry","7","A","2020-04-08 17:17:54","2020-09-23 12:09:28","Y"
"944","75","527","textcontent","9","A","2020-04-08 17:26:15","2021-03-27 13:03:12","Y"
"945","75","76","banner","1","A","0000-00-00 00:00:00","2020-09-23 12:09:28","Y"
"946","75","528","textcontent","10","A","2020-04-08 17:27:47","2021-03-27 13:03:31","Y"
"947","75","529","textcontent","11","A","2020-04-08 17:28:04","2021-03-27 13:03:59","Y"
"948","75","530","textcontent","12","A","2020-04-08 17:29:28","2021-03-27 13:03:22","Y"
"949","75","531","textcontent","13","A","2020-04-08 17:31:11","2021-03-27 13:03:40","Y"
"950","75","532","textcontent","14","A","2020-04-08 17:31:53","2021-03-27 13:03:56","Y"
"951","75","533","textcontent","15","A","2020-04-08 17:33:23","2021-03-27 13:03:58","Y"
"952","75","48","academia_panel","16","A","2020-04-08 17:34:39","2020-09-23 12:09:29","Y"
"953","75","28","faculty","17","A","2020-04-08 17:35:12","2020-09-23 12:09:29","Y"
"954","75","55","course_plan","18","A","2020-04-08 17:35:40","2020-09-23 12:09:29","Y"
"955","75","50","syllabus","19","A","2020-04-08 18:20:05","2020-09-23 12:09:29","Y"
"956","33","16","video_testimonials","3","D","2020-04-08 18:26:38","2020-04-08 18:04:27","Y"
"957","76","534","textcontent","4","A","2020-04-10 16:47:46","2022-09-20 14:09:45","Y"
"958","76","535","textcontent","6","A","2020-04-10 16:48:44","2022-07-18 16:07:12","Y"
"959","76","536","textcontent","7","A","2020-04-10 16:49:40","2022-07-18 16:07:12","Y"
"960","76","537","textcontent","8","A","2020-04-10 16:50:31","2022-07-18 16:07:12","Y"
"961","76","538","textcontent","9","A","2020-04-10 16:51:55","2022-07-18 16:07:12","Y"
"962","76","539","textcontent","10","A","2020-04-10 16:52:50","2022-09-20 14:09:29","Y"
"963","76","540","textcontent","11","A","2020-04-10 16:53:52","2022-07-18 16:07:12","Y"
"964","76","541","textcontent","12","A","2020-04-10 16:54:13","2026-06-17 11:06:04","Y"
"965","76","542","textcontent","17","A","2020-04-10 16:55:01","2022-09-20 14:09:49","Y"
"966","76","543","textcontent","19","A","2020-04-10 16:56:25","2022-09-20 14:09:52","Y"
"967","76","544","textcontent","20","A","2020-04-10 16:57:36","2023-10-18 00:10:22","Y"
"968","76","545","textcontent","21","A","2020-04-10 16:58:20","2022-09-20 14:09:53","Y"
"969","76","49","academia_panel","22","A","2020-04-10 16:58:59","2023-10-31 21:10:34","Y"
"970","76","56","course_plan","24","A","2020-04-10 16:59:19","2022-07-18 16:07:12","Y"
"971","76","51","syllabus","25","A","2020-04-10 16:59:27","2022-07-18 16:07:12","Y"
"972","76","77","banner","1","A","0000-00-00 00:00:00","2024-11-01 12:11:47","N"
"973","76","29","faculty","23","A","2020-04-10 17:28:34","2023-10-30 21:10:35","Y"
"974","17","30","faculty","21","A","2020-04-21 19:50:01","2025-03-25 21:03:29","Y"
"975","73","17","video_testimonials","3","A","2020-04-22 18:20:57","2021-02-12 12:02:25","Y"
"976","17","18","video_testimonials","5","A","2020-04-23 19:51:19","2025-03-25 21:03:29","Y"
"977","77","78","banner","1","A","0000-00-00 00:00:00","2020-07-15 16:07:25","Y"
"978","77","546","textcontent","2","A","2020-05-02 13:31:01","2020-07-15 16:07:25","Y"
"979","77","57","course_plan","3","A","2020-05-02 13:33:10","2020-07-15 16:07:25","Y"
"980","78","547","textcontent","5","A","2020-05-04 14:57:24","2026-01-25 17:01:22","Y"
"981","78","548","textcontent","6","A","2020-05-04 14:58:48","2026-01-25 17:01:22","Y"
"982","78","549","textcontent","8","A","2020-05-04 15:00:19","2026-01-25 17:01:22","Y"
"983","78","550","textcontent","7","A","2020-05-04 15:01:33","2026-01-25 17:01:22","Y"
"984","78","551","textcontent","21","A","2020-05-04 15:05:56","2026-01-25 17:01:22","Y"
"985","78","552","textcontent","7","D","2020-05-04 15:10:10","2020-05-04 19:05:43","Y"
"986","78","553","textcontent","14","A","2020-05-04 15:11:15","2026-01-25 17:01:22","Y"
"987","78","554","textcontent","24","A","2020-05-04 15:12:08","2026-01-25 17:01:22","Y"
"988","78","555","textcontent","22","A","2020-05-04 15:15:07","2026-01-25 17:01:22","Y"
"989","78","48","industry","10","D","2020-05-04 15:22:00","2020-05-04 15:05:30","Y"
"990","78","50","academia_panel","25","A","2020-05-04 15:23:53","2026-01-25 17:01:22","Y"
"991","78","31","faculty","26","P","2020-05-04 15:24:21","2026-01-25 17:01:22","Y"
"992","78","52","syllabus","27","A","2020-05-04 15:24:51","2026-01-25 17:01:22","Y"
"993","78","32","faq","29","A","2020-05-04 15:46:42","2026-01-25 17:01:22","Y"
"994","78","58","course_plan","28","A","2020-05-04 15:51:40","2026-01-25 17:01:22","Y"
"995","78","79","banner","1","A","0000-00-00 00:00:00","2026-01-25 17:01:22","N"
"996","78","556","textcontent","9","A","2020-05-04 19:28:05","2026-01-25 17:01:22","Y"
"997","2","19","video_testimonials","6","D","2020-05-14 19:44:38","2023-07-24 17:07:17","Y"
"998","63","20","video_testimonials","27","D","2020-05-18 08:48:26","2020-07-15 12:07:15","Y"
"999","63","21","video_testimonials","13","D","2020-05-18 08:51:24","2020-05-25 19:05:14","Y"
"1000","10","22","video_testimonials","5","A","2020-05-19 20:27:29","2022-07-18 15:07:11","Y"
"1001","11","23","video_testimonials","4","A","2020-05-20 11:27:50","2020-11-25 20:11:22","Y"
"1002","22","24","video_testimonials","11","D","2020-05-20 11:46:03","2023-09-30 22:09:07","Y"
"1003","22","25","video_testimonials","6","A","2020-05-20 11:47:04","2023-10-10 22:10:14","Y"
"1004","7","26","video_testimonials","4","A","2020-05-20 12:59:30","2020-08-29 20:08:59","Y"
"1005","7","27","video_testimonials","14","A","2020-05-20 13:00:38","2020-07-17 19:07:38","Y"
"1006","69","557","textcontent","14","A","2020-05-20 17:46:59","2022-07-21 16:07:16","Y"
"1007","3","28","video_testimonials","10","A","2020-05-20 17:54:01","2023-08-31 15:08:10","Y"
"1008","19","29","video_testimonials","3","D","2020-05-21 19:04:43","2022-01-13 17:01:18","Y"
"1009","16","30","video_testimonials","4","P","2020-05-21 19:58:21","2023-05-03 16:05:29","Y"
"1010","23","31","video_testimonials","3","A","2020-05-25 15:30:22","2022-07-16 16:07:09","Y"
"1011","63","558","textcontent","2","D","2020-05-25 16:04:51","2020-05-25 19:05:44","Y"
"1012","63","559","textcontent","3","D","2020-05-25 16:06:59","2020-05-25 19:05:51","Y"
"1013","63","560","textcontent","4","D","2020-05-25 16:07:38","2020-05-25 19:05:00","Y"
"1014","63","561","textcontent","20","D","2020-05-25 16:09:05","2020-05-25 17:05:21","Y"
"1015","63","562","textcontent","5","D","2020-05-25 16:12:00","2020-05-25 19:05:09","Y"
"1016","63","563","textcontent","6","D","2020-05-25 16:19:40","2020-05-25 19:05:17","Y"
"1017","63","564","textcontent","7","D","2020-05-25 16:25:01","2020-05-25 19:05:24","Y"
"1018","63","565","textcontent","8","D","2020-05-25 16:30:27","2020-05-25 19:05:32","Y"
"1019","63","566","textcontent","9","D","2020-05-25 16:34:38","2020-05-25 19:05:40","Y"
"1020","63","567","textcontent","10","D","2020-05-25 16:38:50","2020-05-25 19:05:42","Y"
"1021","63","568","textcontent","11","D","2020-05-25 16:41:37","2020-05-25 19:05:51","Y"
"1022","63","569","textcontent","12","D","2020-05-25 16:44:34","2020-05-25 19:05:58","Y"
"1023","63","17","testimonials","14","D","2020-05-25 17:28:56","2020-05-25 19:05:06","Y"
"1024","63","570","textcontent","15","D","2020-05-25 17:31:42","2020-05-25 19:05:24","Y"
"1025","63","571","textcontent","16","D","2020-05-25 17:32:46","2020-05-25 19:05:57","Y"
"1026","63","572","textcontent","17","D","2020-05-25 17:38:58","2020-05-25 19:05:49","Y"
"1027","63","573","textcontent","9","D","2020-05-25 17:43:03","2020-05-25 19:05:31","Y"
"1028","63","574","textcontent","23","D","2020-05-25 18:09:16","2020-05-25 19:05:19","Y"
"1029","63","575","textcontent","2","A","2020-05-25 19:07:40","2021-04-03 17:04:34","Y"
"1030","63","576","textcontent","3","A","2020-05-25 19:08:24","2021-04-03 17:04:28","Y"
"1031","63","577","textcontent","5","A","2020-05-25 19:10:06","2021-04-03 17:04:44","Y"
"1032","63","578","textcontent","6","A","2020-05-25 19:10:39","2021-04-03 17:04:51","Y"
"1033","63","579","textcontent","7","A","2020-05-25 19:11:29","2021-04-03 17:04:23","Y"
"1034","63","580","textcontent","8","A","2020-05-25 19:11:57","2021-04-03 18:04:04","Y"
"1035","63","581","textcontent","10","A","2020-05-25 19:12:36","2021-04-03 18:04:24","Y"
"1036","63","582","textcontent","14","D","2020-05-25 19:17:31","2021-08-26 13:08:01","Y"
"1037","63","583","textcontent","15","A","2020-05-25 19:18:04","2021-04-03 18:04:44","Y"
"1038","63","584","textcontent","16","A","2020-05-25 19:18:39","2021-04-03 18:04:11","Y"
"1039","63","585","textcontent","20","A","2020-05-25 19:21:29","2021-02-12 13:02:06","Y"
"1040","63","586","textcontent","21","A","2020-05-25 19:22:17","2021-02-12 13:02:06","Y"
"1041","63","587","textcontent","22","A","2020-05-25 19:23:28","2021-02-12 13:02:06","Y"
"1042","63","588","textcontent","23","A","2020-05-25 19:25:01","2021-02-12 13:02:06","Y"
"1043","63","589","textcontent","24","A","2020-05-25 19:25:43","2021-02-12 13:02:06","Y"
"1044","63","590","textcontent","25","A","2020-05-25 19:26:34","2021-02-12 13:02:06","Y"
"1045","63","591","textcontent","27","A","2020-05-25 19:27:13","2021-02-12 13:02:06","N"
"1046","63","32","video_testimonials","4","A","2020-05-27 14:31:53","2021-02-12 13:02:06","Y"
"1047","63","33","video_testimonials","9","A","2020-05-27 14:33:28","2021-02-12 13:02:06","Y"
"1048","63","34","video_testimonials","29","D","2020-05-27 14:33:45","2020-07-15 12:07:57","Y"
"1049","63","32","faculty","13","A","2020-05-29 17:18:25","2021-05-16 18:05:08","Y"
"1050","79","80","banner","1","A","0000-00-00 00:00:00","2023-07-06 11:07:34","N"
"1051","79","592","textcontent","2","A","2020-05-29 18:38:30","2023-07-06 11:07:34","Y"
"1052","79","593","textcontent","3","A","2020-05-29 18:39:42","2024-03-24 16:03:05","Y"
"1053","79","594","textcontent","4","A","2020-05-29 18:40:24","2024-03-24 16:03:19","Y"
"1054","79","595","textcontent","5","A","2020-05-29 18:41:17","2023-07-06 11:07:34","Y"
"1055","79","35","video_testimonials","10","A","2020-05-29 18:42:08","2023-07-06 11:07:34","Y"
"1056","79","18","testimonials","11","A","2020-05-29 18:52:27","2023-07-06 11:07:34","Y"
"1057","79","596","textcontent","12","A","2020-05-29 18:58:44","2023-07-06 11:07:34","Y"
"1058","79","597","textcontent","13","A","2020-05-29 18:59:17","2024-03-24 16:03:15","Y"
"1059","79","598","textcontent","14","A","2020-05-29 18:59:54","2024-03-24 16:03:34","Y"
"1060","79","599","textcontent","15","A","2020-05-29 19:00:29","2024-03-24 16:03:50","Y"
"1061","79","600","textcontent","16","A","2020-05-29 19:01:11","2023-07-06 11:07:34","Y"
"1062","79","601","textcontent","17","P","2020-05-29 19:01:47","2023-07-06 11:07:34","Y"
"1063","79","59","course_plan","18","A","2020-05-29 19:04:45","2023-07-06 11:07:34","Y"
"1064","62","19","testimonials","13","D","2020-06-03 13:34:32","2021-04-05 11:04:39","Y"
"1065","76","36","video_testimonials","5","A","2020-06-03 15:05:00","2022-07-18 16:07:12","Y"
"1066","80","81","banner","1","A","0000-00-00 00:00:00","2020-08-08 17:08:44","Y"
"1067","80","602","textcontent","2","A","2020-06-05 13:40:12","2020-06-05 16:06:45","Y"
"1068","80","603","textcontent","3","A","2020-06-05 13:41:56","2020-06-05 16:06:45","Y"
"1069","80","604","textcontent","4","A","2020-06-05 13:43:24","2020-06-05 16:06:45","Y"
"1070","80","605","textcontent","5","A","2020-06-05 13:44:32","2020-06-05 16:06:45","Y"
"1071","80","606","textcontent","6","A","2020-06-05 13:47:24","2020-06-05 16:06:45","Y"
"1072","80","607","textcontent","7","A","2020-06-05 13:50:47","2020-06-05 16:06:45","Y"
"1073","80","608","textcontent","10","A","2020-06-05 13:53:14","2020-06-05 16:06:45","Y"
"1074","80","53","syllabus","11","A","2020-06-05 13:53:39","2020-06-05 16:06:45","Y"
"1075","80","609","textcontent","8","A","2020-06-05 13:58:38","2020-06-05 16:06:45","Y"
"1076","80","610","textcontent","9","A","2020-06-05 16:00:37","2020-06-05 16:06:45","Y"
"1077","20","37","video_testimonials","11","A","2020-06-05 17:57:00","2020-07-18 19:07:57","Y"
"1078","81","82","banner","1","A","0000-00-00 00:00:00","2021-01-25 19:01:08","N"
"1079","81","611","textcontent","2","A","2020-06-08 18:01:44","2021-01-25 19:01:08","Y"
"1080","81","612","textcontent","3","A","2020-06-08 18:02:16","2021-01-25 19:01:08","Y"
"1081","81","613","textcontent","4","A","2020-06-08 18:02:46","2021-01-25 19:01:08","Y"
"1082","81","614","textcontent","5","A","2020-06-08 18:03:20","2021-01-25 19:01:08","Y"
"1083","81","615","textcontent","6","A","2020-06-08 18:04:52","2021-01-25 19:01:08","Y"
"1084","81","616","textcontent","7","A","2020-06-08 18:05:27","2021-01-25 19:01:08","Y"
"1085","81","617","textcontent","8","A","2020-06-08 18:06:09","2021-01-25 19:01:08","Y"
"1086","81","618","textcontent","9","A","2020-06-08 18:06:53","2021-01-25 19:01:29","Y"
"1087","81","619","textcontent","10","A","2020-06-08 18:07:30","2021-01-25 19:01:08","Y"
"1088","81","620","textcontent","11","P","2020-06-08 18:09:04","2021-01-25 19:01:08","N"
"1089","81","54","syllabus","12","A","2020-06-08 18:09:27","2021-01-25 19:01:08","Y"
"1090","81","621","textcontent","13","A","2020-06-08 18:14:34","2021-01-25 19:01:49","Y"
"1091","81","60","course_plan","14","A","2020-06-08 18:16:47","2021-01-25 19:01:08","Y"
"1092","81","622","textcontent","15","A","2020-06-08 18:17:24","2021-01-25 19:01:06","Y"
"1093","82","83","banner","1","A","0000-00-00 00:00:00","2021-05-18 18:05:29","N"
"1094","82","623","textcontent","2","A","2020-06-09 13:39:52","2021-01-25 16:01:21","N"
"1095","82","624","textcontent","3","A","2020-06-09 13:40:21","2021-04-03 19:04:30","Y"
"1096","82","625","textcontent","4","A","2020-06-09 13:40:50","2021-04-03 19:04:03","Y"
"1097","82","626","textcontent","5","A","2020-06-09 13:41:18","2021-04-03 19:04:19","Y"
"1098","82","627","textcontent","6","A","2020-06-09 13:41:44","2021-04-03 19:04:37","Y"
"1099","82","628","textcontent","7","A","2020-06-09 13:42:14","2021-04-03 19:04:20","Y"
"1100","82","629","textcontent","8","A","2020-06-09 13:42:47","2021-04-03 20:04:55","Y"
"1101","82","630","textcontent","10","A","2020-06-09 13:43:25","2021-04-03 20:04:05","Y"
"1102","82","631","textcontent","12","A","2020-06-09 13:44:07","2021-04-03 20:04:00","Y"
"1103","82","632","textcontent","13","A","2020-06-09 13:44:27","2021-04-03 20:04:15","Y"
"1104","82","633","textcontent","14","A","2020-06-09 13:44:56","2021-04-03 20:04:30","Y"
"1105","82","55","syllabus","15","A","2020-06-09 13:45:13","2021-01-25 16:01:21","Y"
"1106","82","634","textcontent","17","A","2020-06-09 13:46:43","2021-04-03 20:04:13","Y"
"1107","82","61","course_plan","16","A","2020-06-09 13:48:21","2021-01-25 16:01:21","Y"
"1108","82","635","textcontent","16","D","2020-06-09 13:58:08",NULL,"Y"
"1109","83","84","banner","1","A","0000-00-00 00:00:00","2021-01-25 19:01:18","N"
"1110","83","636","textcontent","2","A","2020-06-09 16:31:34","2021-01-25 19:01:18","Y"
"1111","83","637","textcontent","3","A","2020-06-09 16:33:04","2021-01-25 19:01:25","Y"
"1112","83","638","textcontent","4","A","2020-06-09 16:33:36","2021-01-25 19:01:18","Y"
"1113","83","639","textcontent","5","A","2020-06-09 16:34:10","2021-01-25 19:01:18","Y"
"1114","83","640","textcontent","6","A","2020-06-09 16:34:51","2021-01-25 19:01:18","Y"
"1115","83","641","textcontent","7","A","2020-06-09 16:37:02","2021-01-25 19:01:22","Y"
"1116","83","642","textcontent","8","A","2020-06-09 19:05:00","2021-01-25 19:01:18","Y"
"1117","83","56","syllabus","10","A","2020-06-09 19:05:31","2021-01-25 19:01:18","Y"
"1118","83","643","textcontent","9","P","2020-06-09 19:08:38","2021-01-25 19:01:33","N"
"1119","83","644","textcontent","11","A","2020-06-09 19:11:31","2021-01-25 19:01:25","Y"
"1120","83","62","course_plan","12","A","2020-06-09 19:15:05","2021-01-25 19:01:18","Y"
"1121","83","63","course_plan","13","D","2020-06-09 19:16:51","2020-06-09 19:06:16","Y"
"1122","83","645","textcontent","13","A","2020-06-09 19:19:14","2021-01-25 19:01:18","Y"
"1123","84","85","banner","1","A","0000-00-00 00:00:00","2020-07-02 21:07:11","Y"
"1124","84","646","textcontent","2","A","2020-06-17 11:11:22","2021-01-25 17:01:03","Y"
"1125","84","647","textcontent","5","A","2020-06-17 11:11:51","2021-01-25 17:01:37","Y"
"1126","84","648","textcontent","6","A","2020-06-17 11:12:22","2021-01-25 17:01:56","Y"
"1127","84","649","textcontent","7","A","2020-06-17 11:12:48","2021-01-25 17:01:36","Y"
"1128","84","650","textcontent","10","A","2020-06-17 11:13:15","2021-01-25 18:01:12","Y"
"1129","84","651","textcontent","11","A","2020-06-17 11:13:45","2021-01-25 18:01:37","Y"
"1130","84","652","textcontent","12","A","2020-06-17 11:14:19","2020-07-02 21:07:11","Y"
"1131","84","653","textcontent","13","A","2020-06-17 11:15:51","2021-01-25 19:01:47","Y"
"1132","84","654","textcontent","14","A","2020-06-17 11:16:20","2021-01-25 19:01:14","Y"
"1133","84","655","textcontent","15","A","2020-06-17 11:17:09","2021-01-25 18:01:54","Y"
"1134","84","656","textcontent","17","P","2020-06-17 11:17:39","2021-01-25 18:01:07","Y"
"1135","84","57","syllabus","18","A","2020-06-17 11:17:58","2020-07-02 21:07:11","Y"
"1136","84","64","course_plan","19","A","2020-06-17 11:22:00","2020-07-02 21:07:11","Y"
"1137","84","657","textcontent","20","A","2020-06-17 11:22:28","2021-01-25 18:01:47","Y"
"1138","85","86","banner","1","A","0000-00-00 00:00:00","2020-06-17 11:06:12","Y"
"1139","85","658","textcontent","2","A","2020-06-17 11:33:25",NULL,"Y"
"1140","85","659","textcontent","3","A","2020-06-17 11:33:49",NULL,"Y"
"1141","85","660","textcontent","4","A","2020-06-17 11:34:10",NULL,"Y"
"1142","85","661","textcontent","5","A","2020-06-17 11:34:34",NULL,"Y"
"1143","85","662","textcontent","6","A","2020-06-17 11:35:15",NULL,"Y"
"1144","85","663","textcontent","7","A","2020-06-17 11:36:42",NULL,"Y"
"1145","85","664","textcontent","8","A","2020-06-17 11:37:15",NULL,"Y"
"1146","85","665","textcontent","9","A","2020-06-17 11:37:44",NULL,"Y"
"1147","85","666","textcontent","10","A","2020-06-17 11:38:15",NULL,"Y"
"1148","85","667","textcontent","11","A","2020-06-17 11:39:52",NULL,"Y"
"1149","85","668","textcontent","12","A","2020-06-17 11:40:24",NULL,"Y"
"1150","85","58","syllabus","13","A","2020-06-17 11:40:35",NULL,"Y"
"1151","85","65","course_plan","14","A","2020-06-17 11:42:43",NULL,"Y"
"1152","85","669","textcontent","15","A","2020-06-17 11:43:01",NULL,"Y"
"1153","86","87","banner","1","A","0000-00-00 00:00:00","2020-06-17 11:06:51","Y"
"1154","86","670","textcontent","2","A","2020-06-17 11:47:02",NULL,"Y"
"1155","86","671","textcontent","3","A","2020-06-17 11:47:42",NULL,"Y"
"1156","86","672","textcontent","4","A","2020-06-17 11:48:01",NULL,"Y"
"1157","86","673","textcontent","5","A","2020-06-17 11:48:23",NULL,"Y"
"1158","86","674","textcontent","6","A","2020-06-17 11:48:56",NULL,"Y"
"1159","86","675","textcontent","7","A","2020-06-17 11:49:37",NULL,"Y"
"1160","86","676","textcontent","8","A","2020-06-17 11:51:13",NULL,"Y"
"1161","86","677","textcontent","9","A","2020-06-17 11:51:45",NULL,"Y"
"1162","86","678","textcontent","10","A","2020-06-17 11:52:12",NULL,"Y"
"1163","86","679","textcontent","11","A","2020-06-17 11:52:51",NULL,"Y"
"1164","86","680","textcontent","12","A","2020-06-17 11:53:17",NULL,"Y"
"1165","86","59","syllabus","13","A","2020-06-17 11:53:35",NULL,"Y"
"1166","86","66","course_plan","14","A","2020-06-17 11:55:19",NULL,"Y"
"1167","86","681","textcontent","15","A","2020-06-17 11:55:44",NULL,"Y"
"1168","87","88","banner","1","A","0000-00-00 00:00:00","2020-06-17 12:06:07","Y"
"1169","87","682","textcontent","2","A","2020-06-17 12:25:01",NULL,"Y"
"1170","87","683","textcontent","3","A","2020-06-17 12:25:30",NULL,"Y"
"1171","87","684","textcontent","4","A","2020-06-17 12:26:04",NULL,"Y"
"1172","87","685","textcontent","5","A","2020-06-17 12:26:34",NULL,"Y"
"1173","87","686","textcontent","6","A","2020-06-17 12:26:53",NULL,"Y"
"1174","87","687","textcontent","7","A","2020-06-17 12:27:29",NULL,"Y"
"1175","87","688","textcontent","8","A","2020-06-17 12:28:12",NULL,"Y"
"1176","87","689","textcontent","9","A","2020-06-17 12:28:41",NULL,"Y"
"1177","87","690","textcontent","10","A","2020-06-17 12:29:08",NULL,"Y"
"1178","87","691","textcontent","11","A","2020-06-17 12:29:33",NULL,"Y"
"1179","87","692","textcontent","12","A","2020-06-17 12:30:05",NULL,"Y"
"1180","87","60","syllabus","13","A","2020-06-17 12:30:20",NULL,"Y"
"1181","87","67","course_plan","14","A","2020-06-17 12:31:51",NULL,"Y"
"1182","87","693","textcontent","15","A","2020-06-17 12:32:14",NULL,"Y"
"1183","88","89","banner","1","A","0000-00-00 00:00:00","2020-06-17 12:06:10","Y"
"1184","88","694","textcontent","2","A","2020-06-17 12:35:20",NULL,"Y"
"1185","88","695","textcontent","3","A","2020-06-17 12:36:23",NULL,"Y"
"1186","88","696","textcontent","4","A","2020-06-17 12:36:43",NULL,"Y"
"1187","88","697","textcontent","5","A","2020-06-17 12:37:09",NULL,"Y"
"1188","88","698","textcontent","6","A","2020-06-17 12:37:38",NULL,"Y"
"1189","88","699","textcontent","7","A","2020-06-17 12:38:22",NULL,"Y"
"1190","88","700","textcontent","8","A","2020-06-17 12:39:01",NULL,"Y"
"1191","88","701","textcontent","9","A","2020-06-17 12:39:31",NULL,"Y"
"1192","88","702","textcontent","10","A","2020-06-17 12:39:58",NULL,"Y"
"1193","88","703","textcontent","11","A","2020-06-17 12:40:23",NULL,"Y"
"1194","88","704","textcontent","12","A","2020-06-17 12:41:03",NULL,"Y"
"1195","88","61","syllabus","13","A","2020-06-17 12:41:32",NULL,"Y"
"1196","88","68","course_plan","14","A","2020-06-17 12:43:00",NULL,"Y"
"1197","88","705","textcontent","15","A","2020-06-17 12:43:40",NULL,"Y"
"1198","8","38","video_testimonials","3","A","2020-06-19 16:56:46","2021-01-22 18:01:20","Y"
"1199","82","706","textcontent","11","A","2020-06-24 20:49:24","2021-04-03 20:04:47","Y"
"1200","89","90","banner","1","A","0000-00-00 00:00:00","2024-11-01 12:11:25","N"
"1201","89","707","textcontent","5","A","2020-06-25 14:51:59","2024-04-15 17:04:03","Y"
"1202","89","708","textcontent","3","D","2020-06-25 14:52:44","2020-07-21 19:07:40","Y"
"1203","89","709","textcontent","4","D","2020-06-25 14:56:32","2020-07-21 19:07:45","Y"
"1204","89","710","textcontent","5","D","2020-06-25 15:00:45","2020-07-21 19:07:49","Y"
"1205","89","711","textcontent","6","D","2020-06-25 15:02:23","2020-07-21 19:07:53","Y"
"1206","89","712","textcontent","9","A","2020-06-25 15:02:49","2026-06-17 15:06:31","Y"
"1207","89","713","textcontent","8","D","2020-06-25 15:03:47","2020-07-21 19:07:42","Y"
"1208","89","33","faculty","26","P","2020-06-25 15:04:48","2024-04-15 17:04:03","N"
"1209","89","62","syllabus","29","A","2020-06-25 15:05:12","2024-04-15 17:04:03","Y"
"1210","89","69","course_plan","27","A","2020-06-25 16:19:04","2024-04-15 17:04:03","Y"
"1211","90","91","banner","1","A","0000-00-00 00:00:00","2022-07-21 17:07:07","N"
"1212","90","714","textcontent","2","A","2020-06-29 19:41:05","2022-07-21 17:07:07","Y"
"1213","90","715","textcontent","3","A","2020-06-29 19:42:18","2022-07-21 17:07:07","Y"
"1214","90","716","textcontent","4","A","2020-06-29 19:43:43","2022-07-21 17:07:07","Y"
"1215","90","717","textcontent","5","A","2020-06-29 19:47:13","2022-07-21 17:07:07","Y"
"1216","90","718","textcontent","6","A","2020-06-29 19:48:14","2022-07-21 17:07:07","Y"
"1217","90","70","course_plan","11","A","2020-06-29 19:53:22","2022-07-21 17:07:07","Y"
"1218","90","63","syllabus","12","A","2020-06-29 20:48:14","2022-07-21 17:07:07","Y"
"1219","90","719","textcontent","9","A","2020-06-29 21:02:32","2022-07-21 17:07:07","Y"
"1220","90","34","faculty","10","A","2020-06-29 21:04:43","2022-07-21 17:07:07","Y"
"1221","84","39","video_testimonials","4","A","2020-07-02 19:54:51","2020-07-02 21:07:11","Y"
"1222","84","40","video_testimonials","9","A","2020-07-02 19:55:19","2020-07-02 21:07:11","Y"
"1223","84","41","video_testimonials","16","A","2020-07-02 19:56:04","2020-07-02 21:07:11","Y"
"1224","84","720","textcontent","8","A","2020-07-02 19:58:58","2020-07-02 21:07:11","Y"
"1225","84","721","textcontent","3","A","2020-07-02 21:09:41","2020-07-02 21:07:11","Y"
"1226","91","722","textcontent","1","D","2020-07-08 08:29:13","2021-01-25 13:01:52","Y"
"1227","91","92","banner","1","A","0000-00-00 00:00:00","2022-07-26 11:07:52","N"
"1228","91","723","textcontent","2","A","2020-07-08 08:30:28","2022-07-26 11:07:52","Y"
"1229","91","724","textcontent","4","A","2020-07-08 08:38:22","2022-07-26 11:07:52","Y"
"1230","91","725","textcontent","5","A","2020-07-08 08:53:10","2022-07-26 11:07:52","Y"
"1231","91","726","textcontent","6","A","2020-07-08 08:56:41","2022-07-26 11:07:52","Y"
"1232","91","727","textcontent","7","A","2020-07-08 08:57:18","2022-07-26 11:07:52","Y"
"1233","91","728","textcontent","8","A","2020-07-08 09:05:35","2022-07-26 11:07:52","Y"
"1234","91","729","textcontent","9","D","2020-07-08 09:06:18","2021-08-26 13:08:53","Y"
"1235","91","64","syllabus","13","A","2020-07-08 09:07:03","2022-07-26 11:07:52","Y"
"1236","91","71","course_plan","15","A","2020-07-08 09:18:05","2022-07-26 11:07:52","Y"
"1237","91","730","textcontent","13","D","2020-07-08 09:35:14","2021-01-25 12:01:59","Y"
"1238","91","35","faculty","16","A","2020-07-08 09:38:28","2022-07-26 11:07:52","Y"
"1239","91","731","textcontent","14","A","2020-07-08 10:38:22","2022-07-26 11:07:52","Y"
"1240","92","93","banner","1","A","0000-00-00 00:00:00","2022-07-26 11:07:04","N"
"1241","92","732","textcontent","3","D","2020-07-10 15:36:33","2021-01-25 17:01:48","Y"
"1242","92","733","textcontent","4","A","2020-07-10 15:39:04","2022-07-26 11:07:04","Y"
"1243","2","42","video_testimonials","19","D","2020-07-10 15:45:34","2023-07-24 17:07:43","Y"
"1244","92","734","textcontent","6","A","2020-07-10 15:49:10","2022-07-26 11:07:04","Y"
"1245","92","735","textcontent","8","A","2020-07-10 16:00:21","2022-07-26 11:07:04","Y"
"1246","92","736","textcontent","7","A","2020-07-10 16:05:59","2022-07-26 11:07:04","Y"
"1247","79","737","textcontent","19","P","2020-07-10 19:24:37","2023-07-06 11:07:34","Y"
"1248","92","738","textcontent","9","A","2020-07-10 21:16:57","2022-07-26 11:07:04","Y"
"1249","92","739","textcontent","8","D","2020-07-10 21:18:54","2021-08-26 13:08:33","Y"
"1250","92","65","syllabus","11","A","2020-07-10 21:19:42","2022-07-26 11:07:04","Y"
"1251","92","740","textcontent","12","A","2020-07-10 21:30:04","2022-07-26 11:07:04","Y"
"1252","92","741","textcontent","13","P","2020-07-10 21:32:54","2022-07-26 11:07:04","Y"
"1253","92","72","course_plan","14","A","2020-07-10 21:34:18","2022-07-26 11:07:04","Y"
"1254","92","36","faculty","15","A","2020-07-11 09:11:19","2022-07-26 11:07:04","Y"
"1255","90","742","textcontent","8","A","2020-07-14 20:56:50","2022-07-21 17:07:07","Y"
"1256","63","43","video_testimonials","28","A","2020-07-15 14:23:37","2021-02-12 13:02:06","Y"
"1257","73","44","video_testimonials","8","A","2020-07-16 12:27:58","2021-02-12 12:02:25","Y"
"1258","73","45","video_testimonials","10","A","2020-07-16 12:32:27","2021-02-12 12:02:25","Y"
"1259","2","46","video_testimonials","22","D","2020-07-16 14:45:26","2023-07-24 17:07:39","Y"
"1260","2","47","video_testimonials","6","A","2020-07-16 14:56:30","2023-11-02 15:11:51","Y"
"1261","2","48","video_testimonials","31","D","2020-07-16 14:59:33","2023-07-24 17:07:06","Y"
"1262","3","49","video_testimonials","15","A","2020-07-17 13:28:23","2023-08-31 15:08:10","Y"
"1263","5","50","video_testimonials","6","A","2020-07-17 14:04:55","2023-10-09 19:10:19","Y"
"1264","4","51","video_testimonials","28","D","2020-07-17 17:34:46","2020-07-17 17:07:00","Y"
"1265","4","52","video_testimonials","6","A","2020-07-17 17:36:33","2023-10-31 21:10:31","Y"
"1266","93","94","banner","1","A","0000-00-00 00:00:00","2022-07-26 12:07:38","N"
"1267","93","743","textcontent","2","A","2020-07-18 10:39:33","2022-07-26 12:07:38","Y"
"1268","93","744","textcontent","3","D","2020-07-18 10:42:55","2021-01-26 09:01:49","Y"
"1269","93","745","textcontent","4","A","2020-07-18 10:50:40","2022-07-26 12:07:38","Y"
"1270","93","746","textcontent","5","A","2020-07-18 11:13:56","2022-07-26 12:07:38","Y"
"1271","93","747","textcontent","6","A","2020-07-18 15:39:01","2022-07-26 12:07:38","Y"
"1272","93","748","textcontent","7","A","2020-07-18 15:43:36","2022-07-26 12:07:38","Y"
"1273","93","749","textcontent","8","D","2020-07-18 15:53:36","2021-08-26 13:08:57","Y"
"1274","93","66","syllabus","12","A","2020-07-18 15:54:04","2022-07-26 12:07:38","Y"
"1275","93","750","textcontent","13","A","2020-07-18 16:02:30","2022-07-26 12:07:38","Y"
"1276","93","73","course_plan","14","A","2020-07-18 16:06:13","2022-07-26 12:07:38","Y"
"1277","93","37","faculty","15","A","2020-07-18 16:08:04","2022-07-26 12:07:38","Y"
"1278","20","53","video_testimonials","3","A","2020-07-18 19:09:45","2020-07-18 19:07:57","Y"
"1279","94","95","banner","1","A","0000-00-00 00:00:00","2022-07-26 12:07:19","N"
"1280","94","751","textcontent","3","D","2020-07-20 15:20:28","2021-01-26 09:01:09","Y"
"1281","94","752","textcontent","2","A","2020-07-20 15:22:36","2022-07-26 12:07:19","Y"
"1282","94","753","textcontent","3","A","2020-07-20 15:28:58","2022-07-26 12:07:19","Y"
"1283","94","754","textcontent","4","A","2020-07-20 15:34:57","2022-07-26 12:07:19","Y"
"1284","94","755","textcontent","5","A","2020-07-20 15:41:17","2022-07-26 12:07:19","Y"
"1285","94","756","textcontent","6","A","2020-07-20 15:45:14","2022-07-26 12:07:19","Y"
"1286","94","757","textcontent","7","A","2020-07-20 15:51:24","2022-07-26 12:07:19","Y"
"1287","94","758","textcontent","8","A","2020-07-20 15:55:09","2022-07-26 12:07:19","Y"
"1288","94","759","textcontent","9","D","2020-07-20 15:57:46","2021-08-26 13:08:15","Y"
"1289","94","67","syllabus","10","A","2020-07-20 15:58:09","2022-07-26 12:07:19","Y"
"1290","94","760","textcontent","11","A","2020-07-20 16:12:58","2022-07-26 12:07:19","Y"
"1291","94","74","course_plan","12","A","2020-07-20 16:14:53","2022-07-26 12:07:19","Y"
"1292","94","38","faculty","13","A","2020-07-20 16:16:19","2022-07-26 12:07:19","Y"
"1293","89","761","textcontent","11","D","2020-07-21 19:11:54","2023-08-22 13:08:21","Y"
"1294","89","762","textcontent","12","A","2020-07-21 19:14:44","2024-04-15 17:04:03","Y"
"1295","89","763","textcontent","12","D","2020-07-21 19:16:19","2023-08-22 13:08:03","Y"
"1296","89","764","textcontent","10","A","2020-07-21 19:18:45","2024-04-15 17:04:03","Y"
"1297","89","765","textcontent","13","A","2020-07-21 19:20:05","2024-04-15 17:04:03","Y"
"1298","89","766","textcontent","22","A","2020-07-21 19:23:37","2024-04-15 17:04:03","Y"
"1299","89","767","textcontent","19","D","2020-07-21 19:24:29","2023-08-22 13:08:42","Y"
"1300","89","768","textcontent","24","A","2020-07-21 19:26:28","2024-04-15 17:04:03","Y"
"1301","89","769","textcontent","14","A","2020-07-21 19:27:22","2024-04-15 17:04:03","Y"
"1302","95","770","textcontent","5","A","2020-07-22 12:36:08","2024-05-07 16:05:23","Y"
"1303","95","771","textcontent","11","A","2020-07-22 12:39:10","2024-05-07 16:05:23","Y"
"1304","95","96","banner","1","A","0000-00-00 00:00:00","2024-05-07 16:05:23","N"
"1305","95","772","textcontent","12","A","2020-07-22 12:43:40","2024-05-07 16:05:23","Y"
"1306","95","773","textcontent","7","D","2020-07-22 12:45:24","2021-03-22 20:03:10","N"
"1307","95","774","textcontent","14","A","2020-07-22 12:52:08","2024-05-07 16:05:23","Y"
"1308","95","775","textcontent","17","A","2020-07-22 12:53:14","2024-05-07 16:05:23","Y"
"1309","95","776","textcontent","9","A","2020-07-22 12:57:29","2024-05-07 16:05:23","Y"
"1310","95","777","textcontent","10","A","2020-07-22 12:59:51","2024-05-07 16:05:23","Y"
"1311","95","778","textcontent","7","D","2020-07-22 13:00:38","2023-09-23 16:09:21","Y"
"1312","95","779","textcontent","15","A","2020-07-22 13:01:48","2024-05-07 16:05:23","Y"
"1313","95","49","industry","16","A","2020-07-22 13:03:32","2024-05-07 16:05:23","Y"
"1314","95","780","textcontent","8","D","2020-07-22 13:04:55","2023-09-23 16:09:29","Y"
"1315","95","781","textcontent","22","A","2020-07-22 13:05:53","2024-05-07 16:05:23","Y"
"1316","95","782","textcontent","13","A","2020-07-22 13:08:04","2026-01-30 18:01:36","Y"
"1317","95","783","textcontent","24","A","2020-07-22 13:09:36","2024-05-07 16:05:23","Y"
"1318","95","784","textcontent","19","D","2020-07-22 13:10:46","2023-09-23 16:09:16","Y"
"1319","95","785","textcontent","26","A","2020-07-22 13:12:35","2024-05-07 16:05:23","Y"
"1320","95","786","textcontent","9","D","2020-07-22 13:13:40","2023-09-23 16:09:30","Y"
"1321","95","787","textcontent","10","D","2020-07-22 13:14:59","2023-09-23 16:09:36","Y"
"1322","95","788","textcontent","14","D","2020-07-22 13:16:30","2023-09-23 16:09:08","Y"
"1323","95","789","textcontent","11","D","2020-07-22 13:17:50","2023-09-23 16:09:45","Y"
"1324","95","790","textcontent","12","D","2020-07-22 13:18:54","2023-09-23 16:09:52","Y"
"1325","95","791","textcontent","13","D","2020-07-22 13:20:28","2023-09-23 16:09:01","Y"
"1326","95","51","academia_panel","17","D","2020-07-22 13:21:21","2023-09-23 16:09:56","Y"
"1327","95","39","faculty","27","A","2020-07-22 13:22:16","2025-03-25 19:03:03","Y"
"1328","95","75","course_plan","29","A","2020-07-22 13:22:34","2024-05-07 16:05:23","Y"
"1329","95","68","syllabus","28","A","2020-07-22 13:22:41","2024-05-07 16:05:23","Y"
"1330","95","54","video_testimonials","7","D","2020-07-22 15:09:45","2020-08-06 14:08:48","Y"
"1331","71","792","textcontent","2","A","2020-07-24 14:31:53","2021-04-04 19:04:47","Y"
"1332","71","793","textcontent","4","A","2020-07-24 14:33:37","2021-04-04 19:04:37","Y"
"1333","71","794","textcontent","5","A","2020-07-24 14:37:25","2021-04-04 19:04:18","Y"
"1334","71","795","textcontent","6","A","2020-07-24 14:40:23","2021-04-04 19:04:33","Y"
"1335","71","796","textcontent","7","A","2020-07-24 14:44:47","2021-04-04 19:04:32","Y"
"1336","71","797","textcontent","9","A","2020-07-24 14:46:19","2021-04-04 19:04:29","Y"
"1337","71","798","textcontent","10","A","2020-07-24 14:47:41","2021-04-04 19:04:07","Y"
"1338","71","799","textcontent","11","A","2020-07-24 14:54:10","2021-04-04 19:04:20","Y"
"1339","71","50","industry","12","A","2020-07-24 14:57:23","2020-08-06 15:08:54","Y"
"1340","71","800","textcontent","13","A","2020-07-24 14:58:26","2021-01-21 14:01:30","Y"
"1341","71","801","textcontent","14","A","2020-07-24 14:59:38","2021-01-21 14:01:27","Y"
"1342","71","802","textcontent","16","A","2020-07-24 15:03:55","2021-01-21 14:01:09","Y"
"1343","71","803","textcontent","17","A","2020-07-24 15:06:23","2021-01-21 14:01:07","Y"
"1344","71","804","textcontent","18","A","2020-07-24 15:07:54","2021-01-21 14:01:10","Y"
"1345","71","52","academia_panel","19","A","2020-07-24 15:09:08","2020-08-06 15:08:54","Y"
"1346","71","40","faculty","20","A","2020-07-24 15:09:56","2020-08-06 15:08:54","Y"
"1347","71","69","syllabus","22","A","2020-07-24 15:10:44","2020-08-06 15:08:54","Y"
"1348","71","805","textcontent","15","A","2020-07-24 15:56:12","2021-08-09 14:08:12","Y"
"1349","40","55","video_testimonials","3","A","2020-07-29 19:22:05","2020-07-29 19:07:34","Y"
"1350","69","806","textcontent","2","A","2020-07-30 13:01:09","2022-07-21 16:07:16","Y"
"1351","69","807","textcontent","3","A","2020-07-30 13:03:18","2022-07-21 16:07:16","Y"
"1352","69","808","textcontent","4","A","2020-07-30 13:04:08","2022-07-21 16:07:16","Y"
"1353","69","809","textcontent","5","A","2020-07-30 13:07:37","2022-07-21 16:07:16","Y"
"1354","69","810","textcontent","6","A","2020-07-30 13:12:32","2022-07-21 16:07:16","Y"
"1355","69","811","textcontent","8","A","2020-07-30 13:14:36","2022-07-21 16:07:16","Y"
"1356","69","812","textcontent","10","A","2020-07-30 13:16:11","2022-07-21 16:07:16","Y"
"1357","69","41","faculty","12","A","2020-07-30 13:21:24","2022-07-21 16:07:16","Y"
"1358","17","56","video_testimonials","22","A","2020-08-04 19:17:36","2025-03-25 21:03:29","Y"
"1359","95","57","video_testimonials","6","A","2020-08-05 19:59:31","2024-05-07 16:05:23","Y"
"1360","95","58","video_testimonials","7","D","2020-08-06 14:10:36","2023-09-23 16:09:05","Y"
"1361","71","59","video_testimonials","3","A","2020-08-06 15:39:08","2020-08-20 13:08:11","Y"
"1362","71","60","video_testimonials","8","A","2020-08-06 15:52:14","2020-08-20 13:08:39","Y"
"1363","96","97","banner","1","A","0000-00-00 00:00:00","2021-05-05 14:05:29","N"
"1364","96","813","textcontent","2","D","2020-08-07 12:06:34","2021-01-25 17:01:40","Y"
"1365","96","814","textcontent","3","A","2020-08-07 12:10:22","2021-01-25 17:01:02","N"
"1366","96","815","textcontent","4","A","2020-08-07 12:15:11","2021-04-03 19:04:18","Y"
"1367","96","816","textcontent","5","A","2020-08-07 12:25:18","2021-04-03 19:04:18","Y"
"1368","96","817","textcontent","6","A","2020-08-07 15:38:32","2021-04-03 19:04:32","Y"
"1369","96","818","textcontent","7","A","2020-08-07 15:45:30","2021-04-03 19:04:09","Y"
"1370","96","819","textcontent","8","A","2020-08-07 15:54:42","2021-04-03 19:04:02","Y"
"1371","96","820","textcontent","9","A","2020-08-07 16:00:46","2021-04-03 19:04:48","Y"
"1372","96","821","textcontent","10","A","2020-08-07 16:02:39","2021-04-03 19:04:17","Y"
"1373","96","822","textcontent","11","A","2020-08-07 16:05:05","2021-04-03 19:04:41","Y"
"1374","96","823","textcontent","13","A","2020-08-07 16:09:49","2021-04-03 19:04:19","Y"
"1375","96","824","textcontent","14","A","2020-08-07 16:19:51","2021-04-03 19:04:59","Y"
"1376","96","825","textcontent","15","A","2020-08-07 16:24:19","2021-04-03 19:04:42","Y"
"1377","96","76","course_plan","16","A","2020-08-07 16:26:58","2021-01-25 16:01:14","Y"
"1378","96","826","textcontent","17","A","2020-08-07 16:29:31","2021-04-03 19:04:12","Y"
"1379","96","42","faculty","18","A","2020-08-07 16:31:49","2021-01-25 16:01:14","Y"
"1380","6","61","video_testimonials","29","P","2020-08-09 09:50:11","2026-06-02 14:06:52","Y"
"1381","6","62","video_testimonials","32","D","2020-08-09 09:50:58","2023-07-26 15:07:11","Y"
"1382","9","63","video_testimonials","24","D","2020-08-09 10:14:19","2023-07-28 14:07:16","Y"
"1383","9","64","video_testimonials","27","A","2020-08-09 10:15:30","2023-09-21 14:09:27","Y"
"1384","16","65","video_testimonials","13","A","2020-08-09 10:28:31","2022-07-16 15:07:21","Y"
"1385","4","66","video_testimonials","17","A","2020-08-09 12:34:31","2023-10-31 21:10:31","Y"
"1386","4","67","video_testimonials","23","A","2020-08-09 12:36:07","2023-10-31 21:10:31","Y"
"1387","10","68","video_testimonials","20","A","2020-08-09 12:45:34","2022-07-18 15:07:11","Y"
"1388","11","69","video_testimonials","16","A","2020-08-09 13:01:13","2020-08-10 15:08:52","Y"
"1389","13","70","video_testimonials","15","A","2020-08-09 13:11:17","2022-07-18 16:07:20","Y"
"1390","72","71","video_testimonials","16","A","2020-08-09 14:31:25","2025-12-08 19:12:56","Y"
"1391","76","72","video_testimonials","18","A","2020-08-09 14:37:54","2022-07-18 16:07:12","Y"
"1392","16","827","textcontent","5","A","2020-08-12 14:15:05","2022-07-16 15:07:21","Y"
"1393","16","828","textcontent","6","A","2020-08-12 14:17:44","2022-07-16 15:07:21","Y"
"1394","16","829","textcontent","7","A","2020-08-12 14:22:45","2022-07-16 15:07:21","Y"
"1395","75","20","testimonials","8","A","2020-08-12 20:55:15","2020-09-23 12:09:28","Y"
"1396","74","73","video_testimonials","3","A","2020-08-15 14:10:01","2022-07-18 16:07:24","Y"
"1397","5","74","video_testimonials","32","D","2020-08-17 11:47:32","2023-07-17 15:07:57","Y"
"1398","97","830","textcontent","3","A","2020-08-18 20:30:21","2022-07-21 17:07:59","Y"
"1399","97","831","textcontent","4","A","2020-08-18 20:32:20","2022-07-21 17:07:59","Y"
"1400","97","832","textcontent","5","A","2020-08-18 20:33:58","2022-07-21 17:07:59","Y"
"1401","97","833","textcontent","6","A","2020-08-18 20:35:15","2022-07-21 17:07:59","Y"
"1402","97","834","textcontent","7","A","2020-08-18 20:39:14","2022-07-21 17:07:59","Y"
"1403","97","98","banner","6","D","0000-00-00 00:00:00","2020-08-18 20:08:43","Y"
"1404","97","835","textcontent","8","A","2020-08-18 20:39:55","2022-07-21 17:07:59","Y"
"1405","97","836","textcontent","10","A","2020-08-18 20:40:55","2022-07-21 17:07:59","Y"
"1406","97","837","textcontent","11","A","2020-08-18 20:41:49","2022-07-21 17:07:59","Y"
"1407","97","838","textcontent","12","A","2020-08-18 20:42:44","2022-07-21 17:07:59","Y"
"1408","97","839","textcontent","13","A","2020-08-18 20:43:43","2022-07-21 17:07:59","Y"
"1409","97","43","faculty","14","A","2020-08-18 20:44:47","2022-07-21 17:07:59","Y"
"1410","97","99","banner","1","A","0000-00-00 00:00:00","2022-07-21 17:07:59","N"
"1411","97","77","course_plan","15","A","2020-08-18 22:27:54","2022-07-21 17:07:59","Y"
"1412","12","75","video_testimonials","8","A","2020-08-24 11:50:40","2022-07-18 16:07:24","Y"
"1413","8","76","video_testimonials","12","A","2020-08-25 20:29:12","2021-01-22 18:01:20","Y"
"1414","70","77","video_testimonials","4","A","2020-08-29 11:40:44","2022-07-21 16:07:28","Y"
"1415","78","78","video_testimonials","16","A","2020-08-30 18:44:12","2026-01-25 17:01:22","Y"
"1416","98","100","banner","1","A","0000-00-00 00:00:00","2020-09-02 17:09:46","Y"
"1417","98","840","textcontent","2","A","2020-09-01 13:31:16","2021-03-27 15:03:30","Y"
"1418","98","841","textcontent","3","A","2020-09-01 13:42:16","2021-03-27 15:03:02","Y"
"1419","98","842","textcontent","4","P","2020-09-01 13:46:44","2020-09-01 15:09:11","Y"
"1420","98","843","textcontent","5","A","2020-09-01 13:48:24","2021-03-27 15:03:28","Y"
"1421","98","51","industry","6","P","2020-09-01 13:50:56",NULL,"Y"
"1422","98","844","textcontent","7","A","2020-09-01 13:53:34","2021-03-27 15:03:14","Y"
"1423","98","845","textcontent","8","A","2020-09-01 13:55:05","2021-03-27 15:03:22","Y"
"1424","98","846","textcontent","9","A","2020-09-01 14:00:40","2021-03-27 15:03:52","Y"
"1425","98","847","textcontent","10","A","2020-09-01 14:07:39","2021-03-27 15:03:24","Y"
"1426","98","848","textcontent","11","A","2020-09-01 14:10:41","2021-03-27 15:03:56","Y"
"1427","98","849","textcontent","12","A","2020-09-01 14:12:49","2021-03-27 15:03:44","Y"
"1428","98","850","textcontent","13","A","2020-09-01 14:14:04","2021-07-26 15:07:03","Y"
"1429","98","53","academia_panel","14","A","2020-09-01 14:15:28",NULL,"Y"
"1430","98","44","faculty","15","A","2020-09-01 14:16:31","2020-10-15 17:10:13","Y"
"1431","98","70","syllabus","16","A","2020-09-01 14:27:48",NULL,"Y"
"1432","98","78","course_plan","17","A","2020-09-01 14:40:22","2020-09-02 12:09:46","Y"
"1433","99","851","textcontent","7","D","2020-09-01 15:46:24","2025-03-22 06:03:31","Y"
"1434","99","79","course_plan","17","A","2020-09-01 15:46:41","2025-03-22 05:03:53","Y"
"1435","65","852","textcontent","20","A","2020-09-02 10:12:16","2022-03-30 13:03:22","N"
"1436","89","853","textcontent","6","D","2020-09-07 14:56:06","2020-09-07 14:09:49","Y"
"1437","99","854","textcontent","11","D","2020-09-07 15:03:52","2025-03-22 06:03:12","Y"
"1438","89","855","textcontent","18","A","2020-09-07 15:34:50","2024-04-15 17:04:03","Y"
"1439","89","856","textcontent","20","A","2020-09-07 15:40:01","2024-04-15 17:04:03","Y"
"1440","100","101","banner","1","A","0000-00-00 00:00:00","2022-07-20 17:07:36","N"
"1441","100","857","textcontent","3","A","2020-09-08 13:02:09","2022-07-20 17:07:36","Y"
"1442","100","858","textcontent","4","A","2020-09-08 13:04:30","2022-07-20 17:07:36","Y"
"1443","100","859","textcontent","5","A","2020-09-08 13:06:42","2022-07-20 17:07:36","Y"
"1444","100","860","textcontent","6","A","2020-09-08 13:08:34","2022-07-20 17:07:36","Y"
"1445","100","861","textcontent","7","A","2020-09-08 13:13:28","2022-07-20 17:07:36","Y"
"1446","100","862","textcontent","8","A","2020-09-08 13:14:04","2022-07-20 17:07:36","Y"
"1447","100","863","textcontent","11","A","2020-09-08 13:15:34","2022-07-20 17:07:36","Y"
"1448","100","864","textcontent","12","A","2020-09-08 13:30:25","2022-07-20 17:07:36","Y"
"1449","100","865","textcontent","10","A","2020-09-08 14:36:23","2022-07-20 17:07:36","Y"
"1450","100","45","faculty","13","A","2020-09-08 14:39:53","2022-07-20 17:07:36","Y"
"1451","100","80","course_plan","14","A","2020-09-08 14:40:15","2022-07-20 17:07:36","Y"
"1452","101","102","banner","1","A","0000-00-00 00:00:00","2022-07-18 16:07:12","N"
"1453","101","866","textcontent","2","A","2020-09-11 13:15:05","2024-08-22 19:08:50","Y"
"1454","101","867","textcontent","3","A","2020-09-11 13:17:38","2024-08-22 19:08:57","Y"
"1455","101","868","textcontent","4","A","2020-09-11 13:18:53","2024-08-22 19:08:44","Y"
"1456","101","52","industry","5","A","2020-09-11 13:22:11","2024-08-22 19:08:27","Y"
"1457","101","869","textcontent","6","A","2020-09-11 13:23:12","2024-08-22 19:08:57","Y"
"1458","101","870","textcontent","7","A","2020-09-11 13:24:47","2022-07-18 16:07:12","Y"
"1459","101","871","textcontent","8","A","2020-09-11 13:25:18","2024-08-22 19:08:48","Y"
"1460","101","872","textcontent","10","A","2020-09-11 13:28:35","2024-08-22 19:08:27","Y"
"1461","101","46","faculty","12","A","2020-09-11 13:29:08","2024-08-22 19:08:40","Y"
"1462","101","54","academia_panel","13","A","2020-09-11 13:30:18","2024-08-22 19:08:55","Y"
"1463","101","873","textcontent","11","A","2020-09-11 13:34:53","2024-08-22 19:08:46","Y"
"1464","101","71","syllabus","14","A","2020-09-11 13:35:35","2022-07-18 16:07:12","Y"
"1465","101","81","course_plan","15","A","2020-09-11 14:05:15","2022-07-18 16:07:12","Y"
"1466","99","103","banner","1","A","0000-00-00 00:00:00","2026-01-05 18:01:05","N"
"1467","73","874","textcontent","11","A","2020-09-14 19:43:10","2022-09-20 15:09:17","Y"
"1468","102","104","banner","1","A","0000-00-00 00:00:00","2024-11-01 12:11:25","N"
"1469","102","875","textcontent","4","A","2020-09-15 13:37:58","2024-04-07 11:04:02","Y"
"1470","102","876","textcontent","6","D","2020-09-15 13:45:03","2024-04-07 11:04:31","Y"
"1471","102","877","textcontent","5","D","2020-09-15 13:48:37","2020-11-30 13:11:48","Y"
"1472","102","878","textcontent","5","A","2020-09-15 13:55:35","2024-04-07 11:04:02","Y"
"1473","102","879","textcontent","6","D","2020-09-15 13:58:45","2020-11-30 13:11:24","Y"
"1474","102","880","textcontent","8","A","2020-09-15 13:59:57","2024-04-07 11:04:02","Y"
"1475","102","881","textcontent","9","A","2020-09-15 14:00:56","2024-04-07 11:04:02","Y"
"1476","102","882","textcontent","10","A","2020-09-15 14:05:47","2024-04-07 11:04:02","Y"
"1477","102","47","faculty","14","D","2020-09-15 14:09:07","2024-04-07 11:04:41","N"
"1478","102","72","syllabus","19","D","2020-09-15 14:13:45","2024-04-05 16:04:43","N"
"1479","102","82","course_plan","12","A","2020-09-15 16:38:44","2024-04-07 11:04:02","Y"
"1480","91","79","video_testimonials","3","A","2020-09-17 17:18:36","2022-07-26 11:07:52","Y"
"1481","103","105","banner","1","A","0000-00-00 00:00:00","2022-07-26 12:07:06","N"
"1482","103","883","textcontent","3","D","2020-09-18 12:43:18","2021-01-26 09:01:18","Y"
"1483","103","884","textcontent","2","A","2020-09-18 12:52:27","2022-07-26 12:07:06","Y"
"1484","103","885","textcontent","4","D","2020-09-18 12:58:26","2020-10-22 12:10:43","Y"
"1485","103","886","textcontent","4","A","2020-09-18 13:03:32","2022-07-26 12:07:06","Y"
"1486","103","887","textcontent","5","A","2020-09-18 13:12:11","2022-07-26 12:07:06","Y"
"1487","103","888","textcontent","6","A","2020-09-18 13:30:03","2022-07-26 12:07:06","Y"
"1488","103","889","textcontent","7","D","2020-09-18 13:32:20","2021-08-26 13:08:56","Y"
"1489","103","73","syllabus","8","A","2020-09-18 13:35:02","2022-07-26 12:07:06","Y"
"1490","103","890","textcontent","9","A","2020-09-18 13:46:35","2022-07-26 12:07:06","Y"
"1491","103","48","faculty","11","D","2020-09-18 13:48:12","2020-09-18 13:09:18","Y"
"1492","103","891","textcontent","12","D","2020-09-18 13:51:08","2021-01-25 15:01:07","Y"
"1493","103","83","course_plan","10","A","2020-09-18 13:56:00","2022-07-26 12:07:06","Y"
"1494","65","892","textcontent","7","D","2020-09-18 18:28:08","2021-02-10 22:02:26","Y"
"1495","89","893","textcontent","16","P","2020-09-23 10:30:24","2024-04-15 17:04:03","Y"
"1496","75","80","video_testimonials","3","A","2020-09-23 12:42:56","2020-09-23 12:09:28","Y"
"1497","104","106","banner","1","A","0000-00-00 00:00:00","2022-07-20 18:07:24","N"
"1498","104","894","textcontent","4","A","2020-09-25 13:36:58","2022-07-20 18:07:24","Y"
"1499","104","895","textcontent","5","A","2020-09-25 13:40:14","2022-07-20 18:07:24","N"
"1500","104","896","textcontent","7","A","2020-09-25 13:42:14","2022-07-20 18:07:24","Y"
"1501","104","897","textcontent","6","A","2020-09-25 13:43:42","2022-07-20 18:07:24","Y"
"1502","104","898","textcontent","8","D","2020-09-25 13:49:04","2020-11-02 13:11:04","Y"
"1503","104","899","textcontent","8","A","2020-09-25 13:50:05","2022-07-20 18:07:24","Y"
"1504","104","900","textcontent","9","A","2020-09-25 13:50:48","2022-07-20 18:07:24","Y"
"1505","104","53","industry","10","A","2020-09-25 13:53:03","2022-07-20 18:07:24","Y"
"1506","104","901","textcontent","11","A","2020-09-25 13:54:20","2022-07-20 18:07:24","Y"
"1507","104","902","textcontent","13","A","2020-09-25 14:05:02","2023-10-17 23:10:52","Y"
"1508","104","903","textcontent","15","A","2020-09-25 14:05:56","2022-07-20 18:07:24","Y"
"1509","104","904","textcontent","16","A","2020-09-25 14:06:48","2022-07-20 18:07:24","Y"
"1510","104","905","textcontent","17","A","2020-09-25 14:07:46","2022-07-20 18:07:24","Y"
"1511","104","906","textcontent","18","A","2020-09-25 14:08:40","2022-07-20 18:07:24","Y"
"1512","104","55","academia_panel","19","A","2020-09-25 14:09:48","2022-07-20 18:07:24","Y"
"1513","104","49","faculty","20","A","2020-09-25 14:10:45","2022-07-20 18:07:24","Y"
"1514","104","84","course_plan","21","A","2020-09-25 14:18:06","2022-07-20 18:07:24","Y"
"1515","104","74","syllabus","22","A","2020-09-25 14:18:16","2022-07-20 18:07:24","Y"
"1516","104","907","textcontent","2","A","2020-09-25 18:25:08","2022-07-20 18:07:24","Y"
"1517","104","908","textcontent","20","D","2020-09-26 22:17:36","2020-11-02 13:11:10","Y"
"1518","104","909","textcontent","3","A","2020-09-28 12:32:07","2022-07-20 18:07:24","Y"
"1519","105","107","banner","1","A","0000-00-00 00:00:00","2022-07-18 16:07:54","N"
"1520","105","910","textcontent","4","A","2020-10-03 12:49:20","2022-07-18 16:07:54","Y"
"1521","105","911","textcontent","5","A","2020-10-03 12:52:16","2022-07-18 16:07:54","Y"
"1522","105","912","textcontent","6","A","2020-10-03 12:53:36","2025-06-10 18:06:31","Y"
"1523","105","913","textcontent","7","A","2020-10-03 12:54:52","2022-07-18 16:07:54","Y"
"1524","105","914","textcontent","8","A","2020-10-03 12:56:13","2022-07-18 16:07:54","Y"
"1525","105","915","textcontent","9","A","2020-10-03 12:56:57","2022-07-18 16:07:54","Y"
"1526","105","916","textcontent","10","A","2020-10-03 12:58:31","2022-07-18 16:07:54","Y"
"1527","105","917","textcontent","11","A","2020-10-03 13:00:11","2022-07-18 16:07:54","Y"
"1528","105","54","industry","12","A","2020-10-03 13:01:58","2022-07-18 16:07:54","Y"
"1529","105","918","textcontent","13","A","2020-10-03 13:02:58","2022-07-18 16:07:54","Y"
"1530","105","919","textcontent","14","A","2020-10-03 13:04:47","2022-07-18 16:07:54","Y"
"1531","105","920","textcontent","15","A","2020-10-03 13:06:07","2022-07-18 16:07:54","Y"
"1532","105","921","textcontent","16","A","2020-10-03 13:18:41","2026-06-16 16:06:37","Y"
"1533","105","922","textcontent","18","A","2020-10-03 13:19:50","2022-07-18 16:07:54","Y"
"1534","105","56","academia_panel","19","A","2020-10-03 13:21:48","2022-07-18 16:07:54","Y"
"1535","105","923","textcontent","21","A","2020-10-03 13:23:02","2023-10-17 23:10:59","Y"
"1536","105","924","textcontent","22","A","2020-10-03 13:23:55","2022-07-18 16:07:54","Y"
"1537","105","925","textcontent","23","A","2020-10-03 13:26:11","2022-07-18 16:07:54","Y"
"1538","105","75","syllabus","25","A","2020-10-03 13:26:56","2022-07-18 16:07:54","Y"
"1539","105","85","course_plan","24","A","2020-10-03 13:49:45","2022-07-18 16:07:54","Y"
"1540","106","108","banner","1","A","0000-00-00 00:00:00","2022-07-20 17:07:22","N"
"1541","106","926","textcontent","3","A","2020-10-09 13:02:42","2022-07-20 17:07:22","Y"
"1542","106","927","textcontent","4","A","2020-10-09 13:04:17","2022-07-20 17:07:22","Y"
"1543","106","928","textcontent","5","A","2020-10-09 13:06:05","2022-07-20 17:07:22","Y"
"1544","106","929","textcontent","6","A","2020-10-09 13:07:33","2022-07-20 17:07:22","Y"
"1545","106","930","textcontent","7","A","2020-10-09 13:11:12","2022-07-20 17:07:22","Y"
"1546","106","931","textcontent","8","A","2020-10-09 13:12:06","2022-07-20 17:07:22","Y"
"1547","106","932","textcontent","10","A","2020-10-09 13:13:14","2022-07-20 17:07:22","Y"
"1548","106","933","textcontent","11","A","2020-10-09 13:21:47","2022-07-20 17:07:22","Y"
"1549","106","934","textcontent","12","A","2020-10-09 13:22:44","2022-07-20 17:07:22","Y"
"1550","106","50","faculty","13","A","2020-10-09 13:23:31","2022-07-20 17:07:22","Y"
"1551","106","86","course_plan","14","A","2020-10-09 13:23:49","2022-07-20 17:07:22","Y"
"1552","106","935","textcontent","2","A","2020-10-09 13:50:14","2022-07-20 17:07:22","Y"
"1553","100","936","textcontent","2","A","2020-10-09 21:18:01","2022-07-20 17:07:36","Y"
"1554","105","51","faculty","20","A","2020-10-14 18:23:13","2025-02-08 17:02:00","Y"
"1555","92","81","video_testimonials","5","A","2020-10-16 12:56:39","2022-07-26 11:07:04","Y"
"1556","107","109","banner","1","A","0000-00-00 00:00:00","2021-01-21 18:01:59","N"
"1557","107","937","textcontent","3","A","2020-10-17 12:42:48","2021-01-21 18:01:59","Y"
"1558","107","938","textcontent","4","A","2020-10-17 12:44:36","2021-01-21 18:01:59","Y"
"1559","107","939","textcontent","5","A","2020-10-17 12:50:59","2021-01-21 18:01:59","Y"
"1560","107","940","textcontent","6","A","2020-10-17 12:53:37","2021-01-21 18:01:59","Y"
"1561","107","941","textcontent","7","A","2020-10-17 12:54:25","2021-01-21 18:01:59","Y"
"1562","107","942","textcontent","8","A","2020-10-17 12:55:35","2021-01-21 18:01:59","Y"
"1563","107","943","textcontent","9","A","2020-10-17 12:56:52","2021-01-21 18:01:59","Y"
"1564","107","944","textcontent","10","A","2020-10-17 12:58:09","2021-01-21 18:01:59","Y"
"1565","107","945","textcontent","18","D","2020-10-17 12:59:05","2020-10-27 16:10:10","Y"
"1566","107","946","textcontent","19","D","2020-10-17 13:00:05","2020-10-27 16:10:59","Y"
"1567","107","947","textcontent","13","A","2020-10-17 13:01:03","2021-01-21 18:01:59","Y"
"1568","107","948","textcontent","14","A","2020-10-17 13:01:59","2021-01-21 18:01:59","Y"
"1569","107","949","textcontent","16","A","2020-10-17 13:05:53","2021-01-21 18:01:59","Y"
"1570","107","950","textcontent","17","A","2020-10-17 13:14:37","2021-01-21 18:01:59","Y"
"1571","107","951","textcontent","18","A","2020-10-17 13:18:32","2021-01-21 18:01:59","Y"
"1572","107","952","textcontent","20","D","2020-10-17 13:20:19","2020-10-27 16:10:29","Y"
"1573","107","953","textcontent","21","D","2020-10-17 13:25:34","2020-10-27 16:10:18","Y"
"1574","107","87","course_plan","19","A","2020-10-17 13:29:00","2021-01-21 18:01:59","Y"
"1575","103","954","textcontent","4","D","2020-10-22 12:27:19","2020-10-22 13:10:22","Y"
"1576","103","955","textcontent","3","A","2020-10-22 18:21:25","2022-07-26 12:07:06","Y"
"1577","93","82","video_testimonials","3","A","2020-10-22 18:40:52","2022-07-26 12:07:38","Y"
"1578","107","956","textcontent","2","A","2020-10-22 20:41:41","2021-01-21 18:01:59","Y"
"1579","42","83","video_testimonials","2","A","2020-10-24 13:34:21","2020-10-24 13:10:58","Y"
"1580","108","110","banner","1","A","0000-00-00 00:00:00","2021-12-16 15:12:15","N"
"1581","108","957","textcontent","2","A","2020-10-26 16:46:35","2021-04-03 17:04:49","Y"
"1582","108","958","textcontent","3","A","2020-10-26 16:52:53","2021-09-16 18:09:11","Y"
"1583","108","959","textcontent","4","A","2020-10-26 16:54:06","2021-04-03 17:04:18","Y"
"1584","108","960","textcontent","5","A","2020-10-26 16:55:03","2021-04-03 17:04:42","Y"
"1585","108","961","textcontent","6","A","2020-10-26 17:19:20","2023-11-07 12:11:08","Y"
"1586","108","962","textcontent","11","A","2020-10-26 17:20:00","2021-04-03 17:04:26","Y"
"1587","108","963","textcontent","11","D","2020-10-26 17:21:54","2020-10-26 18:10:01","Y"
"1588","108","52","faculty","8","A","2020-10-26 17:25:14","2021-01-21 20:01:53","Y"
"1589","108","964","textcontent","9","A","2020-10-26 17:27:06","2021-04-03 17:04:42","Y"
"1590","108","965","textcontent","10","A","2020-10-26 17:30:09","2021-06-02 16:06:03","Y"
"1591","108","88","course_plan","12","A","2020-10-26 17:30:59","2021-01-21 20:01:53","Y"
"1592","108","966","textcontent","7","A","2020-10-26 19:07:18","2021-04-03 17:04:16","Y"
"1593","107","967","textcontent","11","A","2020-10-27 16:22:37","2021-01-21 18:01:59","Y"
"1594","107","968","textcontent","12","A","2020-10-27 16:24:51","2021-01-21 18:01:59","Y"
"1595","107","969","textcontent","15","A","2020-10-27 16:44:54","2021-01-25 15:01:53","Y"
"1596","73","970","textcontent","17","A","2020-10-28 12:40:20","2021-02-12 12:02:25","N"
"1597","97","971","textcontent","16","A","2020-10-28 12:44:42","2022-07-21 17:07:59","Y"
"1598","100","972","textcontent","15","A","2020-10-28 12:47:05","2022-07-20 17:07:36","Y"
"1599","106","973","textcontent","15","A","2020-10-28 19:31:22","2022-07-20 17:07:22","Y"
"1600","89","974","textcontent","28","A","2020-10-28 21:36:22","2024-04-15 17:04:03","Y"
"1601","109","111","banner","1","P","0000-00-00 00:00:00","2020-10-29 10:10:45","Y"
"1602","109","975","textcontent","2","P","2020-10-29 10:16:45",NULL,"Y"
"1603","109","55","industry","3","P","2020-10-29 10:16:45",NULL,"Y"
"1604","109","976","textcontent","4","P","2020-10-29 10:16:45",NULL,"Y"
"1605","109","21","testimonials","5","P","2020-10-29 10:16:45",NULL,"Y"
"1606","109","57","academia_panel","6","P","2020-10-29 10:16:45",NULL,"Y"
"1607","109","53","faculty","7","P","2020-10-29 10:16:45",NULL,"Y"
"1608","109","89","course_plan","8","P","2020-10-29 10:16:45",NULL,"Y"
"1609","109","15","legal_expert","9","A","2020-10-29 10:16:45",NULL,"Y"
"1610","109","76","syllabus","10","P","2020-10-29 10:16:45",NULL,"Y"
"1611","109","33","faq","11","P","2020-10-29 10:16:45",NULL,"Y"
"1612","102","977","textcontent","13","A","2020-10-30 12:00:14","2024-04-07 11:04:02","Y"
"1613","69","978","textcontent","11","A","2020-11-03 14:46:59","2022-07-21 16:07:16","Y"
"1614","111","112","banner","1","A","0000-00-00 00:00:00","2021-01-21 18:01:22","N"
"1615","111","979","textcontent","2","A","2020-11-03 17:06:15","2021-06-04 17:06:31","Y"
"1616","111","980","textcontent","3","A","2020-11-03 17:08:59","2021-01-21 18:01:22","Y"
"1617","111","981","textcontent","4","A","2020-11-03 17:10:49","2021-01-21 18:01:22","Y"
"1618","111","982","textcontent","5","A","2020-11-03 17:12:57","2021-01-21 18:01:22","Y"
"1619","111","983","textcontent","6","A","2020-11-03 17:15:43","2021-01-21 18:01:22","Y"
"1620","111","984","textcontent","7","A","2020-11-03 17:20:56","2021-01-21 18:01:22","Y"
"1621","111","985","textcontent","8","A","2020-11-03 17:21:56","2021-01-23 13:01:59","Y"
"1622","111","986","textcontent","9","A","2020-11-03 17:22:59","2021-01-21 18:01:22","Y"
"1623","111","987","textcontent","10","A","2020-11-03 17:31:33","2021-01-21 18:01:22","Y"
"1624","111","988","textcontent","11","A","2020-11-03 17:33:09","2021-01-25 15:01:25","Y"
"1625","111","54","faculty","12","A","2020-11-03 17:33:46","2021-01-21 18:01:22","Y"
"1626","111","989","textcontent","13","D","2020-11-03 18:26:36","2020-11-03 18:11:16","Y"
"1627","111","90","course_plan","13","A","2020-11-03 18:47:30","2021-01-21 18:01:22","Y"
"1628","111","990","textcontent","14","A","2020-11-04 12:06:24","2021-01-21 18:01:22","Y"
"1629","112","113","banner","1","A","0000-00-00 00:00:00","2020-12-09 17:12:51","Y"
"1630","112","991","textcontent","2","A","2020-11-04 15:39:30","2020-12-09 17:12:51","Y"
"1631","112","992","textcontent","3","A","2020-11-04 15:42:01","2021-01-21 18:01:30","Y"
"1632","112","993","textcontent","4","A","2020-11-04 15:42:51","2021-01-21 18:01:14","Y"
"1633","112","994","textcontent","5","A","2020-11-04 15:43:39","2021-01-21 18:01:58","Y"
"1634","112","995","textcontent","6","A","2020-11-04 15:44:21","2021-01-21 18:01:29","Y"
"1635","112","996","textcontent","7","A","2020-11-04 15:45:34","2021-01-21 18:01:59","Y"
"1636","112","997","textcontent","8","A","2020-11-04 15:54:25","2021-01-21 18:01:48","Y"
"1637","112","998","textcontent","11","A","2020-11-04 15:58:42","2021-01-21 18:01:10","Y"
"1638","112","999","textcontent","13","A","2020-11-04 15:59:45","2021-01-21 18:01:46","Y"
"1639","112","1000","textcontent","14","A","2020-11-04 16:00:29","2021-01-21 18:01:47","Y"
"1640","112","91","course_plan","15","A","2020-11-04 16:25:44","2020-12-09 17:12:51","Y"
"1641","112","1001","textcontent","9","A","2020-11-04 16:28:55","2021-01-21 18:01:16","Y"
"1642","112","1002","textcontent","10","A","2020-11-04 16:29:37","2020-12-09 17:12:51","Y"
"1643","113","114","banner","2","A","0000-00-00 00:00:00","2021-05-05 13:05:44","Y"
"1644","113","1003","textcontent","1","A","2020-11-05 11:39:45","2021-04-03 20:04:30","Y"
"1645","113","1004","textcontent","3","A","2020-11-05 11:39:45","2021-04-03 20:04:54","Y"
"1646","113","1005","textcontent","4","A","2020-11-05 11:39:45","2021-04-03 20:04:21","Y"
"1647","113","1006","textcontent","5","A","2020-11-05 11:39:45","2021-04-03 20:04:09","Y"
"1648","113","1007","textcontent","6","A","2020-11-05 11:39:45","2021-04-03 20:04:17","Y"
"1649","113","1008","textcontent","7","A","2020-11-05 11:39:45","2021-04-03 20:04:32","Y"
"1650","113","1009","textcontent","8","A","2020-11-05 11:39:45","2021-04-03 20:04:23","Y"
"1651","113","1010","textcontent","9","D","2020-11-05 11:39:45","2020-11-05 18:11:20","Y"
"1652","113","1011","textcontent","10","D","2020-11-05 11:39:45","2020-11-05 18:11:10","Y"
"1653","113","1012","textcontent","11","D","2020-11-05 11:39:45","2020-11-05 18:11:58","Y"
"1654","113","1013","textcontent","12","D","2020-11-05 11:39:45","2020-11-05 17:11:01","Y"
"1655","113","1014","textcontent","13","D","2020-11-05 11:39:45","2020-11-05 17:11:50","Y"
"1656","113","1015","textcontent","14","D","2020-11-05 11:39:45","2020-11-05 17:11:38","Y"
"1657","113","92","course_plan","15","D","2020-11-05 11:39:45","2020-11-05 17:11:27","Y"
"1658","113","1016","textcontent","16","D","2020-11-05 11:39:45","2020-11-05 17:11:12","Y"
"1659","113","55","faculty","14","A","2020-11-05 11:39:45","2020-11-23 16:11:39","Y"
"1660","113","93","course_plan","13","A","2020-11-05 18:25:14","2020-11-23 16:11:39","Y"
"1661","113","1017","textcontent","9","A","2020-11-05 18:41:04","2021-04-03 20:04:37","Y"
"1662","113","1018","textcontent","10","A","2020-11-05 18:46:56","2021-04-03 20:04:58","Y"
"1663","113","1019","textcontent","11","A","2020-11-05 21:14:07","2021-04-03 20:04:19","Y"
"1664","104","1020","textcontent","12","A","2020-11-18 19:11:43","2022-07-20 18:07:24","Y"
"1665","113","1021","textcontent","12","A","2020-11-23 16:27:29","2021-04-03 20:04:37","Y"
"1666","96","1022","textcontent","12","A","2020-11-23 16:28:57","2021-04-03 19:04:04","Y"
"1667","82","1023","textcontent","9","A","2020-11-23 16:29:43","2021-04-03 20:04:30","Y"
"1668","116","115","banner","1","A","0000-00-00 00:00:00","2021-01-21 18:01:52","N"
"1669","116","1024","textcontent","2","A","2020-11-27 12:59:49","2021-06-04 17:06:30","Y"
"1670","116","1025","textcontent","3","A","2020-11-27 13:00:15","2021-01-21 18:01:52","Y"
"1671","116","1026","textcontent","4","A","2020-11-27 13:03:52","2021-04-20 17:04:48","Y"
"1672","116","1027","textcontent","5","A","2020-11-27 13:05:31","2021-01-21 18:01:52","Y"
"1673","116","1028","textcontent","6","A","2020-11-27 13:06:32","2021-01-21 18:01:52","Y"
"1674","116","1029","textcontent","7","A","2020-11-27 13:11:18","2021-01-21 18:01:52","Y"
"1675","116","1030","textcontent","8","A","2020-11-27 13:14:00","2021-06-04 17:06:20","Y"
"1676","116","1031","textcontent","9","A","2020-11-27 13:15:33","2021-01-21 18:01:52","Y"
"1677","116","1032","textcontent","10","A","2020-11-27 13:19:19","2021-04-20 18:04:16","Y"
"1678","116","1033","textcontent","11","A","2020-11-27 14:07:19","2021-04-20 18:04:54","Y"
"1679","116","56","faculty","12","A","2020-11-27 14:08:40","2021-04-20 18:04:38","Y"
"1680","116","94","course_plan","13","A","2020-11-27 14:08:52","2021-01-21 18:01:52","Y"
"1681","99","43","forms","8","A","2020-11-27 20:08:02","2025-03-22 05:03:53","Y"
"1682","99","16","legal_expert","12","A","2020-11-27 20:08:43","2025-03-22 05:03:53","Y"
"1683","99","34","faq","18","A","2020-11-27 20:10:54","2025-03-22 05:03:53","Y"
"1684","102","1034","textcontent","7","A","2020-11-30 13:24:35","2024-04-07 11:04:02","Y"
"1685","102","1035","textcontent","11","A","2020-11-30 13:28:45","2024-11-09 18:11:23","Y"
"1686","99","58","academia_panel","14","A","2020-12-05 14:58:54","2025-03-22 05:03:53","Y"
"1687","99","56","industry","13","A","2020-12-05 15:01:13","2025-03-22 05:03:53","Y"
"1688","99","57","faculty","15","A","2020-12-05 15:09:11","2025-03-22 05:03:53","Y"
"1689","99","1036","textcontent","16","D","2020-12-08 11:49:41","2025-03-22 06:03:27","Y"
"1690","99","1037","textcontent","12","D","2020-12-08 11:53:25","2020-12-08 11:12:01","Y"
"1691","99","1038","textcontent","13","D","2020-12-08 11:55:45","2020-12-08 11:12:29","Y"
"1692","117","116","banner","1","A","0000-00-00 00:00:00","2020-12-08 19:12:46","Y"
"1693","117","1039","textcontent","2","A","2020-12-08 13:04:22","2021-06-04 17:06:35","Y"
"1694","117","1040","textcontent","3","A","2020-12-08 13:08:19","2021-01-21 19:01:36","Y"
"1695","117","1041","textcontent","4","A","2020-12-08 13:09:35","2021-01-21 19:01:07","Y"
"1696","117","1042","textcontent","5","A","2020-12-08 13:11:58","2021-01-21 19:01:00","Y"
"1697","117","1043","textcontent","6","A","2020-12-08 13:13:35","2021-01-21 19:01:38","Y"
"1698","117","1044","textcontent","7","A","2020-12-08 13:22:57","2021-01-21 19:01:08","Y"
"1699","117","1045","textcontent","8","A","2020-12-08 13:24:18","2021-06-04 17:06:10","Y"
"1700","117","1046","textcontent","9","A","2020-12-08 13:26:29","2021-01-21 19:01:12","Y"
"1701","117","1047","textcontent","10","A","2020-12-08 13:27:41","2021-01-21 19:01:48","Y"
"1702","117","1048","textcontent","11","A","2020-12-08 13:38:22","2021-01-25 15:01:22","Y"
"1703","117","95","course_plan","13","A","2020-12-08 13:38:36","2020-12-08 19:12:46","Y"
"1704","117","58","faculty","12","A","2020-12-08 13:39:06","2020-12-08 19:12:46","Y"
"1705","99","1049","textcontent","19","D","2020-12-08 18:13:41","2025-03-22 06:03:37","Y"
"1706","117","1050","textcontent","14","A","2020-12-08 19:00:04","2020-12-08 19:12:46","Y"
"1707","112","1051","textcontent","15","D","2020-12-09 16:57:27","2020-12-09 17:12:42","Y"
"1708","112","1052","textcontent","12","A","2020-12-09 17:01:58","2021-01-21 18:01:43","Y"
"1709","118","1053","textcontent","1","A","2020-12-23 17:23:36","2021-06-27 13:06:25","Y"
"1710","118","96","course_plan","2","A","2020-12-23 17:25:05","2021-06-13 16:06:25","Y"
"1711","118","1054","textcontent","4","A","2020-12-23 17:34:40","2021-06-13 16:06:25","Y"
"1712","119","1055","textcontent","1","A","2020-12-23 18:00:19","2021-03-13 17:03:55","Y"
"1713","119","97","course_plan","2","A","2020-12-23 18:00:37",NULL,"Y"
"1714","120","117","banner","1","A","0000-00-00 00:00:00","2022-07-18 16:07:01","N"
"1715","120","1056","textcontent","4","A","2020-12-24 17:14:43","2022-07-18 16:07:01","Y"
"1716","120","1057","textcontent","5","A","2020-12-24 17:15:42","2022-07-18 16:07:01","Y"
"1717","120","1058","textcontent","6","A","2020-12-24 17:16:29","2022-07-18 16:07:01","Y"
"1718","120","1059","textcontent","7","A","2020-12-24 17:17:23","2022-07-18 16:07:01","Y"
"1719","120","1060","textcontent","8","A","2020-12-24 17:18:02","2022-07-18 16:07:01","Y"
"1720","120","1061","textcontent","9","A","2020-12-24 17:18:39","2022-07-18 16:07:01","Y"
"1721","120","1062","textcontent","10","A","2020-12-24 17:19:16","2022-07-18 16:07:01","Y"
"1722","120","1063","textcontent","11","A","2020-12-24 17:19:56","2022-07-18 16:07:01","Y"
"1723","120","1064","textcontent","12","A","2020-12-24 17:23:31","2022-07-18 16:07:01","Y"
"1724","120","1065","textcontent","14","A","2020-12-24 17:24:25","2022-07-18 16:07:01","Y"
"1725","120","1066","textcontent","15","A","2020-12-24 17:29:15","2022-07-18 16:07:01","Y"
"1726","120","1067","textcontent","16","A","2020-12-24 17:30:02","2022-07-18 16:07:01","Y"
"1727","120","77","syllabus","18","A","2020-12-24 17:30:17","2022-07-18 16:07:01","Y"
"1728","120","1068","textcontent","15","D","2020-12-26 11:47:50","2020-12-26 12:12:08","Y"
"1729","120","98","course_plan","19","A","2020-12-26 11:48:47","2022-07-18 16:07:01","Y"
"1730","104","1069","textcontent","3","D","2021-01-12 21:09:45","2021-01-25 09:01:40","Y"
"1731","119","1070","textcontent","3","A","2021-01-15 13:50:59","2021-03-13 13:03:56","Y"
"1732","99","1071","textcontent","20","D","2021-01-19 13:19:54","2025-03-22 06:03:48","Y"
"1733","70","1072","textcontent","2","A","2021-01-19 15:55:24","2022-07-21 16:07:28","Y"
"1734","70","1073","textcontent","3","A","2021-01-19 15:58:15","2022-07-21 16:07:28","Y"
"1735","70","1074","textcontent","5","A","2021-01-19 16:02:17","2022-07-21 16:07:28","Y"
"1736","70","1075","textcontent","6","A","2021-01-19 16:05:21","2022-07-21 16:07:28","Y"
"1737","70","1076","textcontent","7","A","2021-01-19 16:15:34","2022-07-21 16:07:28","Y"
"1738","70","1077","textcontent","8","A","2021-01-19 16:19:28","2022-07-21 16:07:28","Y"
"1739","70","59","faculty","10","A","2021-01-19 16:28:39","2022-07-21 16:07:28","Y"
"1740","70","1078","textcontent","12","A","2021-01-19 16:31:05","2022-07-21 16:07:28","Y"
"1741","6","6","program_overview","3","P","2021-01-21 09:21:04","2026-06-02 14:06:52","N"
"1742","5","7","program_overview","3","A","2021-01-21 10:40:15","2023-10-09 19:10:19","N"
"1743","103","60","faculty","11","A","2021-01-25 15:52:40","2022-07-26 12:07:06","Y"
"1744","121","118","banner","1","A","0000-00-00 00:00:00","2023-12-07 17:12:25","N"
"1745","121","8","program_overview","2","A","2021-01-26 10:58:38","2022-08-25 11:08:36","N"
"1746","121","6","promotional_video","3","A","2021-01-26 10:58:38","2022-08-25 11:08:36","N"
"1747","121","1079","textcontent","4","A","2021-01-26 11:32:53","2022-08-25 11:08:36","Y"
"1748","121","84","video_testimonials","5","A","2021-01-26 11:41:26","2022-08-25 11:08:36","Y"
"1749","121","1080","textcontent","6","A","2021-01-26 11:42:37","2022-08-25 11:08:36","Y"
"1750","121","1081","textcontent","7","A","2021-01-26 11:43:45","2022-08-25 11:08:36","Y"
"1751","121","57","industry","8","A","2021-01-26 11:45:54","2022-08-25 11:08:36","Y"
"1752","121","1082","textcontent","9","A","2021-01-26 11:47:05","2022-08-25 11:08:36","Y"
"1753","121","44","forms","10","A","2021-01-26 11:48:09","2022-08-25 11:08:36","N"
"1754","121","1083","textcontent","11","A","2021-01-26 11:49:11","2022-08-25 11:08:36","N"
"1755","121","99","course_plan","12","A","2021-01-26 12:02:04","2022-08-25 11:08:36","N"
"1756","121","22","testimonials","13","A","2021-01-26 13:03:01","2022-08-25 11:08:36","N"
"1757","121","59","academia_panel","14","A","2021-01-26 13:04:44","2022-08-25 11:08:36","N"
"1758","121","61","faculty","15","A","2021-01-26 13:05:39","2022-08-25 11:08:36","N"
"1759","121","17","legal_expert","16","A","2021-01-26 13:08:47","2022-08-25 11:08:36","N"
"1760","121","78","syllabus","17","A","2021-01-26 13:10:14","2022-08-25 11:08:36","N"
"1761","78","23","testimonials","17","A","2021-01-30 10:24:04","2026-01-25 17:01:22","Y"
"1762","122","119","banner","1","A","0000-00-00 00:00:00","2023-09-27 12:09:51","N"
"1763","122","9","program_overview","3","P","2021-02-03 16:15:42","2023-10-06 16:10:40","N"
"1764","122","7","promotional_video","4","A","2021-02-03 16:15:42","2023-09-27 12:09:51","N"
"1765","122","1084","textcontent","4","D","2021-02-03 16:20:51","2021-07-25 00:07:11","Y"
"1766","122","1085","textcontent","6","A","2021-02-03 16:24:14","2023-09-27 12:09:51","Y"
"1767","122","1086","textcontent","5","D","2021-02-03 16:26:17","2021-07-25 01:07:58","Y"
"1768","122","1087","textcontent","7","A","2021-02-03 16:27:08","2023-09-27 12:09:51","Y"
"1769","122","1088","textcontent","8","A","2021-02-03 16:27:52","2023-09-27 12:09:51","Y"
"1770","122","1089","textcontent","16","A","2021-02-03 16:28:36","2023-09-27 12:09:51","Y"
"1771","122","1090","textcontent","12","A","2021-02-03 16:29:45","2023-09-27 12:09:51","Y"
"1772","122","1091","textcontent","14","D","2021-02-03 16:30:36","2023-10-11 13:10:38","Y"
"1773","122","1092","textcontent","10","A","2021-02-03 16:35:04","2023-10-15 13:10:29","Y"
"1774","122","1093","textcontent","11","A","2021-02-03 16:36:36","2023-10-15 13:10:54","Y"
"1775","122","1094","textcontent","17","A","2021-02-03 16:40:09","2023-09-27 12:09:07","Y"
"1776","122","79","syllabus","20","A","2021-02-03 16:40:18","2023-09-27 12:09:51","Y"
"1777","122","100","course_plan","21","A","2021-02-03 17:12:27","2023-09-27 12:09:51","Y"
"1778","99","1095","textcontent","21","D","2021-02-04 19:44:17","2025-03-22 06:03:58","Y"
"1779","99","1096","textcontent","22","D","2021-02-04 19:48:14","2025-03-22 06:03:08","Y"
"1780","123","120","banner","1","A","0000-00-00 00:00:00","2022-07-20 17:07:36","N"
"1781","123","10","program_overview","2","P","2021-02-05 13:37:21","2022-07-20 17:07:36","N"
"1782","123","8","promotional_video","3","A","2021-02-05 13:37:21","2022-07-20 17:07:36","N"
"1783","123","1097","textcontent","2","D","2021-02-05 13:39:13","2021-02-05 15:02:21","Y"
"1784","123","1098","textcontent","4","A","2021-02-05 13:41:04","2022-07-20 17:07:36","Y"
"1785","123","1099","textcontent","5","A","2021-02-05 13:41:41","2024-06-15 14:06:50","Y"
"1786","123","1100","textcontent","6","A","2021-02-05 13:42:12","2024-06-15 14:06:04","Y"
"1787","123","1101","textcontent","7","A","2021-02-05 13:42:44","2022-07-20 17:07:36","Y"
"1788","123","1102","textcontent","8","A","2021-02-05 13:43:14","2024-06-15 14:06:27","Y"
"1789","123","1103","textcontent","9","A","2021-02-05 13:45:12","2024-06-15 14:06:04","Y"
"1790","123","1104","textcontent","10","A","2021-02-05 13:45:52","2022-07-20 17:07:36","Y"
"1791","123","1105","textcontent","11","A","2021-02-05 13:46:54","2022-07-20 17:07:36","Y"
"1792","123","1106","textcontent","12","A","2021-02-05 13:50:02","2022-07-20 17:07:36","Y"
"1793","123","1107","textcontent","13","A","2021-02-05 13:54:19","2022-07-20 17:07:36","Y"
"1794","123","1108","textcontent","13","D","2021-02-05 13:54:26","2021-03-16 17:03:52","Y"
"1795","123","1109","textcontent","14","A","2021-02-05 13:54:56","2022-07-20 17:07:36","Y"
"1796","123","1110","textcontent","16","A","2021-02-05 13:56:17","2022-07-20 17:07:36","Y"
"1797","123","62","faculty","17","A","2021-02-05 13:59:28","2022-07-20 17:07:36","Y"
"1798","123","101","course_plan","18","A","2021-02-05 14:02:43","2022-07-20 17:07:36","Y"
"1799","122","63","faculty","19","A","2021-02-05 16:07:25","2023-11-02 13:11:57","Y"
"1800","120","64","faculty","17","A","2021-02-08 13:36:01","2022-08-12 14:08:49","Y"
"1801","99","9","promotional_video","4","A","2021-02-10 11:06:30","2025-03-22 05:03:53","N"
"1802","124","121","banner","1","A","0000-00-00 00:00:00","2024-11-01 12:11:10","N"
"1803","124","11","program_overview","3","P","2021-02-10 12:09:58","2024-04-18 10:04:27","N"
"1804","124","10","promotional_video","4","A","2021-02-10 12:09:58","2024-04-18 10:04:27","N"
"1805","124","1111","textcontent","5","A","2021-02-10 12:11:42","2024-04-18 10:04:27","Y"
"1806","124","1112","textcontent","6","A","2021-02-10 12:12:44","2024-04-18 10:04:27","Y"
"1807","124","1113","textcontent","7","A","2021-02-10 12:13:12","2024-04-18 10:04:27","Y"
"1808","124","1114","textcontent","10","A","2021-02-10 12:14:02","2024-04-18 10:04:27","Y"
"1809","124","1115","textcontent","13","A","2021-02-10 12:14:40","2024-04-18 10:04:27","Y"
"1810","124","65","faculty","15","P","2021-02-10 12:15:03","2024-04-18 10:04:27","N"
"1811","99","1116","textcontent","23","D","2021-02-10 12:17:03","2025-03-22 06:03:21","Y"
"1812","124","1117","textcontent","16","A","2021-02-10 12:27:03","2024-04-18 10:04:27","Y"
"1813","124","102","course_plan","17","A","2021-02-10 12:28:03","2024-04-18 10:04:27","Y"
"1814","122","18","legal_expert","18","D","2021-02-10 22:55:27","2021-02-16 17:02:37","Y"
"1815","6","11","promotional_video","4","P","2021-02-12 18:14:39","2026-06-02 14:06:52","N"
"1816","5","12","promotional_video","4","P","2021-02-12 19:52:51","2023-12-05 17:12:24","N"
"1817","120","19","legal_expert","20","A","2021-02-16 17:26:08","2022-07-18 16:07:01","Y"
"1818","99","1118","textcontent","24","D","2021-02-24 14:41:57","2025-03-22 06:03:33","Y"
"1819","124","1119","textcontent","11","A","2021-02-24 14:52:47","2024-04-18 10:04:27","Y"
"1820","124","1120","textcontent","12","A","2021-02-24 14:54:36","2024-04-18 10:04:27","Y"
"1821","121","1121","textcontent","18","A","2021-02-28 12:18:35","2022-08-25 11:08:36","N"
"1822","6","1122","textcontent","33","D","2021-02-28 17:18:02","2021-09-14 16:09:41","Y"
"1823","95","1123","textcontent","35","D","2021-02-28 17:30:12","2021-09-09 18:09:43","Y"
"1824","76","1124","textcontent","25","D","2021-02-28 17:35:55","2021-09-14 16:09:09","Y"
"1825","90","1125","textcontent","8","D","2021-03-05 15:19:45","2022-01-10 15:01:26","Y"
"1826","2","12","program_overview","3","A","2021-03-08 13:51:23","2023-11-02 15:11:51","N"
"1827","95","13","program_overview","3","A","2021-03-08 15:52:47","2024-05-07 16:05:23","N"
"1828","78","14","program_overview","3","A","2021-03-08 16:00:50","2026-01-25 17:01:22","N"
"1829","16","15","program_overview","2","A","2021-03-08 16:08:08","2022-07-16 15:07:21","N"
"1830","4","16","program_overview","3","A","2021-03-08 16:18:39","2023-10-31 21:10:31","N"
"1831","122","1126","textcontent","18","A","2021-03-18 16:20:44","2023-09-27 12:09:51","Y"
"1832","125","122","banner","1","A","0000-00-00 00:00:00","2021-03-19 14:03:28","N"
"1833","125","17","program_overview","2","A","2021-03-19 14:10:50","2021-03-19 14:03:28","N"
"1834","125","13","promotional_video","3","A","2021-03-19 14:10:50","2021-03-19 14:03:28","N"
"1835","125","1127","textcontent","4","A","2021-03-19 14:14:30","2021-03-19 14:03:28","Y"
"1836","125","1128","textcontent","6","A","2021-03-19 14:15:16","2021-03-19 15:03:48","Y"
"1837","125","103","course_plan","5","A","2021-03-19 14:17:59","2021-03-19 14:03:28","Y"
"1838","76","35","faq","26","A","2021-03-20 13:07:21","2022-07-18 16:07:12","Y"
"1839","95","36","faq","30","A","2021-03-22 21:15:46","2024-05-07 16:05:23","Y"
"1840","101","37","faq","16","A","2021-03-25 14:05:07","2022-07-18 16:07:12","Y"
"1841","105","38","faq","26","A","2021-03-27 10:38:20","2022-07-18 16:07:54","Y"
"1842","120","39","faq","21","A","2021-03-27 13:22:35","2022-07-18 16:07:01","Y"
"1843","75","40","faq","20","A","2021-03-27 14:16:25","2021-03-27 14:03:31","Y"
"1844","98","41","faq","18","A","2021-03-27 15:25:52",NULL,"Y"
"1845","74","42","faq","20","A","2021-03-27 16:46:22","2022-07-18 16:07:24","Y"
"1846","4","14","promotional_video","4","P","2021-03-30 13:12:19","2023-12-07 11:12:52","N"
"1847","67","43","faq","9","A","2021-03-31 20:27:32","2022-07-21 16:07:58","Y"
"1848","92","44","faq","17","A","2021-04-01 10:34:37","2022-07-26 11:07:04","Y"
"1849","94","45","faq","15","A","2021-04-01 13:00:47","2022-07-26 12:07:19","Y"
"1850","103","46","faq","13","A","2021-04-01 13:29:00","2022-07-26 12:07:06","Y"
"1851","91","47","faq","17","A","2021-04-01 13:49:21","2022-07-26 11:07:52","Y"
"1852","93","48","faq","16","A","2021-04-01 13:52:27","2022-07-26 12:07:38","Y"
"1853","69","49","faq","17","A","2021-04-02 12:15:43","2022-07-21 16:07:16","Y"
"1854","90","50","faq","13","A","2021-04-02 13:31:26","2022-07-21 17:07:07","Y"
"1855","102","51","faq","14","A","2021-04-02 13:49:23","2024-04-07 11:04:02","Y"
"1856","123","52","faq","19","A","2021-04-02 14:52:00","2022-07-20 17:07:36","Y"
"1857","124","53","faq","18","A","2021-04-02 15:04:05","2024-04-18 10:04:27","Y"
"1858","73","54","faq","20","A","2021-04-02 22:33:06","2021-04-13 13:04:44","Y"
"1859","126","123","banner","1","A","0000-00-00 00:00:00","2024-11-01 12:11:09","N"
"1860","126","18","program_overview","3","A","2021-04-07 18:59:27","2023-08-31 23:08:53","N"
"1861","126","15","promotional_video","4","P","2021-04-07 18:59:27","2023-12-05 16:12:44","N"
"1862","126","1129","textcontent","5","A","2021-04-07 19:00:15","2023-08-31 23:08:53","Y"
"1863","126","1130","textcontent","5","D","2021-04-07 19:00:48","2021-05-13 14:05:37","Y"
"1864","126","1131","textcontent","6","A","2021-04-07 19:02:06","2023-10-09 21:10:26","Y"
"1865","126","1132","textcontent","7","A","2021-04-07 19:02:44","2023-10-09 21:10:40","Y"
"1866","126","1133","textcontent","9","A","2021-04-07 19:03:21","2023-08-31 23:08:53","Y"
"1867","126","1134","textcontent","12","A","2021-04-07 19:04:01","2023-08-31 23:08:53","Y"
"1868","126","1135","textcontent","16","A","2021-04-07 19:04:39","2023-08-31 23:08:53","Y"
"1869","126","1136","textcontent","19","A","2021-04-07 19:05:18","2023-08-31 23:08:53","Y"
"1870","126","1137","textcontent","8","A","2021-04-07 19:08:53","2026-01-18 18:01:19","Y"
"1871","126","1138","textcontent","18","A","2021-04-07 19:10:04","2023-08-31 23:08:53","Y"
"1872","126","1139","textcontent","11","A","2021-04-07 19:10:29","2023-10-13 23:10:36","Y"
"1873","126","80","syllabus","22","A","2021-04-07 19:10:36","2023-08-31 23:08:53","Y"
"1874","126","60","academia_panel","20","A","2021-04-07 19:31:35","2023-08-31 23:08:53","Y"
"1875","126","66","faculty","21","A","2021-04-07 19:32:54","2025-04-16 14:04:49","Y"
"1876","99","1140","textcontent","21","D","2021-04-08 16:00:07","2021-04-08 16:04:46","Y"
"1877","99","1141","textcontent","25","A","2021-04-08 16:04:24","2025-03-22 05:03:53","Y"
"1878","99","1142","textcontent","23","D","2021-04-08 16:05:18","2021-04-08 16:04:08","Y"
"1879","99","1143","textcontent","24","D","2021-04-08 16:10:41","2021-04-08 16:04:10","Y"
"1880","127","124","banner","1","A","0000-00-00 00:00:00","2022-07-20 17:07:46","N"
"1881","127","19","program_overview","2","A","2021-04-08 16:21:27","2022-07-20 17:07:46","N"
"1882","127","16","promotional_video","3","A","2021-04-08 16:21:27","2022-07-20 17:07:46","N"
"1883","127","1144","textcontent","10","A","2021-04-08 16:22:43","2022-07-20 17:07:46","Y"
"1884","127","1145","textcontent","4","A","2021-04-08 16:23:54","2022-07-20 17:07:46","Y"
"1885","127","1146","textcontent","5","A","2021-04-08 16:24:27","2022-07-20 17:07:46","Y"
"1886","127","1147","textcontent","6","A","2021-04-08 16:24:58","2022-07-20 17:07:46","Y"
"1887","127","1148","textcontent","7","A","2021-04-08 16:25:23","2022-07-20 17:07:46","Y"
"1888","127","1149","textcontent","8","A","2021-04-08 16:25:59","2022-07-20 17:07:46","Y"
"1889","127","1150","textcontent","9","A","2021-04-08 16:28:57","2022-07-20 17:07:46","Y"
"1890","127","1151","textcontent","12","A","2021-04-08 16:29:48","2022-07-20 17:07:46","Y"
"1891","128","125","banner","1","A","0000-00-00 00:00:00","2021-04-12 15:04:53","N"
"1892","128","20","program_overview","2","A","2021-04-09 10:44:27","2021-04-12 15:04:53","N"
"1893","128","17","promotional_video","3","A","2021-04-09 10:44:27","2021-04-12 15:04:53","N"
"1894","128","1152","textcontent","4","A","2021-04-09 10:48:34","2021-04-12 15:04:53","N"
"1895","128","1153","textcontent","5","A","2021-04-09 10:49:33","2021-04-12 15:04:53","Y"
"1896","128","1154","textcontent","6","A","2021-04-09 10:50:07","2021-04-12 15:04:53","Y"
"1897","128","104","course_plan","9","A","2021-04-09 10:53:29","2021-04-12 15:04:53","Y"
"1898","128","1155","textcontent","7","A","2021-04-09 11:29:14","2021-04-12 15:04:53","Y"
"1899","128","1156","textcontent","11","A","2021-04-09 12:06:09","2021-04-12 15:04:53","Y"
"1900","128","1157","textcontent","8","A","2021-04-09 12:12:25","2021-04-12 15:04:21","Y"
"1901","127","105","course_plan","13","A","2021-04-09 17:31:01","2022-07-20 17:07:46","Y"
"1902","129","126","banner","1","A","0000-00-00 00:00:00","2021-05-31 16:05:05","N"
"1903","129","21","program_overview","2","A","2021-04-10 11:36:22","2021-05-31 16:05:05","N"
"1904","129","18","promotional_video","3","A","2021-04-10 11:36:22","2021-05-31 16:05:05","N"
"1905","129","1158","textcontent","4","A","2021-04-10 11:39:18","2021-05-31 16:05:05","Y"
"1906","129","1159","textcontent","7","A","2021-04-10 11:40:03","2021-05-31 16:05:30","Y"
"1907","129","106","course_plan","5","A","2021-04-10 11:41:47","2021-05-31 16:05:05","Y"
"1908","68","55","faq","12","A","2021-04-10 13:53:01","2022-08-11 16:08:50","Y"
"1909","130","127","banner","1","A","0000-00-00 00:00:00","2022-07-20 16:07:56","N"
"1910","130","22","program_overview","2","A","2021-04-11 14:41:47","2022-07-20 16:07:56","N"
"1911","130","19","promotional_video","3","A","2021-04-11 14:41:47","2022-07-20 16:07:56","N"
"1912","130","1160","textcontent","4","A","2021-04-11 14:43:08","2022-07-20 16:07:56","Y"
"1913","130","1161","textcontent","5","A","2021-04-11 14:46:02","2022-07-20 16:07:56","Y"
"1914","130","1162","textcontent","6","A","2021-04-11 14:46:54","2022-07-20 16:07:56","Y"
"1915","130","1163","textcontent","7","A","2021-04-11 14:47:34","2022-07-20 16:07:56","Y"
"1916","130","1164","textcontent","8","A","2021-04-11 14:48:58","2022-07-20 16:07:56","Y"
"1917","130","1165","textcontent","9","A","2021-04-11 14:49:45","2022-07-20 16:07:56","Y"
"1918","130","1166","textcontent","10","A","2021-04-11 14:51:01","2022-07-20 16:07:56","Y"
"1919","99","1167","textcontent","26","D","2021-04-11 14:51:41","2025-03-22 06:03:12","Y"
"1920","130","1168","textcontent","11","A","2021-04-11 15:04:36","2022-07-20 16:07:56","Y"
"1921","130","1169","textcontent","12","A","2021-04-11 15:05:47","2022-07-20 16:07:56","Y"
"1922","130","1170","textcontent","16","A","2021-04-11 15:06:51","2022-07-20 16:07:56","Y"
"1923","130","67","faculty","15","A","2021-04-11 15:07:44","2022-08-12 14:08:56","Y"
"1924","130","81","syllabus","17","A","2021-04-11 15:08:04","2022-07-20 16:07:56","Y"
"1925","130","1171","textcontent","14","A","2021-04-11 15:58:51","2022-07-20 16:07:56","Y"
"1926","130","107","course_plan","18","A","2021-04-11 16:00:58","2022-07-20 16:07:56","Y"
"1927","130","56","faq","19","A","2021-04-12 14:16:26","2022-07-20 16:07:56","Y"
"1928","126","57","faq","24","A","2021-04-12 15:09:53","2023-08-31 23:08:53","Y"
"1929","128","68","faculty","10","A","2021-04-12 15:24:41","2021-04-12 15:04:53","Y"
"1930","70","58","faq","14","A","2021-04-12 15:49:14","2022-07-21 16:07:28","Y"
"1931","89","59","faq","30","A","2021-04-12 15:51:08","2024-04-15 17:04:03","Y"
"1932","97","60","faq","17","A","2021-04-13 11:09:50","2022-07-21 17:07:59","Y"
"1933","100","61","faq","16","A","2021-04-13 11:23:30","2022-07-20 17:07:36","Y"
"1934","106","62","faq","16","A","2021-04-13 11:32:40","2022-07-20 17:07:22","Y"
"1935","111","63","faq","16","A","2021-04-13 11:36:26",NULL,"Y"
"1936","116","64","faq","14","A","2021-04-13 11:41:05",NULL,"Y"
"1937","117","65","faq","15","A","2021-04-13 11:43:07",NULL,"Y"
"1938","127","66","faq","14","A","2021-04-13 12:01:42","2022-07-20 17:07:46","Y"
"1939","108","67","faq","14","A","2021-04-13 13:58:03",NULL,"Y"
"1940","63","68","faq","69","A","2021-04-13 14:08:24",NULL,"Y"
"1941","79","69","faq","20","A","2021-04-13 14:08:59","2023-07-06 11:07:34","Y"
"1942","64","70","faq","17","A","2021-04-13 14:12:50","2022-03-30 12:03:59","Y"
"1943","65","71","faq","22","A","2021-04-13 14:13:38","2022-03-30 13:03:22","Y"
"1944","8","72","faq","22","A","2021-04-13 14:18:45",NULL,"Y"
"1945","29","73","faq","12","A","2021-04-13 14:20:39",NULL,"Y"
"1946","30","74","faq","13","A","2021-04-13 14:22:49","2022-07-26 12:07:34","Y"
"1947","71","75","faq","27","A","2021-04-13 17:13:11",NULL,"Y"
"1948","62","76","faq","14","A","2021-04-13 17:16:28",NULL,"Y"
"1949","42","77","faq","13","A","2021-04-13 17:19:03",NULL,"Y"
"1950","61","78","faq","11","A","2021-04-13 17:22:30",NULL,"Y"
"1951","41","79","faq","12","A","2021-04-13 17:26:26",NULL,"Y"
"1952","40","80","faq","13","A","2021-04-13 17:28:16",NULL,"Y"
"1953","39","81","faq","19","A","2021-04-13 17:48:00",NULL,"Y"
"1954","38","82","faq","12","A","2021-04-13 17:50:05",NULL,"Y"
"1955","36","83","faq","12","A","2021-04-13 17:51:08",NULL,"Y"
"1956","35","84","faq","12","A","2021-04-13 17:54:56",NULL,"Y"
"1957","34","85","faq","12","A","2021-04-13 17:57:40",NULL,"Y"
"1958","33","86","faq","13","A","2021-04-13 17:59:39",NULL,"Y"
"1959","31","87","faq","13","A","2021-04-13 18:02:16","2022-07-26 12:07:39","Y"
"1960","28","88","faq","12","A","2021-04-13 18:30:44",NULL,"Y"
"1961","26","89","faq","16","A","2021-04-13 19:02:10",NULL,"Y"
"1962","27","90","faq","11","A","2021-04-13 19:05:24","2021-04-13 19:04:15","Y"
"1963","32","91","faq","13","A","2021-04-13 19:13:48",NULL,"Y"
"1964","25","92","faq","15","A","2021-04-13 19:18:37",NULL,"Y"
"1965","128","93","faq","12","A","2021-04-13 19:25:39",NULL,"Y"
"1966","96","94","faq","19","A","2021-04-13 19:29:10",NULL,"Y"
"1967","113","95","faq","23","A","2021-04-13 19:37:47",NULL,"Y"
"1968","82","96","faq","19","A","2021-04-13 19:40:35",NULL,"Y"
"1969","122","97","faq","22","A","2021-04-13 22:47:47","2023-09-27 12:09:51","Y"
"1970","104","98","faq","23","A","2021-04-13 23:43:36","2022-07-20 18:07:24","Y"
"1971","126","108","course_plan","23","A","2021-04-15 14:24:08","2023-08-31 23:08:53","Y"
"1972","131","128","banner","1","A","0000-00-00 00:00:00","2024-01-23 15:01:40","N"
"1973","131","23","program_overview","3","A","2021-04-16 21:51:38","2023-09-21 14:09:00","N"
"1974","131","20","promotional_video","4","P","2021-04-16 21:51:38","2023-12-06 14:12:15","N"
"1975","131","1172","textcontent","4","D","2021-04-16 21:52:46","2023-08-22 13:08:27","Y"
"1976","131","1173","textcontent","5","D","2021-04-16 21:53:09","2023-08-22 13:08:36","Y"
"1977","131","1174","textcontent","6","D","2021-04-16 21:53:30","2023-08-22 13:08:42","Y"
"1978","131","1175","textcontent","7","D","2021-04-16 21:53:58","2023-08-22 13:08:56","Y"
"1979","131","1176","textcontent","8","D","2021-04-16 21:54:25","2023-08-22 13:08:02","Y"
"1980","131","1177","textcontent","9","D","2021-04-16 21:54:53","2023-08-22 13:08:09","Y"
"1981","131","1178","textcontent","10","D","2021-04-16 21:55:22","2023-08-22 13:08:50","Y"
"1982","131","1179","textcontent","11","D","2021-04-16 21:56:09","2023-08-22 13:08:17","Y"
"1983","131","1180","textcontent","9","A","2021-04-16 21:56:51","2026-01-18 18:01:05","Y"
"1984","131","1181","textcontent","19","A","2021-04-16 21:57:48","2023-09-21 14:09:00","Y"
"1985","131","1182","textcontent","15","D","2021-04-16 21:58:10","2023-08-22 13:08:27","Y"
"1986","131","61","academia_panel","16","D","2021-04-16 21:59:42","2023-08-22 13:08:45","Y"
"1987","131","69","faculty","22","A","2021-04-16 22:01:55","2025-03-28 13:03:59","Y"
"1988","131","82","syllabus","23","A","2021-04-16 22:02:20","2023-09-21 14:09:00","Y"
"1989","131","109","course_plan","24","A","2021-04-16 22:30:53","2023-09-21 14:09:00","Y"
"1990","132","129","banner","1","A","0000-00-00 00:00:00","2024-11-01 12:11:50","N"
"1991","132","24","program_overview","3","A","2021-04-17 15:17:04","2023-08-22 11:08:39","N"
"1992","132","21","promotional_video","4","P","2021-04-17 15:17:04","2023-12-05 10:12:59","N"
"1993","132","1183","textcontent","5","A","2021-04-17 15:18:16","2023-08-22 11:08:39","Y"
"1994","132","1184","textcontent","6","A","2021-04-17 15:18:43","2023-08-22 11:08:39","Y"
"1995","132","1185","textcontent","7","A","2021-04-17 15:19:10","2023-08-22 11:08:39","Y"
"1996","132","1186","textcontent","8","A","2021-04-17 15:19:39","2023-10-09 20:10:24","Y"
"1997","132","1187","textcontent","10","A","2021-04-17 15:20:07","2023-10-09 20:10:26","Y"
"1998","132","1188","textcontent","12","A","2021-04-17 15:20:35","2023-08-22 11:08:39","Y"
"1999","132","1189","textcontent","19","A","2021-04-17 15:21:14","2023-08-22 11:08:39","Y"
"2000","132","1190","textcontent","20","A","2021-04-17 15:22:12","2023-08-22 11:08:02","Y"
"2001","132","1191","textcontent","9","A","2021-04-17 15:25:06","2026-01-18 18:01:18","Y"
"2002","132","1192","textcontent","18","A","2021-04-17 15:25:41","2023-08-31 22:08:44","Y"
"2003","132","1193","textcontent","11","A","2021-04-17 15:26:05","2023-10-13 22:10:29","Y"
"2004","132","62","academia_panel","21","P","2021-04-17 15:27:26","2023-10-30 17:10:10","Y"
"2005","132","70","faculty","17","D","2021-04-17 15:29:41","2023-08-21 23:08:11","Y"
"2006","132","83","syllabus","23","A","2021-04-17 15:30:06","2023-08-22 11:08:39","Y"
"2007","132","110","course_plan","22","A","2021-04-17 16:01:16","2023-08-22 11:08:39","Y"
"2008","132","99","faq","24","A","2021-04-17 21:01:43","2023-08-22 11:08:39","Y"
"2009","99","1194","textcontent","27","A","2021-04-24 19:35:44","2025-03-22 05:03:53","Y"
"2010","133","130","banner","1","A","0000-00-00 00:00:00","2024-11-01 12:11:33","N"
"2011","133","25","program_overview","2","A","2021-04-24 19:47:13","2023-07-21 13:07:16","N"
"2012","133","22","promotional_video","3","A","2021-04-24 19:47:13","2023-07-21 13:07:16","N"
"2013","133","1195","textcontent","4","A","2021-04-24 19:47:52","2024-04-23 11:04:55","Y"
"2014","133","1196","textcontent","5","A","2021-04-24 19:48:33","2023-07-21 13:07:16","Y"
"2015","133","1197","textcontent","6","A","2021-04-24 19:49:45","2024-05-03 16:05:43","Y"
"2016","133","1198","textcontent","7","A","2021-04-24 19:50:18","2023-07-21 13:07:16","Y"
"2017","133","1199","textcontent","8","A","2021-04-24 19:50:53","2023-07-21 13:07:16","Y"
"2018","133","1200","textcontent","9","A","2021-04-24 19:52:24","2023-07-21 13:07:16","Y"
"2019","133","1201","textcontent","10","A","2021-04-24 19:53:19","2023-07-21 13:07:16","Y"
"2020","133","1202","textcontent","11","A","2021-04-24 19:54:33","2024-05-03 16:05:21","Y"
"2021","133","1203","textcontent","12","A","2021-04-24 19:55:13","2023-07-21 13:07:16","Y"
"2022","133","1204","textcontent","15","A","2021-04-24 19:55:42","2023-07-21 13:07:15","Y"
"2023","133","1205","textcontent","16","A","2021-04-24 19:56:05","2024-04-23 11:04:41","Y"
"2024","133","1206","textcontent","17","A","2021-04-24 19:57:08","2024-04-23 11:04:15","Y"
"2025","133","1207","textcontent","21","P","2021-04-24 19:57:31","2023-07-21 13:07:16","Y"
"2026","133","111","course_plan","22","A","2021-04-24 20:09:09","2023-07-21 13:07:16","Y"
"2027","133","71","faculty","20","P","2021-04-26 12:31:10","2024-04-09 18:04:42","Y"
"2028","99","1208","textcontent","28","A","2021-04-26 12:37:05","2025-03-22 05:03:53","Y"
"2029","134","131","banner","1","A","0000-00-00 00:00:00","2022-07-20 17:07:42","N"
"2030","134","26","program_overview","2","A","2021-04-26 12:45:28","2022-07-20 17:07:42","N"
"2031","134","23","promotional_video","3","A","2021-04-26 12:45:28","2022-07-20 17:07:42","N"
"2032","134","1209","textcontent","4","A","2021-04-26 12:45:53","2022-07-20 17:07:42","Y"
"2033","134","1210","textcontent","5","A","2021-04-26 12:46:20","2022-07-20 17:07:42","Y"
"2034","134","1211","textcontent","6","A","2021-04-26 12:46:46","2022-07-20 17:07:42","Y"
"2035","134","1212","textcontent","7","A","2021-04-26 12:47:10","2022-07-20 17:07:42","Y"
"2036","134","1213","textcontent","8","A","2021-04-26 12:47:39","2022-07-20 17:07:42","Y"
"2037","134","1214","textcontent","9","A","2021-04-26 12:48:28","2022-07-20 17:07:42","Y"
"2038","134","1215","textcontent","10","A","2021-04-26 12:50:43","2022-07-20 17:07:42","Y"
"2039","134","1216","textcontent","11","A","2021-04-26 12:52:55","2022-07-20 17:07:42","Y"
"2040","134","1217","textcontent","12","A","2021-04-26 12:56:51","2022-07-20 17:07:42","Y"
"2041","134","72","faculty","14","A","2021-04-26 12:57:43","2022-07-20 17:07:42","Y"
"2042","134","1218","textcontent","15","A","2021-04-26 12:58:36","2022-07-20 17:07:42","Y"
"2043","134","84","syllabus","16","A","2021-04-26 12:59:18","2022-07-20 17:07:42","Y"
"2044","134","112","course_plan","17","A","2021-04-26 13:41:46","2022-07-20 17:07:42","Y"
"2045","103","1219","textcontent","11","D","2021-05-03 10:32:56","2021-10-03 15:10:54","Y"
"2046","92","1220","textcontent","15","D","2021-05-03 11:00:34","2021-10-03 15:10:30","Y"
"2047","94","1221","textcontent","14","D","2021-05-03 11:04:23","2021-10-03 15:10:36","Y"
"2048","91","1222","textcontent","16","D","2021-05-03 11:08:32","2021-09-14 16:09:34","Y"
"2049","93","1223","textcontent","15","D","2021-05-03 11:12:09","2021-09-14 15:09:45","Y"
"2050","9","1224","textcontent","20","A","2021-05-13 16:35:12","2023-09-21 14:09:27","Y"
"2051","99","1225","textcontent","29","A","2021-05-18 21:00:37","2025-03-22 05:03:53","Y"
"2052","135","132","banner","1","A","0000-00-00 00:00:00","2023-10-11 13:10:38","N"
"2053","135","27","program_overview","3","A","2021-05-19 16:21:49","2023-10-11 13:10:38","N"
"2054","135","24","promotional_video","4","A","2021-05-19 16:21:49","2023-10-11 13:10:38","N"
"2055","135","1226","textcontent","5","A","2021-05-19 16:30:21","2023-10-11 13:10:38","Y"
"2056","135","1227","textcontent","7","A","2021-05-19 16:41:25","2023-10-11 13:10:38","Y"
"2057","135","1228","textcontent","9","A","2021-05-19 16:41:42","2023-10-11 13:10:38","Y"
"2058","135","1229","textcontent","17","A","2021-05-19 16:46:14","2023-10-11 13:10:38","Y"
"2059","135","1230","textcontent","14","A","2021-05-19 16:48:21","2023-10-11 13:10:38","Y"
"2060","135","1231","textcontent","15","A","2021-05-19 16:49:44","2023-10-11 13:10:38","Y"
"2061","135","1232","textcontent","12","A","2021-05-19 17:03:21","2026-01-25 16:01:51","Y"
"2062","135","1233","textcontent","8","A","2021-05-19 17:03:44","2023-10-11 13:10:38","Y"
"2063","135","73","faculty","28","P","2021-05-19 17:04:01","2023-10-11 13:10:38","Y"
"2064","135","1234","textcontent","16","D","2021-05-19 17:04:29","2023-10-01 14:10:43","Y"
"2065","135","1235","textcontent","22","A","2021-05-19 17:04:57","2023-10-11 13:10:38","Y"
"2066","135","1236","textcontent","16","D","2021-05-19 17:05:48","2021-11-05 19:11:15","Y"
"2067","135","1237","textcontent","29","A","2021-05-19 17:06:35","2023-10-11 13:10:38","Y"
"2068","135","1238","textcontent","31","D","2021-05-19 17:44:29","2023-10-02 00:10:50","Y"
"2069","135","1239","textcontent","24","A","2021-05-19 18:01:23","2023-10-11 13:10:38","Y"
"2070","135","1240","textcontent","26","A","2021-05-19 18:23:41","2023-10-11 13:10:38","Y"
"2071","135","113","course_plan","30","A","2021-05-19 18:32:11","2023-10-11 13:10:38","Y"
"2072","136","133","banner","1","A","0000-00-00 00:00:00","2022-07-16 17:07:03","N"
"2073","136","28","program_overview","2","A","2021-05-26 17:08:24","2022-07-16 17:07:03","N"
"2074","136","25","promotional_video","3","A","2021-05-26 17:08:24","2023-09-10 21:09:22","N"
"2075","136","1241","textcontent","4","A","2021-05-26 17:12:25","2022-07-16 17:07:03","Y"
"2076","136","1242","textcontent","5","A","2021-05-26 17:13:00","2022-07-16 17:07:03","Y"
"2077","136","1243","textcontent","6","A","2021-05-26 17:13:39","2022-07-16 17:07:03","Y"
"2078","136","1244","textcontent","7","A","2021-05-26 17:14:45","2022-07-16 17:07:03","Y"
"2079","136","1245","textcontent","8","A","2021-05-26 17:15:33","2022-07-16 17:07:03","Y"
"2080","136","1246","textcontent","9","A","2021-05-26 17:16:28","2022-07-16 17:07:03","Y"
"2081","136","1247","textcontent","10","A","2021-05-26 17:17:50","2022-07-16 17:07:03","Y"
"2082","136","1248","textcontent","11","A","2021-05-26 17:19:51","2022-07-16 17:07:03","Y"
"2083","136","1249","textcontent","13","A","2021-05-26 17:20:28","2022-07-16 17:07:03","Y"
"2084","136","1250","textcontent","14","A","2021-05-26 17:21:29","2022-07-16 17:07:03","Y"
"2085","136","85","syllabus","17","A","2021-05-26 17:21:44","2022-07-16 17:07:03","Y"
"2086","136","63","academia_panel","15","A","2021-05-26 17:48:17","2022-07-16 17:07:03","Y"
"2087","136","74","faculty","16","A","2021-05-26 17:48:45","2022-07-16 17:07:03","Y"
"2088","136","114","course_plan","18","A","2021-05-26 17:49:02","2022-07-16 17:07:03","Y"
"2089","137","134","banner","1","A","0000-00-00 00:00:00","2022-07-21 16:07:31","N"
"2090","137","29","program_overview","2","A","2021-05-27 19:46:59","2022-07-21 16:07:31","N"
"2091","137","26","promotional_video","3","A","2021-05-27 19:46:59","2022-07-21 16:07:31","N"
"2092","137","1251","textcontent","4","A","2021-05-27 19:49:29","2022-07-21 16:07:31","Y"
"2093","137","1252","textcontent","5","A","2021-05-27 19:50:09","2022-07-21 16:07:31","Y"
"2094","137","1253","textcontent","6","A","2021-05-27 19:50:55","2022-07-21 16:07:31","Y"
"2095","137","1254","textcontent","7","A","2021-05-27 19:57:21","2022-07-21 16:07:31","Y"
"2096","137","1255","textcontent","8","A","2021-05-27 19:57:52","2022-07-21 16:07:31","Y"
"2097","137","1256","textcontent","9","A","2021-05-27 20:01:03","2022-07-21 16:07:31","Y"
"2098","137","1257","textcontent","10","A","2021-05-27 20:05:48","2022-07-21 16:07:31","Y"
"2099","137","1258","textcontent","11","A","2021-05-27 20:06:18","2022-07-21 16:07:31","Y"
"2100","137","1259","textcontent","12","A","2021-05-27 20:10:02","2022-07-21 16:07:31","Y"
"2101","137","1260","textcontent","14","A","2021-05-27 20:11:06","2022-07-21 16:07:31","Y"
"2102","137","1261","textcontent","15","A","2021-05-27 20:11:38","2022-07-21 16:07:31","Y"
"2103","137","86","syllabus","16","A","2021-05-27 20:12:38","2022-07-21 16:07:31","Y"
"2104","135","1262","textcontent","25","A","2021-05-28 18:04:08","2023-10-11 13:10:38","Y"
"2105","99","1263","textcontent","30","A","2021-05-28 18:05:29","2025-03-22 05:03:53","Y"
"2106","10","30","program_overview","2","A","2021-05-28 18:34:40","2022-07-18 15:07:11","N"
"2107","14","31","program_overview","2","A","2021-05-28 18:46:51","2021-05-28 18:05:37","N"
"2108","135","1264","textcontent","23","A","2021-05-28 21:44:11","2023-10-11 13:10:38","Y"
"2109","135","1265","textcontent","27","A","2021-05-28 21:48:43","2023-10-11 13:10:38","Y"
"2110","92","32","program_overview","2","A","2021-05-29 09:52:16","2022-07-26 11:07:04","N"
"2111","3","33","program_overview","3","A","2021-05-29 10:10:45","2023-08-31 15:08:10","N"
"2112","105","34","program_overview","2","A","2021-05-29 10:40:11","2022-07-18 16:07:54","N"
"2113","17","35","program_overview","3","A","2021-05-29 10:56:07","2025-03-25 21:03:29","N"
"2114","72","36","program_overview","2","A","2021-05-29 11:04:15","2025-12-08 19:12:55","N"
"2115","22","37","program_overview","3","A","2021-05-29 11:17:57","2023-10-10 22:10:14","N"
"2116","120","38","program_overview","2","A","2021-05-29 11:31:00","2022-07-18 16:07:01","N"
"2117","15","39","program_overview","3","A","2021-05-29 12:42:41","2023-06-06 11:06:47","N"
"2118","138","135","banner","1","A","0000-00-00 00:00:00","2021-05-31 13:05:50","N"
"2119","138","40","program_overview","2","A","2021-05-31 13:23:50",NULL,"N"
"2120","138","27","promotional_video","3","A","2021-05-31 13:23:50",NULL,"N"
"2121","138","1266","textcontent","4","A","2021-05-31 13:26:02","2021-05-31 13:05:06","Y"
"2122","138","1267","textcontent","5","A","2021-05-31 13:26:37","2021-05-31 16:05:09","Y"
"2123","138","115","course_plan","6","A","2021-05-31 13:28:22",NULL,"Y"
"2124","129","1268","textcontent","6","A","2021-05-31 16:13:52","2021-05-31 19:05:55","Y"
"2125","138","1269","textcontent","7","A","2021-05-31 16:23:02","2021-05-31 19:05:58","Y"
"2126","14","28","promotional_video","26","A","2021-05-31 18:00:10",NULL,"Y"
"2127","92","29","promotional_video","3","A","2021-05-31 18:36:03","2022-07-26 11:07:04","N"
"2128","76","30","promotional_video","3","P","2021-06-01 10:18:07","2023-12-07 15:12:36","N"
"2129","78","31","promotional_video","4","P","2021-06-01 10:25:32","2026-01-25 17:01:22","N"
"2130","3","32","promotional_video","4","P","2021-06-01 10:49:47","2023-12-06 08:12:42","N"
"2131","105","33","promotional_video","3","A","2021-06-01 11:25:01","2022-07-18 16:07:54","N"
"2132","13","34","promotional_video","3","P","2021-06-01 11:30:54","2023-12-06 16:12:01","N"
"2133","13","41","program_overview","2","A","2021-06-01 12:08:26","2022-07-18 16:07:20","N"
"2134","17","35","promotional_video","4","P","2021-06-01 12:28:51","2025-03-25 21:03:29","N"
"2135","95","36","promotional_video","4","P","2021-06-01 13:30:06","2024-05-07 16:05:23","N"
"2136","72","37","promotional_video","3","A","2021-06-01 13:48:54","2025-12-08 19:12:55","N"
"2137","22","38","promotional_video","4","P","2021-06-01 13:55:37","2023-12-07 13:12:32","N"
"2138","120","39","promotional_video","3","A","2021-06-01 15:17:39","2022-07-18 16:07:01","N"
"2139","2","40","promotional_video","4","P","2021-06-01 15:56:40","2023-12-05 17:12:41","N"
"2140","15","41","promotional_video","4","A","2021-06-01 16:05:36","2023-06-06 11:06:47","N"
"2141","15","42","promotional_video","27","A","2021-06-01 16:05:39",NULL,"Y"
"2142","75","42","program_overview","21","A","2021-06-01 16:31:05",NULL,"Y"
"2143","75","43","promotional_video","22","A","2021-06-01 16:48:05",NULL,"Y"
"2144","10","44","promotional_video","3","A","2021-06-01 17:04:41","2022-07-18 15:07:11","N"
"2145","76","43","program_overview","2","A","2021-06-01 17:25:47","2023-03-07 12:03:32","N"
"2146","97","1270","textcontent","2","A","2021-06-04 17:40:48","2022-07-21 17:07:59","Y"
"2147","139","136","banner","1","P","0000-00-00 00:00:00","2021-06-08 18:06:48","Y"
"2148","139","1271","textcontent","4","P","2021-06-08 18:53:48",NULL,"Y"
"2149","139","1272","textcontent","7","P","2021-06-08 18:53:48",NULL,"Y"
"2150","139","116","course_plan","5","P","2021-06-08 18:53:48",NULL,"Y"
"2151","139","1273","textcontent","6","P","2021-06-08 18:53:48",NULL,"Y"
"2152","140","137","banner","1","A","0000-00-00 00:00:00","2026-03-12 13:03:26","N"
"2153","140","44","program_overview","3","A","2021-06-11 20:48:24","2026-03-12 13:03:26","N"
"2154","140","45","promotional_video","4","P","2021-06-11 20:48:24","2026-03-12 13:03:26","N"
"2155","140","1274","textcontent","5","A","2021-06-11 20:58:23","2026-03-12 13:03:26","Y"
"2156","140","1275","textcontent","6","A","2021-06-11 20:59:21","2026-03-12 13:03:26","Y"
"2157","140","1276","textcontent","7","A","2021-06-11 21:00:21","2026-03-12 13:03:26","Y"
"2158","140","1277","textcontent","9","A","2021-06-11 21:01:31","2026-03-12 13:03:26","Y"
"2159","140","1278","textcontent","13","A","2021-06-11 21:03:00","2026-03-12 13:03:26","Y"
"2160","140","1279","textcontent","17","A","2021-06-11 21:04:00","2026-03-12 13:03:26","Y"
"2161","140","1280","textcontent","20","A","2021-06-11 21:06:21","2026-03-12 13:03:26","Y"
"2162","140","1281","textcontent","8","A","2021-06-11 21:06:53","2026-03-12 13:03:26","Y"
"2163","140","1282","textcontent","18","A","2021-06-11 22:29:44","2026-03-12 13:03:26","Y"
"2164","140","1283","textcontent","20","D","2021-06-11 22:30:47","2023-09-01 11:09:49","Y"
"2165","140","87","syllabus","24","A","2021-06-11 22:31:35","2026-03-12 13:03:26","Y"
"2166","140","117","course_plan","25","A","2021-06-12 05:49:52","2026-03-12 13:03:26","Y"
"2167","140","58","industry","14","D","2021-06-12 06:26:22","2021-06-12 06:06:51","Y"
"2168","140","75","faculty","23","A","2021-06-12 06:37:11","2026-03-12 13:03:26","Y"
"2169","140","1284","textcontent","21","A","2021-06-13 14:27:15","2026-03-12 13:03:26","Y"
"2170","118","1285","textcontent","3","A","2021-06-13 16:06:39","2021-06-13 17:06:17","Y"
"2171","141","138","banner","1","A","0000-00-00 00:00:00","2024-11-01 12:11:33","N"
"2172","141","45","program_overview","2","A","2021-06-25 19:42:03","2022-07-20 15:07:42","N"
"2173","141","46","promotional_video","3","A","2021-06-25 19:42:03","2022-07-20 15:07:42","N"
"2174","141","1286","textcontent","4","A","2021-06-25 19:42:56","2022-07-20 15:07:42","Y"
"2175","141","1287","textcontent","5","A","2021-06-25 19:43:30","2022-07-20 15:07:42","Y"
"2176","141","1288","textcontent","6","A","2021-06-25 19:44:03","2022-07-20 15:07:42","Y"
"2177","141","1289","textcontent","7","A","2021-06-25 19:44:27","2022-07-20 15:07:42","Y"
"2178","141","1290","textcontent","8","A","2021-06-25 19:44:49","2022-07-20 15:07:42","Y"
"2179","141","1291","textcontent","9","A","2021-06-25 19:45:24","2022-07-20 15:07:42","Y"
"2180","141","1292","textcontent","10","A","2021-06-25 19:45:51","2022-07-20 15:07:42","Y"
"2181","141","1293","textcontent","11","A","2021-06-25 19:46:26","2022-07-20 15:07:42","Y"
"2182","141","1294","textcontent","12","A","2021-06-25 19:48:06","2022-07-20 15:07:42","Y"
"2183","141","1295","textcontent","14","A","2021-06-25 19:49:38","2022-07-20 15:07:42","Y"
"2184","141","1296","textcontent","15","A","2021-06-25 19:50:08","2022-07-20 15:07:42","Y"
"2185","141","88","syllabus","17","A","2021-06-25 19:50:16","2022-07-20 15:07:42","Y"
"2186","141","76","faculty","16","A","2021-06-25 20:09:30","2022-07-20 15:07:42","Y"
"2187","141","118","course_plan","18","A","2021-06-25 20:17:34","2022-07-20 15:07:42","Y"
"2188","142","139","banner","1","A","0000-00-00 00:00:00","2024-11-01 12:11:10","N"
"2189","142","46","program_overview","3","A","2021-06-26 12:30:17","2023-09-27 12:09:47","N"
"2190","142","47","promotional_video","4","P","2021-06-26 12:30:17","2023-12-07 15:12:28","N"
"2191","142","1297","textcontent","5","A","2021-06-26 12:33:30","2023-09-27 12:09:47","Y"
"2192","142","1298","textcontent","6","A","2021-06-26 12:44:00","2023-09-27 12:09:47","Y"
"2193","142","1299","textcontent","7","A","2021-06-26 12:44:42","2023-09-27 12:09:47","Y"
"2194","142","1300","textcontent","10","A","2021-06-26 12:45:06","2023-09-27 12:09:47","Y"
"2195","142","1301","textcontent","12","A","2021-06-26 12:45:35","2023-09-27 12:09:47","Y"
"2196","142","1302","textcontent","18","A","2021-06-26 12:46:08","2023-09-27 12:09:47","Y"
"2197","142","1303","textcontent","19","A","2021-06-26 12:46:54","2023-09-27 12:09:47","Y"
"2198","142","1304","textcontent","20","A","2021-06-26 12:47:46","2023-09-27 12:09:47","Y"
"2199","142","1305","textcontent","8","A","2021-06-26 12:48:30","2026-01-18 19:01:19","Y"
"2200","142","1306","textcontent","16","A","2021-06-26 12:49:09","2023-10-09 22:10:59","Y"
"2201","142","1307","textcontent","13","A","2021-06-26 12:49:41","2023-10-09 22:10:29","Y"
"2202","142","89","syllabus","22","A","2021-06-26 12:49:51","2023-09-27 12:09:47","Y"
"2203","142","119","course_plan","23","A","2021-06-26 13:58:32","2023-09-27 12:09:47","Y"
"2204","142","77","faculty","21","A","2021-06-27 11:41:21","2023-10-30 21:10:31","Y"
"2205","143","140","banner","1","A","0000-00-00 00:00:00","2023-09-24 15:09:52","N"
"2206","143","47","program_overview","3","A","2021-06-30 13:37:23","2023-10-06 17:10:32","N"
"2207","143","48","promotional_video","4","A","2021-06-30 13:37:23","2023-09-24 15:09:52","N"
"2208","143","1308","textcontent","5","A","2021-06-30 13:39:37","2023-09-24 15:09:52","Y"
"2209","143","1309","textcontent","9","A","2021-06-30 13:40:14","2023-09-24 15:09:52","Y"
"2210","143","59","industry","11","A","2021-06-30 13:42:02","2023-09-24 15:09:52","Y"
"2211","143","1310","textcontent","10","A","2021-06-30 13:43:36","2023-09-24 15:09:52","Y"
"2212","143","1311","textcontent","13","A","2021-06-30 13:44:14","2023-09-24 15:09:52","Y"
"2213","143","1312","textcontent","6","A","2021-06-30 13:46:01","2023-09-24 15:09:52","Y"
"2214","143","1313","textcontent","8","A","2021-06-30 13:48:01","2026-06-16 16:06:04","Y"
"2215","143","1314","textcontent","17","A","2021-06-30 13:48:39","2023-09-24 15:09:44","Y"
"2216","143","1315","textcontent","18","A","2021-06-30 13:49:26","2023-09-24 15:09:55","Y"
"2217","143","64","academia_panel","19","A","2021-06-30 13:50:35","2023-09-24 15:09:52","Y"
"2218","143","78","faculty","20","P","2021-06-30 13:51:23","2025-04-16 14:04:59","Y"
"2219","143","1316","textcontent","14","D","2021-06-30 13:51:59","2023-10-11 13:10:54","Y"
"2220","143","1317","textcontent","12","A","2021-06-30 13:52:49","2023-10-15 12:10:01","Y"
"2221","143","90","syllabus","21","A","2021-06-30 13:52:57","2023-09-24 15:09:52","Y"
"2222","143","120","course_plan","22","A","2021-06-30 14:28:31","2023-09-24 15:09:52","Y"
"2223","99","91","syllabus","31","D","2021-06-30 14:59:26","2023-11-24 20:11:50","Y"
"2224","144","1318","textcontent","2","P","2021-06-30 15:05:12",NULL,"Y"
"2225","144","121","course_plan","10","P","2021-06-30 15:05:12",NULL,"Y"
"2226","144","1319","textcontent","3","P","2021-06-30 15:05:12",NULL,"Y"
"2227","144","141","banner","1","P","0000-00-00 00:00:00","2021-06-30 15:06:12","Y"
"2228","144","45","forms","4","P","2021-06-30 15:05:12",NULL,"Y"
"2229","144","20","legal_expert","5","A","2021-06-30 15:05:12",NULL,"Y"
"2230","144","100","faq","11","P","2021-06-30 15:05:12",NULL,"Y"
"2231","144","65","academia_panel","7","P","2021-06-30 15:05:12",NULL,"Y"
"2232","144","60","industry","6","P","2021-06-30 15:05:12",NULL,"Y"
"2233","144","79","faculty","8","P","2021-06-30 15:05:12",NULL,"Y"
"2234","144","1320","textcontent","9","P","2021-06-30 15:05:12",NULL,"Y"
"2235","144","1321","textcontent","12","P","2021-06-30 15:05:12",NULL,"Y"
"2236","144","1322","textcontent","13","P","2021-06-30 15:05:12",NULL,"Y"
"2237","144","1323","textcontent","14","P","2021-06-30 15:05:12",NULL,"Y"
"2238","144","1324","textcontent","15","P","2021-06-30 15:05:12",NULL,"Y"
"2239","144","1325","textcontent","16","P","2021-06-30 15:05:12",NULL,"Y"
"2240","144","1326","textcontent","17","P","2021-06-30 15:05:12",NULL,"Y"
"2241","144","1327","textcontent","19","A","2021-06-30 15:05:12","2022-06-09 16:06:30","Y"
"2242","144","1328","textcontent","20","P","2021-06-30 15:05:12",NULL,"Y"
"2243","144","1329","textcontent","21","P","2021-06-30 15:05:12",NULL,"Y"
"2244","144","1330","textcontent","22","P","2021-06-30 15:05:12",NULL,"Y"
"2245","144","1331","textcontent","23","P","2021-06-30 15:05:12",NULL,"Y"
"2246","144","1332","textcontent","24","P","2021-06-30 15:05:12",NULL,"Y"
"2247","144","1333","textcontent","25","P","2021-06-30 15:05:12",NULL,"Y"
"2248","144","1334","textcontent","26","P","2021-06-30 15:05:12",NULL,"Y"
"2249","144","1335","textcontent","27","P","2021-06-30 15:05:12",NULL,"Y"
"2250","144","1336","textcontent","28","P","2021-06-30 15:05:12",NULL,"Y"
"2251","144","1337","textcontent","29","P","2021-06-30 15:05:12",NULL,"Y"
"2252","144","92","syllabus","30","P","2021-06-30 15:05:12",NULL,"Y"
"2253","145","142","banner","1","A","0000-00-00 00:00:00","2023-10-10 22:10:39","N"
"2254","145","48","program_overview","3","A","2021-06-30 15:30:52","2023-10-10 22:10:39","N"
"2255","145","49","promotional_video","4","A","2021-06-30 15:30:52","2023-10-10 22:10:39","N"
"2256","145","1338","textcontent","5","A","2021-06-30 15:31:49","2023-10-10 22:10:39","Y"
"2257","145","1339","textcontent","9","A","2021-06-30 15:32:23","2023-10-10 22:10:39","Y"
"2258","145","61","industry","11","A","2021-06-30 15:33:19","2023-10-10 22:10:39","Y"
"2259","145","1340","textcontent","10","A","2021-06-30 15:33:44","2023-10-10 22:10:39","Y"
"2260","145","1341","textcontent","13","A","2021-06-30 15:34:10","2023-10-10 22:10:39","Y"
"2261","145","1342","textcontent","6","A","2021-06-30 15:34:40","2023-10-10 22:10:39","Y"
"2262","145","1343","textcontent","8","A","2021-06-30 15:35:15","2026-06-15 16:06:20","Y"
"2263","145","1344","textcontent","7","A","2021-06-30 15:35:41","2023-10-10 22:10:39","Y"
"2264","145","1345","textcontent","18","A","2021-06-30 15:36:06","2023-10-10 22:10:39","Y"
"2265","145","1346","textcontent","14","A","2021-06-30 15:36:39","2023-10-10 22:10:39","Y"
"2266","145","1347","textcontent","19","A","2021-06-30 15:37:10","2023-10-10 22:10:39","Y"
"2267","145","66","academia_panel","20","A","2021-06-30 15:37:48","2023-10-10 22:10:39","Y"
"2268","145","80","faculty","21","A","2021-06-30 15:38:11","2025-04-16 14:04:41","Y"
"2269","145","1348","textcontent","16","A","2021-06-30 15:38:55","2023-10-10 22:10:39","Y"
"2270","145","1349","textcontent","12","A","2021-06-30 15:39:16","2023-10-15 10:10:37","Y"
"2271","145","93","syllabus","22","A","2021-06-30 15:39:32","2023-10-10 22:10:39","Y"
"2272","145","122","course_plan","23","A","2021-06-30 15:50:59","2023-10-10 22:10:39","Y"
"2273","137","123","course_plan","17","A","2021-07-16 01:03:18","2022-07-21 16:07:31","Y"
"2274","6","1350","textcontent","9","D","2021-07-17 17:22:03","2021-09-09 18:09:22","Y"
"2275","5","1351","textcontent","22","P","2021-07-17 17:26:06","2023-10-09 19:10:19","Y"
"2276","2","1352","textcontent","14","D","2021-07-17 17:28:28","2021-11-09 12:11:19","Y"
"2277","95","1353","textcontent","16","D","2021-07-17 17:31:32","2023-09-23 16:09:00","Y"
"2278","145","1354","textcontent","9","D","2021-07-17 17:33:33","2021-10-06 11:10:01","Y"
"2279","76","1355","textcontent","11","D","2021-07-17 17:35:20","2021-09-09 20:09:29","Y"
"2280","22","1356","textcontent","6","D","2021-07-17 17:38:55","2021-09-14 16:09:50","Y"
"2281","99","1357","textcontent","31","A","2021-07-21 20:11:58","2025-03-22 05:03:53","Y"
"2282","146","1358","textcontent","1","P","2021-07-22 13:54:00",NULL,"Y"
"2283","146","143","banner","1","P","0000-00-00 00:00:00","2021-07-22 13:07:00","Y"
"2284","146","1359","textcontent","2","P","2021-07-22 13:54:00",NULL,"Y"
"2285","146","1360","textcontent","4","P","2021-07-22 13:54:00",NULL,"Y"
"2286","146","1361","textcontent","5","P","2021-07-22 13:54:00",NULL,"Y"
"2287","146","1362","textcontent","6","P","2021-07-22 13:54:00",NULL,"Y"
"2288","146","1363","textcontent","7","P","2021-07-22 13:54:00",NULL,"Y"
"2289","146","1364","textcontent","8","P","2021-07-22 13:54:00",NULL,"Y"
"2290","146","1365","textcontent","9","P","2021-07-22 13:54:00",NULL,"Y"
"2291","146","94","syllabus","10","P","2021-07-22 13:54:00",NULL,"Y"
"2292","146","124","course_plan","12","P","2021-07-22 13:54:00",NULL,"Y"
"2293","146","1366","textcontent","13","P","2021-07-22 13:54:00",NULL,"Y"
"2294","146","81","faculty","13","P","2021-07-22 13:54:00",NULL,"Y"
"2295","146","1367","textcontent","11","P","2021-07-22 13:54:00",NULL,"Y"
"2296","146","85","video_testimonials","3","P","2021-07-22 13:54:00",NULL,"Y"
"2297","146","101","faq","15","P","2021-07-22 13:54:00",NULL,"Y"
"2298","146","1368","textcontent","14","P","2021-07-22 13:54:00",NULL,"Y"
"2299","141","102","faq","19","A","2021-07-22 14:06:11","2022-07-20 15:07:42","Y"
"2300","147","144","banner","1","A","0000-00-00 00:00:00","2025-06-10 19:06:08","N"
"2301","147","49","program_overview","3","A","2021-07-24 13:45:35","2025-06-10 19:06:08","N"
"2302","147","50","promotional_video","4","A","2021-07-24 13:45:35","2025-06-10 19:06:08","N"
"2303","147","1369","textcontent","5","A","2021-07-24 13:47:46","2025-06-10 19:06:08","Y"
"2304","147","1370","textcontent","6","A","2021-07-24 13:48:18","2025-06-10 19:06:08","Y"
"2305","147","1371","textcontent","9","A","2021-07-24 13:48:52","2025-06-10 19:06:08","Y"
"2306","147","1372","textcontent","10","A","2021-07-24 13:50:30","2025-06-10 19:06:08","Y"
"2307","147","62","industry","11","A","2021-07-24 13:51:53","2025-06-10 19:06:08","Y"
"2308","147","1373","textcontent","12","A","2021-07-24 13:52:32","2025-06-10 19:06:08","Y"
"2309","147","1374","textcontent","15","A","2021-07-24 13:52:57","2025-06-10 19:06:08","Y"
"2310","147","1375","textcontent","8","A","2021-07-24 13:54:26","2026-06-16 17:06:32","Y"
"2311","147","1376","textcontent","7","A","2021-07-24 13:55:00","2025-06-10 19:06:08","Y"
"2312","147","1377","textcontent","17","A","2021-07-24 13:55:38","2025-06-10 19:06:08","Y"
"2313","147","1378","textcontent","18","D","2021-07-24 13:56:05","2023-10-10 22:10:28","Y"
"2314","147","1379","textcontent","18","A","2021-07-24 13:56:35","2025-06-10 19:06:08","Y"
"2315","147","67","academia_panel","19","A","2021-07-24 13:58:04","2025-06-10 19:06:08","Y"
"2316","147","82","faculty","20","A","2021-07-24 13:59:09","2025-06-10 19:06:08","Y"
"2317","147","95","syllabus","22","A","2021-07-24 13:59:38","2025-06-10 19:06:08","Y"
"2318","147","125","course_plan","23","A","2021-07-24 14:18:07","2025-06-10 19:06:08","Y"
"2319","148","145","banner","1","A","0000-00-00 00:00:00","2023-10-01 21:10:40","N"
"2320","148","50","program_overview","3","A","2021-07-24 15:46:00","2023-10-06 17:10:48","N"
"2321","148","51","promotional_video","4","A","2021-07-24 15:46:00","2023-10-01 21:10:40","N"
"2322","148","1380","textcontent","5","A","2021-07-24 15:47:59","2023-10-01 21:10:40","Y"
"2323","148","1381","textcontent","9","A","2021-07-24 15:48:51","2023-10-01 21:10:40","Y"
"2324","148","63","industry","11","A","2021-07-24 15:49:41","2023-10-01 21:10:40","Y"
"2325","148","1382","textcontent","10","A","2021-07-24 15:50:06","2023-10-01 21:10:40","Y"
"2326","148","1383","textcontent","13","A","2021-07-24 15:51:03","2023-10-01 21:10:40","Y"
"2327","148","1384","textcontent","6","A","2021-07-24 15:51:28","2023-10-01 21:10:40","Y"
"2328","148","1385","textcontent","8","A","2021-07-24 15:52:14","2026-06-16 17:06:54","Y"
"2329","148","1386","textcontent","7","A","2021-07-24 15:52:39","2023-10-01 21:10:40","Y"
"2330","148","1387","textcontent","18","A","2021-07-24 15:53:28","2023-10-01 21:10:40","Y"
"2331","148","68","academia_panel","22","A","2021-07-24 15:54:24","2023-10-01 21:10:40","Y"
"2332","148","83","faculty","23","A","2021-07-24 15:54:49","2023-10-01 21:10:40","Y"
"2333","148","1388","textcontent","12","A","2021-07-24 15:55:15","2023-10-15 12:10:38","Y"
"2334","148","1389","textcontent","19","A","2021-07-24 15:56:03","2023-10-01 21:10:40","Y"
"2335","148","96","syllabus","21","A","2021-07-24 15:56:54","2023-10-01 21:10:40","Y"
"2336","149","146","banner","1","A","0000-00-00 00:00:00","2025-06-10 18:06:38","N"
"2337","149","51","program_overview","3","A","2021-07-24 17:05:55","2025-06-10 18:06:38","N"
"2338","149","52","promotional_video","4","P","2021-07-24 17:05:55","2025-06-10 18:06:38","N"
"2339","149","1390","textcontent","5","A","2021-07-24 17:14:33","2025-06-10 18:06:38","Y"
"2340","149","1391","textcontent","6","A","2021-07-24 17:15:11","2025-06-10 18:06:38","Y"
"2341","149","1392","textcontent","7","A","2021-07-24 17:15:57","2025-06-10 18:06:38","Y"
"2342","149","1393","textcontent","13","A","2021-07-24 17:16:34","2025-06-10 18:06:38","Y"
"2343","149","1394","textcontent","17","A","2021-07-24 17:17:24","2025-06-10 18:06:38","Y"
"2344","149","1395","textcontent","18","A","2021-07-24 17:17:52","2025-06-10 18:06:38","Y"
"2345","149","1396","textcontent","8","A","2021-07-24 17:18:32","2026-06-16 16:06:16","Y"
"2346","149","1397","textcontent","17","D","2021-07-24 17:18:57","2023-10-10 22:10:42","Y"
"2347","149","1398","textcontent","15","D","2021-07-24 17:19:24","2023-09-29 16:09:57","Y"
"2348","149","97","syllabus","20","A","2021-07-24 17:19:52","2025-06-10 18:06:38","Y"
"2349","148","126","course_plan","20","A","2021-07-24 17:38:26","2023-10-01 21:10:40","Y"
"2350","149","127","course_plan","21","A","2021-07-24 17:38:39","2025-06-10 18:06:38","Y"
"2351","149","69","academia_panel","19","D","2021-07-24 19:27:43","2023-10-30 21:10:13","Y"
"2352","149","84","faculty","24","D","2021-07-24 19:28:23","2023-10-10 22:10:59","Y"
"2353","150","147","banner","1","A","0000-00-00 00:00:00","2026-01-31 15:01:59","N"
"2354","150","52","program_overview","3","A","2021-07-25 17:10:13","2026-01-31 15:01:59","N"
"2355","150","53","promotional_video","4","A","2021-07-25 17:10:13","2026-01-31 15:01:59","N"
"2356","150","1399","textcontent","5","A","2021-07-25 17:13:59","2026-01-31 15:01:59","Y"
"2357","150","1400","textcontent","6","A","2021-07-25 17:14:44","2026-01-31 15:01:59","Y"
"2358","150","1401","textcontent","7","A","2021-07-25 17:15:12","2026-01-31 15:01:59","Y"
"2359","150","1402","textcontent","8","A","2021-07-25 17:15:53","2026-01-31 15:01:59","Y"
"2360","150","1403","textcontent","9","A","2021-07-25 17:16:17","2026-01-31 15:01:59","Y"
"2361","150","1404","textcontent","10","A","2021-07-25 17:16:39","2026-01-31 15:01:59","Y"
"2362","150","1405","textcontent","11","A","2021-07-25 17:17:27","2026-01-31 15:01:59","Y"
"2363","150","1406","textcontent","13","A","2021-07-25 17:17:58","2026-01-31 15:01:59","Y"
"2364","150","85","faculty","15","A","2021-07-25 17:18:46","2026-01-31 15:01:59","Y"
"2365","150","1407","textcontent","16","A","2021-07-25 17:19:16","2026-01-31 15:01:59","Y"
"2366","150","98","syllabus","17","A","2021-07-25 17:19:24","2026-01-31 15:01:59","Y"
"2367","150","1408","textcontent","14","A","2021-07-25 18:07:11","2026-01-31 15:01:59","Y"
"2368","150","128","course_plan","18","A","2021-07-25 18:09:47","2026-01-31 15:01:59","Y"
"2369","122","1409","textcontent","5","A","2021-07-26 16:59:01","2023-09-27 12:09:51","Y"
"2370","122","1410","textcontent","9","A","2021-07-26 17:02:42","2023-09-27 12:09:51","Y"
"2371","135","1411","textcontent","6","A","2021-07-27 16:38:08","2023-10-11 13:10:38","N"
"2372","151","148","banner","1","A","0000-00-00 00:00:00","2021-08-02 19:08:35","N"
"2373","151","53","program_overview","2","A","2021-07-27 18:19:49",NULL,"N"
"2374","151","54","promotional_video","3","A","2021-07-27 18:19:49",NULL,"N"
"2375","151","1412","textcontent","4","A","2021-07-27 18:28:03","2021-07-28 14:07:41","Y"
"2376","151","1413","textcontent","5","A","2021-07-27 18:29:08","2021-07-27 20:07:00","Y"
"2377","151","1414","textcontent","6","A","2021-07-27 18:29:41","2021-07-27 18:07:05","Y"
"2378","99","1415","textcontent","32","A","2021-07-27 18:30:36","2025-03-22 05:03:53","Y"
"2379","151","1416","textcontent","7","A","2021-07-27 18:35:15",NULL,"Y"
"2380","151","1417","textcontent","8","A","2021-07-27 18:35:38",NULL,"Y"
"2381","151","1418","textcontent","9","D","2021-07-27 18:36:01","2023-10-01 15:10:56","Y"
"2382","151","1419","textcontent","10","A","2021-07-27 18:39:27","2021-08-02 14:08:28","Y"
"2383","151","1420","textcontent","11","A","2021-07-27 18:39:50",NULL,"Y"
"2384","151","1421","textcontent","12","A","2021-07-27 18:40:15",NULL,"Y"
"2385","151","1422","textcontent","13","A","2021-07-27 18:40:39","2021-08-27 16:08:32","Y"
"2386","151","1423","textcontent","14","A","2021-07-27 18:41:01","2021-08-13 16:08:16","Y"
"2387","151","1424","textcontent","15","A","2021-07-27 18:41:15","2021-07-28 14:07:31","Y"
"2388","151","1425","textcontent","16","A","2021-07-27 18:44:51",NULL,"Y"
"2389","151","1426","textcontent","17","A","2021-07-27 18:45:07","2021-07-28 16:07:52","Y"
"2390","99","1427","textcontent","33","A","2021-07-27 18:46:23","2025-03-22 05:03:53","Y"
"2391","99","1428","textcontent","34","A","2021-07-27 18:48:24","2025-03-22 05:03:53","Y"
"2392","151","1429","textcontent","18","A","2021-07-27 19:00:02","2021-07-28 17:07:03","Y"
"2393","151","1430","textcontent","19","A","2021-07-27 19:56:34",NULL,"Y"
"2394","151","129","course_plan","20","A","2021-07-28 13:55:23",NULL,"Y"
"2395","152","149","banner","1","A","0000-00-00 00:00:00","2023-10-10 22:10:35","N"
"2396","152","54","program_overview","3","A","2021-08-13 16:16:22","2023-10-10 22:10:35","N"
"2397","152","55","promotional_video","4","A","2021-08-13 16:16:22","2023-10-10 22:10:35","N"
"2398","152","1431","textcontent","5","A","2021-08-13 16:20:14","2023-10-10 22:10:35","Y"
"2399","152","1432","textcontent","6","A","2021-08-13 16:20:37","2023-10-10 22:10:35","Y"
"2400","152","1433","textcontent","9","A","2021-08-13 16:21:07","2023-10-10 22:10:35","Y"
"2401","152","1434","textcontent","10","A","2021-08-13 16:21:29","2023-10-10 22:10:35","Y"
"2402","152","64","industry","11","A","2021-08-13 16:22:09","2023-10-10 22:10:35","Y"
"2403","152","1435","textcontent","13","A","2021-08-13 16:23:09","2023-10-10 22:10:35","Y"
"2404","152","1436","textcontent","16","A","2021-08-13 16:23:36","2023-10-10 22:10:35","Y"
"2405","152","1437","textcontent","8","A","2021-08-13 16:25:14","2023-10-15 10:10:40","Y"
"2406","152","1438","textcontent","7","A","2021-08-13 16:25:40","2023-10-10 22:10:35","Y"
"2407","152","1439","textcontent","18","A","2021-08-13 16:26:30","2023-10-10 22:10:35","Y"
"2408","152","1440","textcontent","12","A","2021-08-13 16:26:50","2023-10-15 13:10:11","Y"
"2409","152","1441","textcontent","19","A","2021-08-13 16:27:17","2023-10-10 22:10:35","Y"
"2410","152","70","academia_panel","20","A","2021-08-13 16:28:00","2024-02-29 20:02:45","Y"
"2411","152","86","faculty","21","A","2021-08-13 16:28:56","2025-04-16 14:04:07","Y"
"2412","152","99","syllabus","22","A","2021-08-13 16:29:35","2023-10-10 22:10:35","Y"
"2413","152","130","course_plan","23","A","2021-08-13 17:15:52","2023-10-10 22:10:35","Y"
"2414","99","1442","textcontent","35","A","2021-08-14 08:51:15","2025-03-22 05:03:53","Y"
"2415","153","150","banner","1","A","0000-00-00 00:00:00","2023-10-10 22:10:37","N"
"2416","153","55","program_overview","3","A","2021-08-14 11:25:18","2023-10-10 22:10:37","N"
"2417","153","56","promotional_video","4","A","2021-08-14 11:25:18","2023-10-10 22:10:37","N"
"2418","153","1443","textcontent","5","A","2021-08-14 11:28:30","2023-10-10 22:10:37","Y"
"2419","153","1444","textcontent","6","A","2021-08-14 11:28:55","2023-10-10 22:10:37","Y"
"2420","153","1445","textcontent","9","A","2021-08-14 11:29:23","2023-10-10 22:10:37","Y"
"2421","153","1446","textcontent","10","A","2021-08-14 11:30:20","2023-10-10 22:10:37","Y"
"2422","153","65","industry","11","D","2021-08-14 11:30:40","2023-10-10 22:10:25","Y"
"2423","153","1447","textcontent","13","A","2021-08-14 11:31:05","2023-10-10 22:10:37","Y"
"2424","153","1448","textcontent","8","A","2021-08-14 11:31:35","2026-06-16 17:06:29","Y"
"2425","153","1449","textcontent","7","A","2021-08-14 11:31:59","2023-10-10 22:10:37","Y"
"2426","153","1450","textcontent","18","A","2021-08-14 11:32:27","2023-10-10 22:10:37","Y"
"2427","153","1451","textcontent","12","D","2021-08-14 11:32:48","2023-10-10 22:10:57","Y"
"2428","153","1452","textcontent","19","A","2021-08-14 11:33:16","2023-10-10 22:10:37","Y"
"2429","153","71","academia_panel","20","A","2021-08-14 11:34:03","2023-10-10 22:10:37","Y"
"2430","153","87","faculty","21","A","2021-08-14 11:34:33","2023-10-10 22:10:37","Y"
"2431","153","100","syllabus","22","A","2021-08-14 11:34:45","2023-10-10 22:10:37","Y"
"2432","153","131","course_plan","23","A","2021-08-14 11:58:30","2023-10-10 22:10:37","Y"
"2433","154","151","banner","1","A","0000-00-00 00:00:00","2024-11-01 12:11:52","N"
"2434","154","56","program_overview","3","A","2021-08-14 13:58:36","2023-10-30 21:10:28","N"
"2435","154","57","promotional_video","4","P","2021-08-14 13:58:36","2023-12-04 19:12:58","N"
"2436","154","1453","textcontent","5","A","2021-08-14 14:02:35","2024-02-03 17:02:32","Y"
"2437","154","1454","textcontent","6","A","2021-08-14 14:08:12","2023-10-30 21:10:28","N"
"2438","154","1455","textcontent","7","A","2021-08-14 14:08:36","2023-10-30 21:10:28","Y"
"2439","154","1456","textcontent","9","A","2021-08-14 14:09:06","2023-10-30 21:10:28","Y"
"2440","154","1457","textcontent","10","A","2021-08-14 14:09:31","2023-10-30 21:10:28","Y"
"2441","154","1458","textcontent","11","A","2021-08-14 14:10:00","2023-10-30 21:10:28","Y"
"2442","154","1459","textcontent","13","A","2021-08-14 14:10:30","2023-10-30 21:10:28","Y"
"2443","154","1460","textcontent","8","A","2021-08-14 14:12:23","2026-01-25 16:01:40","Y"
"2444","154","1461","textcontent","18","A","2021-08-14 14:13:31","2023-10-30 21:10:28","Y"
"2445","154","1462","textcontent","15","D","2021-08-14 14:14:00","2023-09-01 11:09:25","Y"
"2446","154","1463","textcontent","24","A","2021-08-14 15:05:26","2024-11-22 17:11:51","Y"
"2447","154","72","academia_panel","24","D","2021-08-14 15:09:57","2023-10-30 21:10:17","Y"
"2448","154","88","faculty","18","D","2021-08-14 15:10:17","2023-09-01 11:09:51","Y"
"2449","154","132","course_plan","25","A","2021-08-14 15:24:32","2023-10-30 21:10:28","Y"
"2450","154","1464","textcontent","12","D","2021-08-14 20:13:09","2021-09-09 19:09:35","Y"
"2451","155","152","banner","1","A","0000-00-00 00:00:00","2022-07-21 16:07:27","N"
"2452","155","57","program_overview","2","A","2021-08-24 14:45:34","2022-07-21 16:07:27","N"
"2453","155","58","promotional_video","3","A","2021-08-24 14:45:34","2022-07-21 16:07:27","N"
"2454","155","1465","textcontent","4","A","2021-08-24 14:47:55","2022-07-21 16:07:27","Y"
"2455","155","1466","textcontent","5","A","2021-08-24 14:48:18","2022-07-21 16:07:27","Y"
"2456","155","1467","textcontent","6","A","2021-08-24 14:48:57","2022-07-21 16:07:27","Y"
"2457","155","1468","textcontent","7","A","2021-08-24 14:49:40","2022-07-21 16:07:27","Y"
"2458","155","1469","textcontent","8","A","2021-08-24 14:50:32","2022-07-21 16:07:27","Y"
"2459","155","1470","textcontent","9","A","2021-08-24 14:51:57","2022-07-21 16:07:27","Y"
"2460","155","1471","textcontent","10","A","2021-08-24 14:52:30","2022-07-21 16:07:27","Y"
"2461","155","1472","textcontent","11","A","2021-08-24 14:53:06","2022-07-21 16:07:27","Y"
"2462","155","1473","textcontent","12","A","2021-08-24 14:53:39","2022-07-21 16:07:27","Y"
"2463","155","1474","textcontent","15","A","2021-08-24 14:54:22","2022-07-21 16:07:27","Y"
"2464","155","1475","textcontent","16","A","2021-08-24 14:54:49","2022-07-21 16:07:27","Y"
"2465","155","133","course_plan","18","A","2021-08-24 14:55:26","2022-07-21 16:07:27","Y"
"2466","155","101","syllabus","17","A","2021-08-24 14:58:22","2022-07-21 16:07:27","Y"
"2467","156","153","banner","1","A","0000-00-00 00:00:00","2022-07-21 16:07:10","N"
"2468","156","58","program_overview","2","A","2021-08-25 10:40:51","2022-07-21 16:07:10","N"
"2469","156","59","promotional_video","3","A","2021-08-25 10:40:51","2022-07-21 16:07:10","N"
"2470","156","1476","textcontent","4","A","2021-08-25 10:41:52","2022-07-21 16:07:10","Y"
"2471","156","1477","textcontent","5","A","2021-08-25 10:42:49","2022-07-21 16:07:10","Y"
"2472","156","1478","textcontent","6","A","2021-08-25 10:43:26","2022-07-21 16:07:10","Y"
"2473","156","1479","textcontent","7","A","2021-08-25 10:45:59","2022-07-21 16:07:10","Y"
"2474","156","1480","textcontent","8","A","2021-08-25 10:46:41","2022-07-21 16:07:10","Y"
"2475","156","1481","textcontent","9","A","2021-08-25 10:47:41","2022-07-21 16:07:10","Y"
"2476","156","1482","textcontent","10","A","2021-08-25 10:48:05","2022-07-21 16:07:10","Y"
"2477","156","1483","textcontent","11","A","2021-08-25 10:48:28","2022-07-21 16:07:10","Y"
"2478","156","1484","textcontent","12","A","2021-08-25 10:48:54","2022-07-21 16:07:10","Y"
"2479","156","1485","textcontent","14","A","2021-08-25 10:49:26","2022-07-21 16:07:10","Y"
"2480","156","1486","textcontent","15","A","2021-08-25 10:50:28","2022-07-21 16:07:10","Y"
"2481","156","102","syllabus","16","A","2021-08-25 10:50:34","2022-07-21 16:07:10","Y"
"2482","157","154","banner","1","A","0000-00-00 00:00:00","2023-09-01 14:09:01","N"
"2483","157","59","program_overview","3","A","2021-08-27 14:51:54","2023-09-01 14:09:01","N"
"2484","157","60","promotional_video","4","A","2021-08-27 14:51:54","2023-09-14 00:09:41","N"
"2485","157","1487","textcontent","8","A","2021-08-27 14:53:44","2023-09-01 14:09:01","Y"
"2486","157","1488","textcontent","9","A","2021-08-27 14:54:08","2023-09-01 14:09:01","Y"
"2487","157","1489","textcontent","11","A","2021-08-27 14:54:32","2023-09-01 14:09:01","Y"
"2488","157","1490","textcontent","12","A","2021-08-27 14:55:00","2023-09-01 14:09:01","Y"
"2489","157","1491","textcontent","13","A","2021-08-27 14:55:31","2023-09-01 14:09:01","Y"
"2490","157","1492","textcontent","14","A","2021-08-27 14:56:14","2023-09-01 14:09:01","Y"
"2491","157","1493","textcontent","15","A","2021-08-27 14:56:52","2023-09-01 14:09:01","Y"
"2492","157","1494","textcontent","17","A","2021-08-27 14:57:28","2023-09-01 14:09:01","Y"
"2493","157","1495","textcontent","10","A","2021-08-27 14:57:56","2023-09-01 14:09:01","Y"
"2494","157","1496","textcontent","21","A","2021-08-27 14:58:25","2023-09-01 14:09:01","Y"
"2495","157","1497","textcontent","19","A","2021-08-27 14:58:57","2023-09-01 14:09:27","Y"
"2496","157","103","syllabus","24","A","2021-08-27 14:59:15","2023-09-01 14:09:01","Y"
"2497","157","134","course_plan","25","A","2021-08-27 15:46:46","2023-09-01 14:09:01","Y"
"2498","158","155","banner","1","A","0000-00-00 00:00:00","2023-10-11 13:10:33","N"
"2499","158","60","program_overview","3","A","2021-08-28 10:39:03","2026-01-31 12:01:01","N"
"2500","158","61","promotional_video","4","A","2021-08-28 10:39:03","2023-10-11 13:10:33","N"
"2501","158","1498","textcontent","5","A","2021-08-28 10:42:10","2023-10-11 13:10:33","Y"
"2502","99","1499","textcontent","36","A","2021-08-28 11:02:00","2025-03-22 05:03:53","Y"
"2503","158","1500","textcontent","24","A","2021-08-28 11:25:11","2023-10-11 13:10:33","Y"
"2504","158","1501","textcontent","6","A","2021-08-28 11:41:24","2023-10-11 13:10:33","Y"
"2505","158","1502","textcontent","7","A","2021-08-28 11:47:25","2023-10-11 13:10:33","Y"
"2506","99","1503","textcontent","37","A","2021-08-28 11:52:23","2025-03-22 05:03:53","Y"
"2507","158","1504","textcontent","8","A","2021-08-28 11:53:55","2023-10-11 13:10:33","Y"
"2508","158","1505","textcontent","14","A","2021-08-28 11:55:58","2023-10-11 13:10:33","Y"
"2509","158","1506","textcontent","15","A","2021-08-28 11:56:21","2023-10-11 13:10:33","Y"
"2510","158","1507","textcontent","10","D","2021-08-28 11:56:42","2023-10-01 15:10:43","Y"
"2511","158","1508","textcontent","12","A","2021-08-28 12:00:01","2026-01-25 16:01:35","Y"
"2512","158","1509","textcontent","9","A","2021-08-28 12:01:29","2023-10-11 13:10:33","Y"
"2513","158","89","faculty","27","A","2021-08-28 12:02:05","2023-11-02 13:11:49","Y"
"2514","158","1510","textcontent","17","A","2021-08-28 12:02:28","2023-10-15 12:10:22","Y"
"2515","158","1511","textcontent","30","A","2021-08-28 12:02:53","2023-10-11 13:10:33","Y"
"2516","158","1512","textcontent","20","D","2021-08-28 12:03:12","2023-10-11 13:10:42","Y"
"2517","158","1513","textcontent","22","A","2021-08-28 12:04:57","2023-10-11 13:10:33","Y"
"2518","158","1514","textcontent","28","A","2021-08-28 12:05:17","2023-10-11 13:10:33","Y"
"2519","99","1515","textcontent","38","A","2021-08-28 12:14:50","2025-03-22 05:03:53","Y"
"2520","158","1516","textcontent","25","A","2021-08-28 12:18:48","2023-10-11 13:10:33","Y"
"2521","99","1517","textcontent","39","A","2021-08-28 12:19:51","2025-03-22 05:03:53","Y"
"2522","158","1518","textcontent","26","A","2021-08-28 12:25:57","2023-10-11 13:10:33","Y"
"2523","158","1519","textcontent","23","A","2021-08-28 12:26:20","2023-10-11 13:10:33","Y"
"2524","158","135","course_plan","29","A","2021-08-28 13:12:50","2023-10-11 13:10:33","Y"
"2525","159","156","banner","1","A","0000-00-00 00:00:00","2023-11-02 13:11:46","N"
"2526","159","61","program_overview","3","A","2021-08-28 14:22:18","2026-01-31 14:01:25","N"
"2527","159","62","promotional_video","4","A","2021-08-28 14:22:18","2023-11-02 13:11:46","N"
"2528","159","1520","textcontent","5","A","2021-08-28 14:22:55","2023-11-02 13:11:46","Y"
"2529","159","1521","textcontent","6","A","2021-08-28 14:23:42","2023-11-02 13:11:46","Y"
"2530","159","1522","textcontent","7","A","2021-08-28 14:28:11","2023-11-02 13:11:46","Y"
"2531","159","1523","textcontent","8","A","2021-08-28 14:28:44","2023-11-02 13:11:46","Y"
"2532","159","1524","textcontent","14","A","2021-08-28 14:29:20","2023-11-02 13:11:46","Y"
"2533","159","1525","textcontent","15","A","2021-08-28 14:29:48","2023-11-02 13:11:46","Y"
"2534","159","1526","textcontent","24","A","2021-08-28 14:29:53","2023-11-02 13:11:46","Y"
"2535","159","1527","textcontent","10","D","2021-08-28 14:30:12","2023-10-01 15:10:17","Y"
"2536","159","1528","textcontent","12","A","2021-08-28 14:34:57","2026-01-25 16:01:35","Y"
"2537","159","1529","textcontent","9","A","2021-08-28 14:35:22","2023-11-02 13:11:46","Y"
"2538","159","90","faculty","27","A","2021-08-28 14:37:27","2023-11-02 13:11:46","Y"
"2539","159","1530","textcontent","17","A","2021-08-28 14:39:02","2023-11-02 13:11:46","Y"
"2540","159","1531","textcontent","29","A","2021-08-28 14:39:28","2023-11-02 13:11:46","Y"
"2541","159","1532","textcontent","20","A","2021-08-28 14:39:50","2023-11-02 13:11:46","Y"
"2542","159","1533","textcontent","22","A","2021-08-28 14:40:23","2023-11-02 13:11:46","Y"
"2543","159","1534","textcontent","28","A","2021-08-28 14:46:57","2023-11-02 13:11:46","Y"
"2544","159","1535","textcontent","25","A","2021-08-28 14:47:11","2023-11-02 13:11:46","Y"
"2545","159","1536","textcontent","26","A","2021-08-28 14:55:17","2023-11-02 13:11:46","Y"
"2546","159","1537","textcontent","23","A","2021-08-28 14:55:40","2023-11-02 13:11:46","Y"
"2547","159","136","course_plan","28","D","2021-08-28 15:10:02","2023-10-02 00:10:46","Y"
"2548","160","157","banner","1","A","0000-00-00 00:00:00","2022-07-20 16:07:42","N"
"2549","160","62","program_overview","2","A","2021-08-28 15:40:35","2022-07-20 16:07:42","N"
"2550","160","63","promotional_video","3","A","2021-08-28 15:40:35","2022-07-20 16:07:42","N"
"2551","160","1538","textcontent","4","A","2021-08-28 15:41:09","2022-07-20 16:07:42","Y"
"2552","160","1539","textcontent","5","A","2021-08-28 15:41:56","2022-07-20 16:07:42","Y"
"2553","160","1540","textcontent","6","A","2021-08-28 15:44:46","2022-07-20 16:07:42","Y"
"2554","160","1541","textcontent","7","A","2021-08-28 15:49:29","2026-06-18 11:06:52","Y"
"2555","160","1542","textcontent","9","A","2021-08-28 15:49:50","2022-07-20 16:07:42","Y"
"2556","160","1543","textcontent","10","A","2021-08-28 15:50:09","2022-07-20 16:07:42","Y"
"2557","160","91","faculty","11","A","2021-08-28 15:50:38","2022-07-20 16:07:42","Y"
"2558","160","104","syllabus","12","A","2021-08-28 15:58:10","2022-07-20 16:07:42","Y"
"2559","160","137","course_plan","13","A","2021-08-28 16:11:51","2022-07-20 16:07:42","Y"
"2560","161","158","banner","1","A","0000-00-00 00:00:00","2026-05-28 10:05:50","N"
"2561","161","63","program_overview","2","A","2021-08-28 16:46:45","2026-05-28 10:05:50","N"
"2562","161","64","promotional_video","3","A","2021-08-28 16:46:45","2026-05-28 10:05:50","N"
"2563","161","1544","textcontent","4","A","2021-08-28 16:52:18","2026-05-28 10:05:50","Y"
"2564","161","1545","textcontent","6","D","2021-08-28 16:56:30","2024-01-19 14:01:20","Y"
"2565","161","1546","textcontent","7","D","2021-08-28 17:05:58","2024-01-19 14:01:34","Y"
"2566","161","1547","textcontent","8","D","2021-08-28 17:21:11","2024-01-19 14:01:51","Y"
"2567","99","1548","textcontent","40","A","2021-08-28 17:29:52","2025-03-22 05:03:53","Y"
"2568","161","1549","textcontent","18","D","2021-08-28 17:31:22","2024-01-19 14:01:33","Y"
"2569","161","138","course_plan","23","A","2021-08-28 17:42:07","2026-05-28 10:05:50","Y"
"2570","161","1550","textcontent","17","D","2021-08-28 17:45:38","2024-01-19 14:01:43","Y"
"2571","161","1551","textcontent","19","D","2021-08-28 17:49:43","2024-01-19 14:01:58","Y"
"2572","162","159","banner","1","A","0000-00-00 00:00:00","2024-05-18 15:05:08","N"
"2573","162","64","program_overview","2","A","2021-08-28 17:56:09","2024-05-18 15:05:08","N"
"2574","162","65","promotional_video","3","A","2021-08-28 17:56:09","2024-05-18 15:05:08","N"
"2575","162","1552","textcontent","4","A","2021-08-28 17:57:09","2026-05-27 13:05:09","Y"
"2576","162","1553","textcontent","5","A","2021-08-28 17:57:41","2024-05-18 15:05:08","Y"
"2577","162","1554","textcontent","6","A","2021-08-28 17:59:02","2024-05-18 15:05:08","Y"
"2578","161","1555","textcontent","18","P","2021-08-28 17:59:03","2026-05-28 10:05:50","Y"
"2579","161","1556","textcontent","24","A","2021-08-28 18:02:46","2026-05-28 10:05:50","Y"
"2580","162","1557","textcontent","7","A","2021-08-28 18:02:52","2026-05-27 13:05:13","Y"
"2581","162","1558","textcontent","8","A","2021-08-28 18:05:55","2025-01-16 14:01:41","Y"
"2582","162","1559","textcontent","9","A","2021-08-28 18:06:44","2024-05-18 15:05:08","Y"
"2583","162","1560","textcontent","10","A","2021-08-28 18:07:40","2026-05-27 13:05:06","Y"
"2584","163","160","banner","1","A","0000-00-00 00:00:00","2026-01-29 21:01:45","N"
"2585","163","65","program_overview","2","A","2021-08-28 19:25:25","2026-05-27 15:05:26","N"
"2586","163","66","promotional_video","3","A","2021-08-28 19:25:25","2026-01-29 21:01:45","N"
"2587","163","1561","textcontent","6","A","2021-08-28 19:26:57","2026-05-27 15:05:00","Y"
"2588","163","1562","textcontent","7","A","2021-08-28 19:29:43","2026-05-27 15:05:19","Y"
"2589","162","1563","textcontent","15","A","2021-08-28 19:29:56","2026-05-27 14:05:44","Y"
"2590","162","139","course_plan","23","A","2021-08-28 19:38:52","2024-05-18 15:05:08","Y"
"2591","163","1564","textcontent","8","A","2021-08-28 19:52:42","2026-05-27 15:05:38","Y"
"2592","163","1565","textcontent","10","A","2021-08-28 19:55:50","2026-05-27 15:05:09","Y"
"2593","163","1566","textcontent","8","D","2021-08-28 19:57:32","2022-03-14 17:03:40","Y"
"2594","163","1567","textcontent","11","A","2021-08-28 19:58:58","2026-05-27 15:05:39","Y"
"2595","163","1568","textcontent","12","A","2021-08-28 20:02:44","2026-05-27 15:05:28","Y"
"2596","163","1569","textcontent","14","A","2021-08-28 20:10:24","2026-05-27 15:05:08","Y"
"2597","163","1570","textcontent","18","P","2021-08-28 20:12:26","2026-01-29 22:01:47","Y"
"2598","163","1571","textcontent","13","D","2021-08-28 20:14:20","2022-03-14 17:03:50","Y"
"2599","163","1572","textcontent","22","A","2021-08-28 20:17:51","2026-01-29 22:01:29","Y"
"2600","163","1573","textcontent","16","D","2021-08-28 20:21:15","2022-03-14 17:03:36","Y"
"2601","163","1574","textcontent","17","D","2021-08-28 20:28:48","2022-03-14 17:03:10","Y"
"2602","163","1575","textcontent","18","D","2021-08-28 20:30:21","2022-03-14 17:03:59","Y"
"2603","163","1576","textcontent","19","D","2021-08-28 20:31:15","2022-03-14 17:03:47","Y"
"2604","163","140","course_plan","23","A","2021-08-28 20:36:10","2026-01-29 21:01:45","Y"
"2605","163","1577","textcontent","21","A","2021-08-28 20:43:40","2026-05-27 15:05:50","Y"
"2606","164","161","banner","1","A","0000-00-00 00:00:00","2021-09-06 15:09:08","N"
"2607","164","66","program_overview","2","A","2021-09-06 14:47:52",NULL,"N"
"2608","164","67","promotional_video","3","A","2021-09-06 14:47:52",NULL,"N"
"2609","164","1578","textcontent","4","A","2021-09-06 14:49:00",NULL,"Y"
"2610","164","1579","textcontent","5","A","2021-09-06 14:50:18",NULL,"Y"
"2611","164","1580","textcontent","6","A","2021-09-06 14:51:55",NULL,"Y"
"2612","164","1581","textcontent","7","A","2021-09-06 14:53:08",NULL,"Y"
"2613","164","1582","textcontent","8","A","2021-09-06 14:54:04",NULL,"Y"
"2614","164","1583","textcontent","9","A","2021-09-06 14:56:27","2021-09-07 17:09:19","Y"
"2615","164","1584","textcontent","10","P","2021-09-06 14:57:33","2021-09-06 15:09:30","Y"
"2616","164","1585","textcontent","11","A","2021-09-06 14:58:03",NULL,"Y"
"2617","164","1586","textcontent","12","A","2021-09-06 14:59:24","2021-09-06 15:09:43","Y"
"2618","99","1587","textcontent","41","A","2021-09-06 15:00:00","2025-03-22 05:03:53","Y"
"2619","164","1588","textcontent","13","A","2021-09-06 15:27:09",NULL,"Y"
"2620","164","1589","textcontent","14","A","2021-09-06 15:28:06","2021-09-06 15:09:40","Y"
"2621","164","92","faculty","15","A","2021-09-06 15:29:20",NULL,"Y"
"2622","164","141","course_plan","16","A","2021-09-06 15:38:19",NULL,"Y"
"2623","6","1590","textcontent","26","P","2021-09-09 17:53:10","2026-06-02 14:06:52","Y"
"2624","6","1591","textcontent","28","P","2021-09-09 17:54:14","2026-06-02 14:06:52","Y"
"2625","6","1592","textcontent","30","P","2021-09-09 17:55:12","2026-06-02 14:06:52","Y"
"2626","5","1593","textcontent","24","P","2021-09-09 18:19:15","2023-10-09 19:10:19","Y"
"2627","5","1594","textcontent","21","P","2021-09-09 18:20:48","2023-10-09 19:10:19","Y"
"2628","95","1595","textcontent","9","D","2021-09-09 18:35:58","2023-09-23 16:09:50","Y"
"2629","95","1596","textcontent","10","D","2021-09-09 18:37:28","2023-09-23 16:09:15","Y"
"2630","93","1597","textcontent","8","P","2021-09-09 18:57:53","2022-07-26 12:07:38","Y"
"2631","93","1598","textcontent","10","P","2021-09-09 18:58:38","2022-07-26 12:07:38","N"
"2632","93","1599","textcontent","11","P","2021-09-09 18:59:32","2022-07-26 12:07:38","N"
"2633","91","1600","textcontent","9","P","2021-09-09 19:07:12","2022-07-26 11:07:52","Y"
"2634","91","1601","textcontent","11","P","2021-09-09 19:08:01","2022-07-26 11:07:52","N"
"2635","91","1602","textcontent","12","P","2021-09-09 19:09:06","2022-07-26 11:07:52","N"
"2636","154","1603","textcontent","15","P","2021-09-09 19:19:34","2023-10-30 21:10:28","Y"
"2637","154","1604","textcontent","20","D","2021-09-09 19:23:32","2023-10-13 23:10:12","Y"
"2638","2","1605","textcontent","27","P","2021-09-09 19:26:48","2023-11-02 15:11:51","Y"
"2639","2","1606","textcontent","26","P","2021-09-09 19:28:36","2023-11-02 15:11:51","Y"
"2640","2","1607","textcontent","24","A","2021-09-09 19:30:31","2026-02-23 17:02:39","Y"
"2641","76","1608","textcontent","13","P","2021-09-09 19:46:15","2022-07-18 16:07:12","Y"
"2642","76","1609","textcontent","16","P","2021-09-09 19:46:56","2022-07-18 16:07:12","Y"
"2643","76","1610","textcontent","15","P","2021-09-09 19:47:42","2026-01-22 20:01:40","Y"
"2644","165","162","banner","1","A","0000-00-00 00:00:00","2021-09-11 12:09:41","N"
"2645","165","67","program_overview","2","A","2021-09-11 12:29:01",NULL,"N"
"2646","165","68","promotional_video","3","A","2021-09-11 12:29:01",NULL,"N"
"2647","165","1611","textcontent","4","A","2021-09-11 12:29:27","2021-09-11 18:09:17","Y"
"2648","165","1612","textcontent","5","A","2021-09-11 12:31:43",NULL,"Y"
"2649","165","1613","textcontent","6","A","2021-09-11 12:32:57",NULL,"Y"
"2650","165","1614","textcontent","7","A","2021-09-11 12:33:19","2021-09-11 18:09:15","Y"
"2651","165","1615","textcontent","8","A","2021-09-11 12:34:26",NULL,"Y"
"2652","165","1616","textcontent","9","A","2021-09-11 12:35:08",NULL,"Y"
"2653","165","1617","textcontent","10","A","2021-09-11 12:36:59",NULL,"Y"
"2654","165","1618","textcontent","11","A","2021-09-11 12:37:24",NULL,"Y"
"2655","165","1619","textcontent","12","A","2021-09-11 12:41:07","2021-09-11 18:09:45","Y"
"2656","165","1620","textcontent","13","A","2021-09-11 12:41:44",NULL,"Y"
"2657","165","93","faculty","14","A","2021-09-11 12:42:14",NULL,"Y"
"2658","165","142","course_plan","15","A","2021-09-11 12:46:16",NULL,"Y"
"2659","99","1621","textcontent","42","D","2021-09-11 13:00:04","2021-09-11 13:09:41","Y"
"2660","156","143","course_plan","17","A","2021-09-16 12:30:44","2022-07-21 16:07:10","Y"
"2661","94","1622","textcontent","14","A","2021-10-03 16:30:05","2022-07-26 12:07:19","Y"
"2662","92","1623","textcontent","16","A","2021-10-03 16:30:27","2022-07-26 11:07:04","Y"
"2663","103","1624","textcontent","12","A","2021-10-03 16:31:12","2022-07-26 12:07:06","Y"
"2664","166","163","banner","1","A","0000-00-00 00:00:00","2024-11-01 12:11:24","N"
"2665","166","68","program_overview","3","A","2021-10-08 15:35:41","2023-11-02 18:11:10","N"
"2666","166","69","promotional_video","4","P","2021-10-08 15:35:41","2023-12-05 11:12:27","N"
"2667","166","1625","textcontent","5","A","2021-10-08 15:37:11","2023-11-02 18:11:10","Y"
"2668","166","1626","textcontent","6","A","2021-10-08 15:37:34","2023-11-02 18:11:10","Y"
"2669","166","1627","textcontent","7","A","2021-10-08 15:38:01","2023-11-02 18:11:10","Y"
"2670","166","1628","textcontent","10","A","2021-10-08 15:38:22","2023-11-02 18:11:10","Y"
"2671","166","1629","textcontent","12","A","2021-10-08 15:38:53","2023-11-02 18:11:10","Y"
"2672","166","1630","textcontent","18","A","2021-10-08 15:39:26","2023-11-02 18:11:10","Y"
"2673","166","1631","textcontent","20","A","2021-10-08 15:39:49","2023-11-02 18:11:10","Y"
"2674","166","1632","textcontent","19","A","2021-10-08 15:41:46","2023-11-02 18:11:10","Y"
"2675","166","1633","textcontent","8","A","2021-10-08 15:43:15","2026-01-25 16:01:04","Y"
"2676","166","1634","textcontent","16","A","2021-10-08 15:43:35","2023-11-02 18:11:10","Y"
"2677","166","1635","textcontent","11","A","2021-10-08 15:43:59","2023-11-02 18:11:10","Y"
"2678","166","105","syllabus","23","A","2021-10-08 15:44:08","2023-11-02 18:11:10","Y"
"2679","166","144","course_plan","24","A","2021-10-08 16:14:02","2023-11-02 18:11:10","Y"
"2680","166","94","faculty","22","A","2021-10-08 16:14:27","2023-11-02 18:11:10","Y"
"2681","79","1636","textcontent","6","A","2021-10-11 12:58:05","2023-07-07 12:07:49","Y"
"2682","79","1637","textcontent","9","P","2021-10-11 13:23:43","2023-07-06 11:07:17","N"
"2683","79","1638","textcontent","8","P","2021-10-11 13:26:46","2023-07-06 11:07:04","N"
"2684","167","164","banner","1","A","0000-00-00 00:00:00","2022-07-20 17:07:35","N"
"2685","167","69","program_overview","2","A","2021-10-14 17:43:47","2022-07-20 17:07:35","N"
"2686","167","70","promotional_video","3","A","2021-10-14 17:43:47","2022-07-20 17:07:35","N"
"2687","167","1639","textcontent","4","A","2021-10-14 18:56:00","2022-07-20 17:07:35","Y"
"2688","167","1640","textcontent","5","A","2021-10-14 19:08:36","2022-07-20 17:07:35","Y"
"2689","167","1641","textcontent","6","A","2021-10-14 19:23:37","2022-07-20 17:07:35","Y"
"2690","167","1642","textcontent","7","A","2021-10-14 19:28:43","2022-07-20 17:07:35","Y"
"2691","167","1643","textcontent","8","A","2021-10-14 19:30:08","2022-07-20 17:07:35","Y"
"2692","167","1644","textcontent","9","A","2021-10-14 20:12:14","2022-07-20 17:07:35","Y"
"2693","167","1645","textcontent","10","A","2021-10-14 21:49:28","2022-07-20 17:07:35","Y"
"2694","167","1646","textcontent","11","A","2021-10-14 21:50:32","2022-07-20 17:07:35","Y"
"2695","167","1647","textcontent","12","A","2021-10-14 21:51:20","2022-07-20 17:07:35","Y"
"2696","167","1648","textcontent","13","A","2021-10-14 21:55:26","2022-07-20 17:07:35","Y"
"2697","167","1649","textcontent","14","A","2021-10-14 21:56:36","2022-07-20 17:07:35","Y"
"2698","167","1650","textcontent","16","A","2021-10-14 21:57:22","2022-07-20 17:07:35","Y"
"2699","167","1651","textcontent","17","A","2021-10-14 21:58:40","2022-07-20 17:07:35","Y"
"2700","167","1652","textcontent","17","D","2021-10-14 22:01:56","2021-10-15 01:10:33","Y"
"2701","167","145","course_plan","18","A","2021-10-15 01:41:13","2022-07-20 17:07:35","Y"
"2702","99","1653","textcontent","9","D","2021-11-09 13:50:23","2025-03-22 06:03:48","Y"
"2703","2","1654","textcontent","8","D","2021-11-09 15:47:44","2021-11-15 20:11:34","Y"
"2704","2","1655","textcontent","17","A","2021-11-09 16:21:46","2026-04-10 16:04:21","Y"
"2705","2","1656","textcontent","15","A","2021-11-09 16:28:34","2023-11-02 15:11:51","Y"
"2706","2","1657","textcontent","17","D","2021-11-09 16:31:39","2023-09-21 14:09:32","Y"
"2707","2","1658","textcontent","7","A","2021-11-09 16:49:22","2023-11-02 15:11:51","Y"
"2708","99","70","program_overview","3","A","2021-11-09 17:02:58","2025-09-10 17:09:17","N"
"2709","99","1659","textcontent","42","A","2021-11-10 12:40:26","2025-03-22 05:03:53","Y"
"2710","99","1660","textcontent","43","A","2021-11-10 13:28:25","2025-03-22 05:03:53","Y"
"2711","2","1661","textcontent","20","A","2021-11-10 14:42:42","2023-11-02 15:11:51","Y"
"2712","2","1662","textcontent","19","A","2021-11-10 14:43:14","2023-11-02 15:11:51","Y"
"2713","6","1663","textcontent","7","D","2021-11-15 19:12:29","2023-07-26 14:07:46","Y"
"2714","6","1664","textcontent","21","P","2021-11-15 19:29:36","2026-06-02 14:06:52","N"
"2715","6","1665","textcontent","6","D","2021-11-15 19:40:47","2023-07-26 14:07:53","Y"
"2716","6","1666","textcontent","17","A","2021-11-15 19:50:21","2026-06-02 14:06:52","Y"
"2717","2","1667","textcontent","22","A","2021-11-15 19:51:56","2023-11-02 15:11:51","Y"
"2718","2","1668","textcontent","9","D","2021-11-15 20:21:29","2021-11-15 20:11:46","Y"
"2719","6","1669","textcontent","23","A","2021-11-15 20:26:55","2026-06-02 14:06:52","Y"
"2720","6","1670","textcontent","18","A","2021-11-16 11:41:52","2026-06-02 14:06:44","Y"
"2721","6","1671","textcontent","15","A","2021-11-16 13:00:08","2026-06-02 14:06:52","Y"
"2722","6","1672","textcontent","19","A","2021-11-16 13:35:47","2026-06-02 14:06:52","Y"
"2723","2","1","quick_overview","2","A","2021-11-17 19:17:49","2023-11-02 15:11:51","Y"
"2724","99","2","quick_overview","2","A","2021-11-18 15:06:54","2025-03-22 05:03:53","Y"
"2725","133","1673","textcontent","18","A","2021-11-25 16:25:55","2023-07-21 13:07:16","Y"
"2726","133","1674","textcontent","19","A","2021-11-25 16:26:39","2023-07-21 13:07:16","Y"
"2727","168","165","banner","1","A","0000-00-00 00:00:00","2024-11-01 12:11:57","N"
"2728","168","71","program_overview","3","A","2021-11-26 09:55:43","2024-04-16 17:04:20","N"
"2729","168","71","promotional_video","4","A","2021-11-26 09:55:43","2024-04-16 17:04:20","N"
"2730","168","3","quick_overview","2","A","2021-11-26 10:29:19","2024-04-16 17:04:20","Y"
"2731","168","1675","textcontent","5","A","2021-11-26 11:11:18","2024-04-16 17:04:20","Y"
"2732","168","1676","textcontent","6","A","2021-11-26 11:18:38","2024-04-16 17:04:20","Y"
"2733","168","1677","textcontent","7","P","2021-11-26 12:13:03","2024-04-16 17:04:20","N"
"2734","168","1678","textcontent","8","A","2021-11-26 12:22:19","2024-04-16 17:04:20","Y"
"2735","168","1679","textcontent","9","A","2021-11-26 12:24:46","2024-04-16 17:04:20","Y"
"2736","168","1680","textcontent","10","A","2021-11-26 12:26:34","2024-04-16 17:04:20","Y"
"2737","168","1681","textcontent","11","A","2021-11-26 12:32:24","2024-04-16 17:04:20","Y"
"2738","168","95","faculty","12","P","2021-11-26 12:46:09","2024-04-16 17:04:20","N"
"2739","168","1682","textcontent","13","A","2021-11-26 13:02:34","2024-04-16 17:04:20","Y"
"2740","168","1683","textcontent","14","D","2021-11-26 13:04:48","2021-11-26 13:11:04","Y"
"2741","168","146","course_plan","14","A","2021-11-26 13:13:06","2024-04-16 17:04:20","Y"
"2742","168","106","syllabus","15","A","2021-11-26 13:14:33","2024-04-16 17:04:20","Y"
"2743","6","1684","textcontent","21","D","2021-12-02 12:53:26","2023-07-26 15:07:07","Y"
"2744","169","166","banner","1","A","0000-00-00 00:00:00","2023-11-30 11:11:24","N"
"2745","169","72","program_overview","2","A","2021-12-03 11:20:42","2022-08-23 18:08:10","N"
"2746","169","72","promotional_video","3","A","2021-12-03 11:20:42","2022-08-23 18:08:10","N"
"2747","170","167","banner","1","A","0000-00-00 00:00:00","2022-07-21 17:07:22","N"
"2748","170","73","program_overview","2","A","2021-12-03 13:48:57","2022-07-21 17:07:22","N"
"2749","170","73","promotional_video","3","A","2021-12-03 13:48:57","2022-07-21 17:07:22","N"
"2750","170","1685","textcontent","4","A","2021-12-03 13:50:23","2022-07-21 17:07:22","Y"
"2751","170","1686","textcontent","5","A","2021-12-03 13:51:00","2022-07-21 17:07:22","Y"
"2752","170","1687","textcontent","6","A","2021-12-03 13:51:23","2022-07-21 17:07:22","Y"
"2753","170","1688","textcontent","7","A","2021-12-03 13:51:48","2022-07-21 17:07:22","Y"
"2754","170","1689","textcontent","8","A","2021-12-03 13:52:17","2022-07-21 17:07:22","Y"
"2755","170","1690","textcontent","10","A","2021-12-03 13:54:54","2022-07-21 17:07:22","Y"
"2756","170","1691","textcontent","11","A","2021-12-03 13:58:15","2022-07-21 17:07:22","Y"
"2757","170","147","course_plan","13","A","2021-12-03 13:59:46","2022-07-21 17:07:22","Y"
"2758","170","1692","textcontent","12","A","2021-12-03 14:00:21","2022-07-21 17:07:22","Y"
"2759","171","168","banner","1","A","0000-00-00 00:00:00","2022-07-21 17:07:25","N"
"2760","171","74","program_overview","2","A","2022-01-05 13:12:22","2022-07-21 17:07:25","N"
"2761","171","74","promotional_video","3","A","2022-01-05 13:12:22","2022-07-21 17:07:25","N"
"2762","171","1693","textcontent","4","A","2022-01-05 13:13:10","2022-07-21 17:07:25","Y"
"2763","171","1694","textcontent","5","A","2022-01-05 13:13:45","2022-07-21 17:07:25","Y"
"2764","171","1695","textcontent","6","A","2022-01-05 13:14:05","2022-07-21 17:07:25","Y"
"2765","171","1696","textcontent","7","A","2022-01-05 13:14:29","2022-07-21 17:07:25","Y"
"2766","171","1697","textcontent","8","A","2022-01-05 13:15:04","2022-07-21 17:07:25","Y"
"2767","171","1698","textcontent","10","A","2022-01-05 13:17:30","2022-07-21 17:07:25","Y"
"2768","171","1699","textcontent","11","A","2022-01-05 13:18:12","2022-07-21 17:07:25","Y"
"2769","99","1700","textcontent","44","A","2022-01-05 13:20:38","2025-03-22 05:03:53","Y"
"2770","171","1701","textcontent","12","A","2022-01-05 13:28:55","2022-07-21 17:07:25","Y"
"2771","171","148","course_plan","13","A","2022-01-05 13:30:58","2022-07-21 17:07:25","Y"
"2772","172","169","banner","1","A","0000-00-00 00:00:00","2024-11-01 12:11:54","N"
"2773","172","75","program_overview","3","A","2022-01-07 17:24:54","2023-10-10 22:10:18","N"
"2774","172","75","promotional_video","4","P","2022-01-07 17:24:54","2023-12-07 13:12:32","N"
"2775","172","1702","textcontent","5","A","2022-01-07 17:26:54","2024-02-03 16:02:48","Y"
"2776","172","1703","textcontent","9","A","2022-01-07 17:28:15","2023-10-10 22:10:18","Y"
"2777","172","1704","textcontent","13","A","2022-01-07 17:28:45","2023-10-10 22:10:18","Y"
"2778","172","1705","textcontent","6","A","2022-01-07 17:30:47","2023-10-10 22:10:18","Y"
"2779","172","1706","textcontent","8","A","2022-01-07 17:32:08","2026-06-16 16:06:20","Y"
"2780","172","1707","textcontent","7","A","2022-01-07 17:32:45","2023-10-10 22:10:18","Y"
"2781","172","1708","textcontent","18","A","2022-01-07 17:33:27","2023-10-10 22:10:18","Y"
"2782","172","96","faculty","20","A","2022-01-07 17:33:48","2024-05-10 16:05:00","Y"
"2783","172","1709","textcontent","16","A","2022-01-07 17:34:27","2023-10-10 22:10:18","Y"
"2784","172","1710","textcontent","12","A","2022-01-07 17:34:51","2023-10-15 12:10:25","Y"
"2785","172","1711","textcontent","19","A","2022-01-07 17:36:52","2023-10-10 22:10:37","Y"
"2786","172","107","syllabus","21","A","2022-01-07 17:36:58","2023-10-10 22:10:18","Y"
"2787","172","149","course_plan","22","A","2022-01-07 18:18:05","2023-10-10 22:10:18","Y"
"2788","173","170","banner","1","A","0000-00-00 00:00:00","2022-07-20 16:07:36","N"
"2789","173","76","program_overview","2","A","2022-01-13 16:36:52","2022-07-20 16:07:36","N"
"2790","173","76","promotional_video","3","A","2022-01-13 16:36:52","2022-07-20 16:07:36","N"
"2791","173","1712","textcontent","4","A","2022-01-13 16:43:56","2022-07-20 16:07:36","Y"
"2792","173","1713","textcontent","5","A","2022-01-13 16:44:41","2022-07-20 16:07:36","Y"
"2793","173","1714","textcontent","6","A","2022-01-13 16:45:06","2022-07-20 16:07:36","Y"
"2794","173","1715","textcontent","7","A","2022-01-13 16:46:38","2026-06-16 16:06:52","Y"
"2795","173","1716","textcontent","9","A","2022-01-13 16:47:08","2022-07-20 16:07:36","Y"
"2796","173","73","academia_panel","10","A","2022-01-13 16:47:45","2022-07-20 16:07:36","Y"
"2797","173","97","faculty","11","A","2022-01-13 16:48:03","2022-07-20 16:07:36","Y"
"2798","173","108","syllabus","12","A","2022-01-13 16:48:09","2022-07-20 16:07:36","Y"
"2799","173","150","course_plan","13","A","2022-01-13 17:15:12","2022-07-20 16:07:36","Y"
"2800","174","171","banner","1","A","0000-00-00 00:00:00","2024-11-01 12:11:22","N"
"2801","174","77","program_overview","2","A","2022-01-13 18:22:52","2022-07-20 16:07:49","N"
"2802","174","77","promotional_video","3","A","2022-01-13 18:22:52","2022-07-20 16:07:49","N"
"2803","174","1717","textcontent","4","A","2022-01-13 18:23:23","2022-07-20 16:07:49","Y"
"2804","174","1718","textcontent","5","A","2022-01-13 18:23:58","2022-07-20 16:07:49","Y"
"2805","174","1719","textcontent","6","A","2022-01-13 18:25:03","2026-06-11 16:06:30","Y"
"2806","174","1720","textcontent","7","D","2022-01-13 18:25:35","2022-01-13 21:01:22","Y"
"2807","174","1721","textcontent","8","A","2022-01-13 18:27:56","2022-07-20 16:07:49","Y"
"2808","174","74","academia_panel","9","P","2022-01-13 18:28:45","2023-10-31 21:10:38","Y"
"2809","174","98","faculty","10","A","2022-01-13 18:29:29","2025-03-25 18:03:07","Y"
"2810","174","151","course_plan","11","A","2022-01-13 18:32:07","2022-07-20 16:07:49","Y"
"2811","174","109","syllabus","12","A","2022-01-13 18:32:14","2022-07-20 16:07:49","Y"
"2812","175","172","banner","1","A","0000-00-00 00:00:00","2025-12-08 21:12:43","N"
"2813","175","78","program_overview","3","A","2022-01-13 19:55:25","2025-12-08 21:12:43","N"
"2814","175","78","promotional_video","4","A","2022-01-13 19:55:25","2025-12-08 21:12:43","N"
"2815","175","1722","textcontent","5","A","2022-01-13 19:55:51","2025-12-08 21:12:43","Y"
"2816","175","1723","textcontent","6","A","2022-01-13 19:56:09","2025-12-08 21:12:43","Y"
"2817","175","1724","textcontent","7","A","2022-01-13 19:56:59","2026-06-16 16:06:10","Y"
"2818","175","1725","textcontent","9","A","2022-01-13 19:57:40","2025-12-08 21:12:43","Y"
"2819","175","76","academia_panel","11","A","2022-01-13 20:03:13","2025-12-08 21:12:43","Y"
"2820","175","99","faculty","12","A","2022-01-13 20:03:49","2025-12-08 21:12:43","Y"
"2821","175","110","syllabus","13","A","2022-01-13 20:05:57","2025-12-08 21:12:43","Y"
"2822","175","152","course_plan","14","A","2022-01-13 20:30:22","2025-12-08 21:12:43","Y"
"2823","176","173","banner","1","A","0000-00-00 00:00:00","2022-07-21 14:07:55","N"
"2824","176","79","program_overview","2","A","2022-01-13 20:37:23","2022-07-21 14:07:55","N"
"2825","176","79","promotional_video","3","A","2022-01-13 20:37:23","2022-07-21 14:07:55","N"
"2826","176","1726","textcontent","4","A","2022-01-13 20:37:50","2022-07-21 14:07:55","Y"
"2827","176","1727","textcontent","5","A","2022-01-13 20:38:13","2022-07-21 14:07:55","Y"
"2828","176","1728","textcontent","6","A","2022-01-13 20:38:36","2022-07-21 14:07:55","Y"
"2829","176","1729","textcontent","7","A","2022-01-13 20:39:50","2022-07-21 14:07:55","Y"
"2830","176","77","academia_panel","9","A","2022-01-13 20:40:05","2022-07-21 14:07:55","Y"
"2831","176","100","faculty","10","A","2022-01-13 20:40:18","2022-07-21 14:07:55","Y"
"2832","176","111","syllabus","11","A","2022-01-13 20:44:04","2022-07-21 14:07:55","Y"
"2833","176","153","course_plan","12","A","2022-01-13 20:56:20","2022-07-21 14:07:55","Y"
"2834","177","174","banner","1","A","0000-00-00 00:00:00","2023-08-22 13:08:11","N"
"2835","177","80","program_overview","3","A","2022-01-13 21:25:08","2023-10-06 15:10:54","N"
"2836","177","80","promotional_video","4","A","2022-01-13 21:25:08","2023-09-06 01:09:41","N"
"2837","177","1730","textcontent","5","D","2022-01-13 21:25:34","2023-08-22 13:08:20","Y"
"2838","177","1731","textcontent","7","A","2022-01-13 21:26:17","2023-08-22 13:08:11","Y"
"2839","177","1732","textcontent","8","A","2022-01-13 21:27:38","2023-08-22 13:08:11","Y"
"2840","177","1733","textcontent","11","A","2022-01-13 21:30:45","2023-10-13 22:10:10","Y"
"2841","177","1734","textcontent","20","A","2022-01-13 21:31:08","2023-08-22 13:08:11","Y"
"2842","177","101","faculty","23","A","2022-01-13 21:31:58","2023-08-22 13:08:11","Y"
"2843","177","112","syllabus","25","A","2022-01-13 21:33:37","2023-08-22 13:08:11","Y"
"2844","178","175","banner","1","A","0000-00-00 00:00:00","2022-02-17 08:02:38","N"
"2845","178","81","program_overview","2","A","2022-01-19 08:23:28","2022-02-17 08:02:19","N"
"2846","178","81","promotional_video","3","A","2022-01-19 08:23:28","2022-02-17 08:02:19","N"
"2847","178","1735","textcontent","4","A","2022-01-19 08:27:15","2022-02-18 12:02:25","Y"
"2848","178","1736","textcontent","5","A","2022-01-19 08:28:08","2022-02-17 08:02:19","Y"
"2849","178","1737","textcontent","6","A","2022-01-19 08:28:48","2022-02-17 08:02:19","Y"
"2850","178","1738","textcontent","7","A","2022-01-19 08:30:47","2022-02-17 08:02:19","Y"
"2851","178","1739","textcontent","8","A","2022-01-19 08:31:38","2022-02-17 08:02:19","Y"
"2852","178","1740","textcontent","9","A","2022-01-19 08:32:46","2022-02-17 08:02:19","Y"
"2853","178","1741","textcontent","10","D","2022-01-19 08:33:23","2022-02-18 11:02:38","Y"
"2854","178","1742","textcontent","11","A","2022-01-19 08:34:23","2022-02-17 08:02:19","Y"
"2855","178","1743","textcontent","12","A","2022-01-19 08:35:03","2022-02-17 08:02:19","Y"
"2856","178","154","course_plan","14","A","2022-01-19 08:41:14","2022-02-18 11:02:02","Y"
"2857","178","113","syllabus","15","A","2022-01-19 12:41:36","2022-02-17 08:02:19","Y"
"2858","178","103","faq","16","A","2022-01-19 13:03:00","2022-02-17 08:02:19","Y"
"2859","179","176","banner","1","A","0000-00-00 00:00:00","2022-01-31 12:01:50","N"
"2860","179","82","program_overview","2","A","2022-01-31 12:23:50",NULL,"N"
"2861","179","82","promotional_video","3","A","2022-01-31 12:23:50",NULL,"N"
"2862","178","24","testimonials","13","A","2022-02-17 08:33:45","2022-02-18 11:02:20","Y"
"2863","180","177","banner","1","A","0000-00-00 00:00:00","2024-11-01 12:11:56","N"
"2864","180","83","program_overview","3","A","2022-02-18 19:17:25","2023-10-10 22:10:14","N"
"2865","180","83","promotional_video","4","P","2022-02-18 19:17:25","2023-12-07 15:12:12","N"
"2866","180","1744","textcontent","5","A","2022-02-18 19:26:39","2025-06-10 18:06:51","Y"
"2867","180","1745","textcontent","10","A","2022-02-18 19:28:38","2023-10-10 22:10:14","Y"
"2868","180","66","industry","12","A","2022-02-18 19:30:46","2023-10-10 22:10:14","Y"
"2869","180","1746","textcontent","11","A","2022-02-18 19:31:21","2023-10-10 22:10:14","Y"
"2870","180","1747","textcontent","14","A","2022-02-18 19:31:48","2023-10-10 22:10:14","Y"
"2871","180","1748","textcontent","7","A","2022-02-18 19:33:48","2023-10-10 22:10:14","Y"
"2872","180","1749","textcontent","9","A","2022-02-18 19:41:10","2026-01-30 19:01:51","Y"
"2873","180","1750","textcontent","19","A","2022-02-18 19:42:59","2023-10-10 22:10:14","Y"
"2874","180","78","academia_panel","22","P","2022-02-18 19:44:07","2025-03-25 21:03:21","Y"
"2875","180","1751","textcontent","17","A","2022-02-18 19:46:03","2023-10-10 22:10:14","Y"
"2876","180","1752","textcontent","13","A","2022-02-18 19:46:42","2023-10-15 12:10:15","Y"
"2877","180","1753","textcontent","20","A","2022-02-18 20:12:02","2023-10-10 22:10:14","Y"
"2878","180","1754","textcontent","21","A","2022-02-18 20:12:45","2023-10-10 22:10:14","Y"
"2879","180","114","syllabus","24","A","2022-02-18 20:13:06","2023-10-10 22:10:14","Y"
"2880","180","155","course_plan","25","A","2022-02-18 21:18:59","2023-10-10 22:10:14","Y"
"2881","180","103","faculty","23","A","2022-02-18 21:24:37","2025-03-25 21:03:25","Y"
"2882","181","178","banner","1","A","0000-00-00 00:00:00","2025-12-11 15:12:30","N"
"2883","181","84","program_overview","3","A","2022-02-19 12:10:30","2025-12-11 15:12:30","N"
"2884","181","84","promotional_video","4","P","2022-02-19 12:10:30","2025-12-11 15:12:30","N"
"2885","181","1755","textcontent","5","A","2022-02-19 12:12:48","2025-12-11 15:12:30","Y"
"2886","181","1756","textcontent","8","A","2022-02-19 12:13:49","2025-12-11 15:12:30","Y"
"2887","181","1757","textcontent","7","A","2022-02-19 12:14:36","2025-12-11 15:12:30","Y"
"2888","181","1758","textcontent","9","A","2022-02-19 12:15:05","2025-12-11 15:12:30","Y"
"2889","181","1759","textcontent","6","A","2022-02-19 12:15:37","2025-12-11 15:12:30","Y"
"2890","181","1760","textcontent","10","A","2022-02-19 12:16:33","2025-12-11 15:12:30","Y"
"2891","181","1761","textcontent","13","A","2022-02-19 12:17:09","2025-12-11 15:12:30","Y"
"2892","181","1762","textcontent","17","A","2022-02-19 12:17:48","2025-12-11 15:12:30","Y"
"2893","181","1763","textcontent","14","A","2022-02-19 12:21:35","2025-12-11 15:12:30","Y"
"2894","181","80","academia_panel","20","P","2022-02-19 12:22:18","2025-12-11 15:12:30","Y"
"2895","181","104","faculty","21","A","2022-02-19 12:22:49","2025-12-11 15:12:30","N"
"2896","181","1764","textcontent","11","A","2022-02-19 12:26:28","2026-01-30 18:01:20","Y"
"2897","181","1765","textcontent","19","A","2022-02-19 12:27:37","2025-12-11 15:12:30","Y"
"2898","181","1766","textcontent","18","A","2022-02-19 12:30:14","2025-12-11 15:12:30","Y"
"2899","181","1767","textcontent","23","A","2022-02-19 12:30:57","2025-12-11 15:12:30","Y"
"2900","181","115","syllabus","22","A","2022-02-19 12:31:05","2025-12-11 15:12:30","Y"
"2901","181","156","course_plan","24","A","2022-02-19 13:30:56","2025-12-11 15:12:30","Y"
"2902","182","179","banner","1","A","0000-00-00 00:00:00","2026-01-22 20:01:04","N"
"2903","182","85","program_overview","3","A","2022-02-20 01:37:31","2026-01-22 20:01:04","N"
"2904","182","85","promotional_video","4","P","2022-02-20 01:37:31","2026-01-22 20:01:04","N"
"2905","182","1768","textcontent","5","A","2022-02-20 05:41:52","2026-01-22 20:01:04","Y"
"2906","182","1769","textcontent","9","A","2022-02-20 05:42:22","2026-01-22 20:01:04","Y"
"2907","182","67","industry","11","A","2022-02-20 05:43:04","2026-01-22 20:01:04","Y"
"2908","182","1770","textcontent","10","A","2022-02-20 05:43:28","2026-01-22 20:01:04","Y"
"2909","182","1771","textcontent","13","A","2022-02-20 05:43:58","2026-01-22 20:01:04","Y"
"2910","182","1772","textcontent","6","A","2022-02-20 05:44:21","2026-01-22 20:01:04","Y"
"2911","182","1773","textcontent","8","A","2022-02-20 05:44:54","2026-01-30 18:01:34","Y"
"2912","182","1774","textcontent","17","A","2022-02-20 05:45:34","2026-01-22 20:01:04","Y"
"2913","182","81","academia_panel","19","P","2022-02-20 05:46:11","2026-01-22 20:01:04","Y"
"2914","182","105","faculty","20","A","2022-02-20 05:48:08","2026-01-22 20:01:04","Y"
"2915","182","1775","textcontent","15","A","2022-02-20 05:48:24","2026-01-22 20:01:04","Y"
"2916","182","1776","textcontent","12","A","2022-02-20 05:50:22","2026-01-22 20:01:04","Y"
"2917","182","1777","textcontent","18","A","2022-02-20 05:50:47","2026-01-22 20:01:04","Y"
"2918","182","116","syllabus","21","A","2022-02-20 05:51:14","2026-01-22 20:01:04","Y"
"2919","182","157","course_plan","22","A","2022-02-20 06:15:04","2026-01-22 20:01:04","Y"
"2920","183","180","banner","1","A","0000-00-00 00:00:00","2022-07-21 17:07:09","N"
"2921","183","86","program_overview","2","A","2022-03-07 13:47:39","2022-07-21 17:07:09","N"
"2922","183","86","promotional_video","3","A","2022-03-07 13:47:39","2022-07-21 17:07:09","N"
"2923","183","1778","textcontent","4","A","2022-03-07 13:48:10","2022-07-21 17:07:09","Y"
"2924","183","1779","textcontent","5","A","2022-03-07 13:48:32","2022-07-21 17:07:09","Y"
"2925","183","1780","textcontent","6","A","2022-03-07 13:50:14","2022-07-21 17:07:09","Y"
"2926","183","1781","textcontent","8","A","2022-03-07 13:51:07","2022-07-21 17:07:09","Y"
"2927","183","1782","textcontent","9","A","2022-03-07 13:52:16","2022-07-21 17:07:09","Y"
"2928","183","158","course_plan","9","D","2022-03-07 13:52:42","2022-03-07 22:03:13","Y"
"2929","183","159","course_plan","10","D","2022-03-07 13:52:48","2022-03-07 22:03:19","Y"
"2930","183","160","course_plan","10","A","2022-03-07 13:52:54","2022-07-21 17:07:09","Y"
"2931","184","181","banner","1","A","0000-00-00 00:00:00","2022-03-23 15:03:04","N"
"2932","184","87","program_overview","2","A","2022-03-08 08:45:52","2022-03-23 15:03:04","N"
"2933","184","87","promotional_video","3","A","2022-03-08 08:45:52","2022-03-23 15:03:04","N"
"2934","184","1783","textcontent","9","D","2022-03-08 11:25:40","2022-03-23 17:03:01","N"
"2935","184","1784","textcontent","10","A","2022-03-08 11:47:41","2022-03-23 15:03:04","Y"
"2936","184","1785","textcontent","11","A","2022-03-08 11:50:12","2022-03-23 15:03:04","Y"
"2937","184","106","faculty","13","A","2022-03-08 12:00:35","2022-03-23 15:03:04","Y"
"2938","184","1786","textcontent","12","D","2022-03-08 12:26:44","2022-03-23 17:03:06","N"
"2939","184","161","course_plan","14","A","2022-03-08 12:31:08","2022-03-23 15:03:04","Y"
"2940","102","25","testimonials","15","D","2022-03-10 14:02:06","2024-04-07 11:04:52","N"
"2941","185","182","banner","1","A","0000-00-00 00:00:00","2023-10-11 13:10:50","N"
"2942","185","88","program_overview","3","A","2022-03-15 18:03:09","2026-01-31 14:01:42","N"
"2943","185","88","promotional_video","4","A","2022-03-15 18:03:09","2023-10-11 13:10:50","N"
"2944","185","1787","textcontent","6","A","2022-03-15 18:20:28","2023-10-11 13:10:50","Y"
"2945","185","1788","textcontent","7","D","2022-03-15 18:21:18","2023-09-21 14:09:20","Y"
"2946","185","1789","textcontent","7","A","2022-03-15 18:21:49","2023-10-11 13:10:50","Y"
"2947","185","1790","textcontent","10","A","2022-03-15 18:22:15","2023-10-11 13:10:50","Y"
"2948","185","1791","textcontent","11","A","2022-03-15 18:22:41","2023-10-11 13:10:50","Y"
"2949","185","1792","textcontent","15","A","2022-03-15 18:22:58","2023-10-11 13:10:50","Y"
"2950","185","1793","textcontent","9","A","2022-03-15 18:24:22","2026-01-25 16:01:40","Y"
"2951","185","1794","textcontent","13","A","2022-03-15 18:25:15","2023-10-15 12:10:20","Y"
"2952","185","117","syllabus","20","A","2022-03-15 18:25:32","2023-10-11 13:10:50","Y"
"2953","185","162","course_plan","21","A","2022-03-15 18:50:23","2023-10-11 13:10:50","Y"
"2954","184","1795","textcontent","6","A","2022-03-23 11:38:26","2022-03-23 15:03:04","N"
"2955","184","1796","textcontent","5","D","2022-03-23 12:16:54","2022-03-23 17:03:09","Y"
"2956","184","1797","textcontent","7","A","2022-03-23 12:43:55","2022-03-23 16:03:53","Y"
"2957","184","1798","textcontent","8","A","2022-03-23 13:37:13","2022-03-23 15:03:55","Y"
"2958","184","1799","textcontent","4","A","2022-03-23 15:24:46","2022-03-24 14:03:39","Y"
"2959","186","183","banner","1","A","0000-00-00 00:00:00","2022-09-28 21:09:38","N"
"2960","186","89","program_overview","2","A","2022-03-25 19:58:45","2022-09-28 21:09:38","N"
"2961","186","89","promotional_video","3","A","2022-03-25 19:58:45","2022-09-28 21:09:38","N"
"2962","186","1800","textcontent","4","A","2022-03-25 20:02:49","2022-09-28 21:09:38","Y"
"2963","186","1801","textcontent","5","A","2022-03-25 20:03:34","2022-09-28 21:09:38","Y"
"2964","186","1802","textcontent","6","A","2022-03-25 20:04:17","2022-09-28 21:09:38","Y"
"2965","186","1803","textcontent","10","A","2022-03-25 20:05:44","2022-09-28 21:09:38","Y"
"2966","186","118","syllabus","11","A","2022-03-25 20:08:20","2022-09-28 21:09:38","Y"
"2967","186","163","course_plan","12","A","2022-03-25 20:32:56","2022-09-28 21:09:38","Y"
"2968","186","1804","textcontent","8","A","2022-03-25 20:35:26","2026-06-16 17:06:36","Y"
"2969","185","1805","textcontent","5","A","2022-03-25 23:15:31","2023-10-11 13:10:50","Y"
"2970","185","1806","textcontent","19","P","2022-03-26 09:47:42","2023-10-11 13:10:50","Y"
"2971","185","1807","textcontent","17","D","2022-03-26 10:01:14","2025-12-07 21:12:39","Y"
"2972","65","164","course_plan","21","A","2022-03-30 12:57:58","2022-03-30 13:03:22","Y"
"2973","64","165","course_plan","16","A","2022-03-30 12:58:19","2022-03-30 12:03:59","Y"
"2974","187","184","banner","1","A","0000-00-00 00:00:00","2024-02-01 17:02:55","N"
"2975","187","90","program_overview","2","A","2022-05-13 11:26:13","2026-05-27 15:05:18","N"
"2976","187","90","promotional_video","3","A","2022-05-13 11:26:13","2024-02-01 17:02:55","N"
"2977","187","1808","textcontent","4","A","2022-05-13 11:34:22","2024-10-17 19:10:12","Y"
"2978","187","1809","textcontent","5","A","2022-05-13 11:37:01","2024-03-26 21:03:52","Y"
"2979","187","1810","textcontent","6","A","2022-05-13 11:38:25","2024-03-26 21:03:07","Y"
"2980","187","1811","textcontent","8","A","2022-05-13 11:38:50","2026-05-27 15:05:57","Y"
"2981","187","1812","textcontent","9","A","2022-05-13 11:39:16","2026-05-27 15:05:00","Y"
"2982","187","1813","textcontent","10","A","2022-05-13 11:39:39","2026-05-27 15:05:30","Y"
"2983","187","1814","textcontent","11","A","2022-05-13 11:41:21","2024-02-01 17:02:55","Y"
"2984","187","1815","textcontent","12","A","2022-05-13 11:41:45","2026-05-27 16:05:29","Y"
"2985","99","1816","textcontent","45","A","2022-05-13 11:43:50","2025-03-22 05:03:53","Y"
"2986","187","166","course_plan","18","A","2022-05-13 11:53:53","2024-02-01 17:02:55","Y"
"2987","99","1817","textcontent","46","A","2022-05-16 15:55:46","2025-03-22 05:03:53","Y"
"2988","157","26","testimonials","16","A","2022-05-22 16:09:45","2023-09-01 14:09:01","Y"
"2989","155","27","testimonials","14","A","2022-05-22 16:10:40","2022-07-21 16:07:27","Y"
"2990","95","28","testimonials","25","A","2022-05-22 16:13:10","2024-05-07 16:05:23","Y"
"2991","188","185","banner","1","A","0000-00-00 00:00:00","2022-06-09 14:06:32","N"
"2992","188","91","program_overview","2","A","2022-06-09 14:15:32",NULL,"N"
"2993","188","91","promotional_video","3","A","2022-06-09 14:15:32",NULL,"N"
"2994","188","167","course_plan","4","A","2022-06-09 14:16:33",NULL,"Y"
"2995","162","1818","textcontent","11","A","2022-06-16 19:57:35","2026-05-27 14:05:42","Y"
"2996","162","1819","textcontent","13","A","2022-06-16 19:58:47","2026-05-27 14:05:24","Y"
"2997","189","186","banner","1","A","0000-00-00 00:00:00","2024-02-29 21:02:02","N"
"2998","189","92","program_overview","3","A","2022-06-18 13:31:36","2024-02-29 21:02:02","N"
"2999","189","92","promotional_video","4","A","2022-06-18 13:31:36","2024-02-29 21:02:02","N"
"3000","189","1820","textcontent","5","A","2022-06-18 13:40:39","2024-02-29 21:02:02","Y"
"3001","189","1821","textcontent","6","A","2022-06-18 13:57:09","2024-02-29 21:02:02","Y"
"3002","189","1822","textcontent","7","A","2022-06-18 14:00:59","2026-06-16 16:06:40","Y"
"3003","189","1823","textcontent","9","A","2022-06-18 14:01:59","2024-02-29 21:02:02","Y"
"3004","189","1824","textcontent","10","A","2022-06-18 14:03:09","2024-02-29 21:02:02","Y"
"3005","189","119","syllabus","12","A","2022-06-18 14:03:20","2024-02-29 21:02:02","Y"
"3006","189","168","course_plan","13","A","2022-06-18 14:38:46","2024-02-29 21:02:02","Y"
"3007","189","107","faculty","11","A","2022-06-18 14:46:08","2024-02-29 21:02:02","Y"
"3008","162","1825","textcontent","16","A","2022-07-01 11:55:33","2026-05-27 14:05:31","Y"
"3009","190","187","banner","1","A","0000-00-00 00:00:00","2023-06-03 13:06:50","N"
"3010","190","93","program_overview","2","A","2022-07-01 12:01:28","2023-06-03 13:06:50","N"
"3011","190","93","promotional_video","3","A","2022-07-01 12:01:28","2023-06-03 13:06:50","N"
"3012","190","1826","textcontent","4","A","2022-07-01 12:02:39","2023-06-03 13:06:50","Y"
"3013","190","1827","textcontent","5","A","2022-07-01 12:04:24","2023-06-03 13:06:50","Y"
"3014","190","1828","textcontent","6","A","2022-07-01 12:04:56","2023-06-03 13:06:50","Y"
"3015","190","1829","textcontent","7","A","2022-07-01 12:08:25","2023-06-03 13:06:50","Y"
"3016","99","1830","textcontent","47","A","2022-07-01 12:08:50","2025-03-22 05:03:53","Y"
"3017","190","1831","textcontent","8","A","2022-07-01 12:12:02","2023-06-03 13:06:50","Y"
"3018","190","1832","textcontent","9","A","2022-07-01 12:12:38","2023-06-03 13:06:50","Y"
"3019","190","1833","textcontent","10","A","2022-07-01 12:13:59","2023-06-03 13:06:50","Y"
"3020","190","1834","textcontent","11","A","2022-07-01 12:16:57","2023-06-03 13:06:50","Y"
"3021","190","1835","textcontent","13","A","2022-07-01 12:17:47","2023-06-03 13:06:50","Y"
"3022","190","1836","textcontent","14","A","2022-07-01 12:24:19","2023-06-03 13:06:50","Y"
"3023","190","1837","textcontent","15","A","2022-07-01 12:26:05","2023-06-03 13:06:50","Y"
"3024","99","1838","textcontent","48","A","2022-07-01 12:26:31","2025-03-22 05:03:53","Y"
"3025","190","169","course_plan","21","A","2022-07-01 13:27:22","2023-06-03 13:06:50","Y"
"3026","99","1839","textcontent","49","A","2022-07-01 17:56:42","2025-03-22 05:03:53","Y"
"3027","162","1840","textcontent","17","A","2022-07-01 18:01:17","2026-05-27 14:05:37","Y"
"3028","162","1841","textcontent","18","A","2022-07-01 18:01:42","2024-05-18 15:05:08","Y"
"3029","162","1842","textcontent","19","A","2022-07-01 18:12:37","2024-05-18 15:05:08","Y"
"3030","190","1843","textcontent","16","A","2022-07-01 18:35:53","2023-06-03 13:06:50","Y"
"3031","190","1844","textcontent","17","A","2022-07-01 18:36:20","2023-06-03 13:06:50","Y"
"3032","190","1845","textcontent","18","A","2022-07-01 18:38:55","2023-06-03 13:06:50","Y"
"3033","162","1846","textcontent","20","P","2022-07-01 20:24:16","2024-05-18 16:05:01","Y"
"3034","162","108","faculty","21","A","2022-07-02 16:06:36","2025-05-02 19:05:15","Y"
"3035","22","1847","textcontent","18","P","2022-07-16 15:45:58","2026-01-22 20:01:17","Y"
"3036","5","1848","textcontent","23","P","2022-07-16 15:50:51","2026-01-22 20:01:55","Y"
"3037","78","1849","textcontent","20","P","2022-07-16 15:55:21","2026-01-25 17:01:22","Y"
"3038","16","1850","textcontent","17","A","2022-07-16 15:57:39","2025-12-11 15:12:52","Y"
"3039","9","1851","textcontent","23","P","2022-07-16 16:05:42","2026-01-22 20:01:50","Y"
"3040","145","1852","textcontent","17","P","2022-07-16 16:11:47","2026-01-22 20:01:57","Y"
"3041","6","1853","textcontent","27","P","2022-07-16 16:29:22","2026-06-02 14:06:52","Y"
"3042","23","1854","textcontent","20","P","2022-07-16 16:33:10","2022-07-16 16:07:03","Y"
"3043","95","1855","textcontent","23","A","2022-07-16 16:36:33","2026-03-12 13:03:38","Y"
"3044","149","1856","textcontent","16","P","2022-07-16 16:41:47","2026-01-22 20:01:00","Y"
"3045","147","1857","textcontent","16","P","2022-07-16 16:45:29","2026-01-22 20:01:39","Y"
"3046","148","1858","textcontent","17","P","2022-07-16 16:54:10","2026-01-22 20:01:16","Y"
"3047","152","1859","textcontent","17","P","2022-07-16 16:59:43","2026-01-22 20:01:05","Y"
"3048","153","1860","textcontent","17","P","2022-07-16 17:03:47","2026-01-22 20:01:20","Y"
"3049","150","1861","textcontent","12","P","2022-07-16 17:08:26","2026-01-31 15:01:35","N"
"3050","131","1862","textcontent","18","P","2022-07-16 17:14:17","2026-01-22 20:01:47","Y"
"3051","142","1863","textcontent","17","P","2022-07-16 17:19:10","2026-01-22 20:01:18","Y"
"3052","136","1864","textcontent","12","A","2022-07-16 17:25:11","2023-01-02 14:01:03","Y"
"3053","126","1865","textcontent","17","P","2022-07-16 17:29:08","2026-01-22 20:01:30","Y"
"3054","140","1866","textcontent","19","A","2022-07-16 17:36:31","2026-03-12 13:03:26","Y"
"3055","172","1867","textcontent","17","P","2022-07-16 17:44:43","2026-01-22 20:01:38","Y"
"3056","166","1868","textcontent","17","P","2022-07-16 17:47:52","2026-01-22 20:01:27","Y"
"3057","17","1869","textcontent","14","A","2022-07-17 13:01:07","2026-03-12 13:03:11","Y"
"3058","3","1870","textcontent","20","A","2022-07-17 13:43:11","2023-08-31 15:08:10","Y"
"3059","4","1871","textcontent","16","P","2022-07-17 13:46:43","2026-01-31 15:01:18","Y"
"3060","10","1872","textcontent","14","P","2022-07-18 15:57:57","2026-01-22 20:01:42","Y"
"3061","13","1873","textcontent","14","P","2022-07-18 16:00:53","2026-01-31 16:01:45","Y"
"3062","15","1874","textcontent","16","P","2022-07-18 16:09:54","2026-01-31 16:01:56","Y"
"3063","120","1875","textcontent","13","A","2022-07-18 16:14:51","2022-09-15 12:09:49","Y"
"3064","101","1876","textcontent","9","P","2022-07-18 16:18:15","2024-08-22 19:08:23","Y"
"3065","76","1877","textcontent","14","D","2022-07-18 16:24:02","2025-12-08 20:12:17","Y"
"3066","105","1878","textcontent","17","P","2022-07-18 16:27:38","2026-01-22 20:01:47","Y"
"3067","74","1879","textcontent","11","P","2022-07-18 16:32:18","2026-01-31 16:01:30","Y"
"3068","19","1880","textcontent","13","A","2022-07-18 16:37:59","2026-03-12 13:03:47","Y"
"3069","12","1881","textcontent","11","A","2022-07-18 16:43:10","2022-09-15 12:09:24","Y"
"3070","176","1882","textcontent","8","A","2022-07-18 16:47:28","2022-09-15 12:09:23","Y"
"3071","132","1883","textcontent","17","A","2022-07-20 15:27:32","2026-03-12 13:03:40","Y"
"3072","154","1884","textcontent","19","P","2022-07-20 15:33:37","2026-01-22 20:01:23","Y"
"3073","157","1885","textcontent","22","A","2022-07-20 15:43:10","2023-09-01 14:09:01","Y"
"3074","185","1886","textcontent","16","P","2022-07-20 15:49:08","2026-01-22 20:01:59","Y"
"3075","141","1887","textcontent","13","A","2022-07-20 15:55:14","2022-09-15 12:09:08","Y"
"3076","143","1888","textcontent","15","P","2022-07-20 16:00:58","2026-01-22 20:01:28","Y"
"3077","181","1889","textcontent","18","D","2022-07-20 16:08:19","2023-09-24 15:09:27","Y"
"3078","182","1890","textcontent","16","P","2022-07-20 16:15:00","2026-01-22 20:01:04","N"
"3079","180","1891","textcontent","18","P","2022-07-20 16:19:31","2026-01-22 20:01:53","Y"
"3080","189","1892","textcontent","8","P","2022-07-20 16:24:09","2026-01-22 20:01:53","Y"
"3081","186","1893","textcontent","9","P","2022-07-20 16:30:23","2026-01-22 20:01:09","Y"
"3082","175","1894","textcontent","8","P","2022-07-20 16:34:17","2026-01-22 20:01:51","Y"
"3083","174","1895","textcontent","7","P","2022-07-20 16:37:42","2026-01-31 15:01:19","Y"
"3084","173","1896","textcontent","8","P","2022-07-20 16:42:18","2026-01-31 16:01:42","Y"
"3085","130","1897","textcontent","13","A","2022-07-20 16:47:46","2022-07-20 16:07:56","Y"
"3086","122","1898","textcontent","15","A","2022-07-20 16:52:10","2023-09-27 12:09:51","Y"
"3087","160","1899","textcontent","8","P","2022-07-20 16:57:32","2026-01-22 20:01:07","Y"
"3088","123","1900","textcontent","15","A","2022-07-20 17:01:28","2026-02-23 17:02:14","Y"
"3089","134","1901","textcontent","13","A","2022-07-20 17:07:35","2022-09-15 13:09:06","Y"
"3090","167","1902","textcontent","15","P","2022-07-20 17:19:08","2026-01-22 20:01:37","Y"
"3091","127","1903","textcontent","11","A","2022-07-20 17:29:31","2022-09-15 13:09:37","Y"
"3092","100","1904","textcontent","9","A","2022-07-20 17:35:26","2022-09-15 13:09:18","Y"
"3093","106","1905","textcontent","9","A","2022-07-20 17:42:12","2022-09-15 13:09:39","Y"
"3094","135","1906","textcontent","21","P","2022-07-20 17:49:37","2026-01-22 20:01:42","Y"
"3095","158","1907","textcontent","21","P","2022-07-20 17:58:10","2026-01-22 20:01:57","Y"
"3096","159","1908","textcontent","21","P","2022-07-20 18:04:42","2026-01-22 20:01:12","Y"
"3097","104","1909","textcontent","14","A","2022-07-20 18:15:05","2022-09-15 12:09:33","Y"
"3098","89","1910","textcontent","23","P","2022-07-21 15:44:09","2026-01-22 20:01:27","Y"
"3099","102","1911","textcontent","11","D","2022-07-21 15:51:20","2024-04-07 11:04:33","Y"
"3100","133","1912","textcontent","13","P","2022-07-21 16:00:44","2026-01-22 21:01:17","Y"
"3101","67","1913","textcontent","5","A","2022-07-21 16:05:43","2022-09-15 13:09:18","Y"
"3102","155","1914","textcontent","13","A","2022-07-21 16:12:15","2022-09-15 12:09:44","Y"
"3103","137","1915","textcontent","13","A","2022-07-21 16:16:38","2022-09-15 12:09:14","Y"
"3104","156","1916","textcontent","13","A","2022-07-21 16:25:00","2022-09-15 12:09:03","Y"
"3105","69","1917","textcontent","9","A","2022-07-21 16:35:56","2022-09-15 13:09:43","Y"
"3106","70","1918","textcontent","11","P","2022-07-21 16:49:03","2026-01-22 20:01:29","Y"
"3107","163","1919","textcontent","9","P","2022-07-21 16:55:02","2026-01-29 21:01:45","Y"
"3108","162","1920","textcontent","12","P","2022-07-21 17:01:35","2024-05-18 15:05:08","Y"
"3109","190","1921","textcontent","12","P","2022-07-21 17:07:00","2023-06-27 12:06:14","Y"
"3110","187","1922","textcontent","7","P","2022-07-21 17:12:56","2026-01-22 21:01:00","Y"
"3111","90","1923","textcontent","7","A","2022-07-21 17:19:51","2022-09-15 13:09:57","Y"
"3112","183","1924","textcontent","7","A","2022-07-21 17:23:51","2022-09-15 13:09:57","Y"
"3113","124","1925","textcontent","14","D","2022-07-21 17:27:03","2025-12-08 19:12:57","Y"
"3114","177","1926","textcontent","19","A","2022-07-21 17:31:46","2023-08-22 13:08:11","Y"
"3115","171","1927","textcontent","9","A","2022-07-21 17:38:08","2022-09-15 13:09:29","Y"
"3116","170","1928","textcontent","9","A","2022-07-21 17:43:58","2022-09-15 13:09:37","Y"
"3117","97","1929","textcontent","9","A","2022-07-21 17:52:48","2022-09-15 13:09:59","Y"
"3118","191","188","banner","1","A","0000-00-00 00:00:00","2024-11-01 12:11:10","N"
"3119","191","94","program_overview","3","A","2022-07-22 12:32:12","2024-04-19 12:04:05","N"
"3120","191","94","promotional_video","4","A","2022-07-22 12:32:12","2024-04-19 12:04:05","N"
"3121","191","1930","textcontent","5","A","2022-07-22 12:35:43","2024-04-19 12:04:05","Y"
"3122","191","1931","textcontent","7","A","2022-07-22 12:39:34","2024-04-19 12:04:05","Y"
"3123","191","1932","textcontent","8","A","2022-07-22 12:40:54","2024-04-19 12:04:05","Y"
"3124","191","1933","textcontent","9","A","2022-07-22 12:49:54","2024-04-19 12:04:05","Y"
"3125","191","1934","textcontent","10","A","2022-07-22 12:50:25","2024-04-19 12:04:05","Y"
"3126","191","1935","textcontent","11","A","2022-07-22 12:52:58","2024-04-19 12:04:05","Y"
"3127","191","1936","textcontent","14","A","2022-07-22 12:54:20","2026-06-17 16:06:16","Y"
"3128","191","109","faculty","16","P","2022-07-22 12:59:51","2024-04-19 12:04:05","N"
"3129","191","1937","textcontent","18","A","2022-07-22 13:00:29","2024-04-19 12:04:05","Y"
"3130","191","1938","textcontent","19","A","2022-07-22 13:00:59","2024-04-19 12:04:05","Y"
"3131","191","1939","textcontent","20","A","2022-07-22 13:01:22","2024-04-19 12:04:05","Y"
"3132","191","1940","textcontent","21","A","2022-07-22 13:01:53","2024-04-19 12:04:05","Y"
"3133","191","1941","textcontent","22","A","2022-07-22 13:04:21","2024-04-19 12:04:05","Y"
"3134","99","1942","textcontent","50","A","2022-07-22 13:05:11","2025-03-22 05:03:53","Y"
"3135","99","1943","textcontent","51","A","2022-07-22 13:09:20","2025-03-22 05:03:53","Y"
"3136","99","1944","textcontent","52","A","2022-07-22 13:16:40","2025-03-22 05:03:53","Y"
"3137","191","170","course_plan","23","A","2022-07-22 14:18:42","2024-04-19 12:04:05","Y"
"3138","191","29","testimonials","17","A","2022-07-22 14:50:05","2024-04-19 12:04:05","Y"
"3139","191","1945","textcontent","15","P","2022-07-22 14:56:04","2026-01-22 21:01:23","Y"
"3140","192","189","banner","1","A","0000-00-00 00:00:00","2022-07-23 13:07:20","N"
"3141","192","95","program_overview","2","A","2022-07-23 12:13:38","2022-07-23 13:07:20","N"
"3142","192","95","promotional_video","3","A","2022-07-23 12:13:38","2022-07-23 13:07:20","N"
"3143","192","1946","textcontent","4","A","2022-07-23 12:14:28","2022-07-23 13:07:20","Y"
"3144","192","1947","textcontent","5","A","2022-07-23 12:16:05","2022-07-23 13:07:20","Y"
"3145","192","1948","textcontent","6","A","2022-07-23 12:16:39","2022-07-23 14:07:58","Y"
"3146","192","1949","textcontent","7","A","2022-07-23 12:18:08","2022-07-23 13:07:20","Y"
"3147","192","1950","textcontent","8","A","2022-07-23 12:18:31","2022-07-23 13:07:20","Y"
"3148","192","1951","textcontent","9","A","2022-07-23 12:19:07","2022-07-23 13:07:20","Y"
"3149","192","1952","textcontent","10","A","2022-07-23 12:20:59","2022-07-23 13:07:20","Y"
"3150","192","110","faculty","12","A","2022-07-23 12:22:36","2022-07-23 13:07:20","Y"
"3151","192","1953","textcontent","14","A","2022-07-23 12:24:32","2022-07-23 13:07:20","Y"
"3152","192","1954","textcontent","15","A","2022-07-23 12:26:23","2022-07-23 13:07:20","Y"
"3153","192","1955","textcontent","16","A","2022-07-23 12:26:51","2022-07-23 13:07:20","Y"
"3154","192","1956","textcontent","17","A","2022-07-23 12:27:15","2022-07-23 13:07:20","Y"
"3155","99","1957","textcontent","53","A","2022-07-23 12:36:34","2025-03-22 05:03:53","Y"
"3156","192","1958","textcontent","18","A","2022-07-23 12:38:49","2022-07-23 13:07:20","Y"
"3157","192","171","course_plan","19","A","2022-07-23 12:42:57","2022-07-23 13:07:20","Y"
"3158","192","30","testimonials","13","A","2022-07-23 12:57:20","2022-07-23 13:07:20","Y"
"3159","192","1959","textcontent","11","P","2022-07-23 13:04:10","2026-01-22 20:01:54","Y"
"3160","92","1960","textcontent","10","A","2022-07-26 11:22:31","2022-07-26 11:07:04","Y"
"3161","91","1961","textcontent","10","A","2022-07-26 11:31:38","2022-07-26 11:07:52","Y"
"3162","94","1962","textcontent","9","A","2022-07-26 12:16:05","2022-09-15 12:09:41","Y"
"3163","93","1963","textcontent","9","A","2022-07-26 12:21:52","2022-07-26 12:07:38","Y"
"3164","103","1964","textcontent","7","A","2022-07-26 12:26:37","2025-12-08 21:12:26","Y"
"3165","30","1965","textcontent","8","A","2022-07-26 12:42:13","2022-07-26 12:07:34","Y"
"3166","31","1966","textcontent","8","A","2022-07-26 12:50:38","2022-07-26 12:07:39","Y"
"3167","181","31","testimonials","15","A","2022-07-29 13:42:32","2025-12-11 15:12:30","Y"
"3168","177","172","course_plan","24","A","2022-08-09 15:11:16","2023-08-22 13:08:11","Y"
"3169","99","1967","textcontent","10","D","2022-08-10 14:51:28","2025-03-22 06:03:01","Y"
"3170","68","1968","textcontent","7","A","2022-08-11 16:48:42","2022-08-11 16:08:50","Y"
"3171","169","1969","textcontent","4","A","2022-08-23 18:25:05","2023-11-30 11:11:08","Y"
"3172","99","1970","textcontent","6","D","2022-08-23 18:27:54","2025-03-22 06:03:21","Y"
"3173","121","1971","textcontent","19","A","2022-08-23 18:31:04","2022-08-25 11:08:36","N"
"3174","193","190","banner","1","A","0000-00-00 00:00:00","2022-08-29 13:08:17","N"
"3175","193","96","program_overview","2","A","2022-08-29 13:04:17",NULL,"N"
"3176","193","96","promotional_video","3","A","2022-08-29 13:04:17",NULL,"N"
"3177","191","1972","textcontent","12","A","2022-09-05 14:56:17","2024-04-19 12:04:05","Y"
"3178","99","1973","textcontent","54","A","2022-09-05 15:07:28","2025-03-22 05:03:53","Y"
"3179","191","1974","textcontent","13","A","2022-09-05 15:26:42","2024-04-19 12:04:05","Y"
"3180","89","1975","textcontent","17","A","2022-09-05 19:13:29","2024-04-15 17:04:03","Y"
"3181","89","1976","textcontent","19","A","2022-09-05 19:18:50","2024-04-15 17:04:03","Y"
"3182","194","191","banner","1","A","0000-00-00 00:00:00","2022-09-13 12:09:00","N"
"3183","194","97","program_overview","2","A","2022-09-13 12:03:00",NULL,"N"
"3184","194","97","promotional_video","3","A","2022-09-13 12:03:00",NULL,"N"
"3185","194","173","course_plan","4","A","2022-09-13 12:04:01",NULL,"Y"
"3186","195","192","banner","1","A","0000-00-00 00:00:00","2025-03-25 17:03:21","N"
"3187","195","98","program_overview","3","A","2022-09-25 12:22:03","2023-11-02 13:11:43","N"
"3188","195","98","promotional_video","4","P","2022-09-25 12:22:03","2023-12-05 16:12:07","N"
"3189","195","1977","textcontent","5","A","2022-09-25 12:22:57","2023-11-02 13:11:43","Y"
"3190","195","1978","textcontent","6","A","2022-09-25 12:23:21","2023-11-02 13:11:43","Y"
"3191","195","1979","textcontent","7","A","2022-09-25 12:23:46","2023-11-02 13:11:43","Y"
"3192","195","1980","textcontent","9","A","2022-09-25 12:24:11","2023-11-02 13:11:43","Y"
"3193","195","1981","textcontent","12","A","2022-09-25 12:24:40","2023-11-02 13:11:43","Y"
"3194","195","1982","textcontent","18","A","2022-09-25 12:25:17","2023-11-02 13:11:43","Y"
"3195","195","1983","textcontent","8","A","2022-09-25 12:28:28","2026-01-18 18:01:12","Y"
"3196","195","1984","textcontent","16","P","2022-09-25 12:33:08","2026-01-22 20:01:19","Y"
"3197","195","1985","textcontent","17","A","2022-09-25 12:35:07","2023-11-02 13:11:43","Y"
"3198","195","1986","textcontent","13","D","2022-09-25 12:35:32","2023-08-31 23:08:39","Y"
"3199","195","82","academia_panel","19","D","2022-09-25 12:36:05","2023-11-02 13:11:35","Y"
"3200","195","120","syllabus","20","A","2022-09-25 12:36:50","2023-11-02 13:11:43","Y"
"3201","195","174","course_plan","21","A","2022-09-25 12:54:50","2023-11-02 13:11:43","Y"
"3202","195","111","faculty","15","D","2022-09-25 12:55:08","2023-08-31 23:08:16","Y"
"3203","99","1987","textcontent","55","A","2022-09-28 18:17:20","2025-03-22 05:03:53","Y"
"3204","186","32","testimonials","7","A","2022-09-28 21:54:38","2022-09-28 21:09:38","Y"
"3205","99","1988","textcontent","5","D","2022-11-14 12:33:13","2025-03-22 05:03:34","Y"
"3206","102","1989","textcontent","3","P","2022-11-15 15:18:26","2024-04-07 11:04:02","N"
"3207","196","193","banner","1","A","0000-00-00 00:00:00","2022-11-23 12:11:01","N"
"3208","196","99","program_overview","2","A","2022-11-21 15:28:30","2022-11-21 20:11:44","N"
"3209","196","99","promotional_video","3","A","2022-11-21 15:28:30","2022-11-21 20:11:44","N"
"3210","196","1990","textcontent","4","A","2022-11-21 15:29:05","2022-11-21 20:11:44","Y"
"3211","196","1991","textcontent","5","A","2022-11-21 15:30:57","2022-11-21 20:11:44","Y"
"3212","196","1992","textcontent","6","A","2022-11-21 15:31:55","2022-11-21 20:11:44","Y"
"3213","196","1993","textcontent","7","A","2022-11-21 15:34:04","2022-11-21 20:11:44","Y"
"3214","99","1994","textcontent","56","A","2022-11-21 15:34:45","2025-03-22 05:03:53","Y"
"3215","196","1995","textcontent","8","A","2022-11-21 15:50:48","2022-11-21 20:11:44","Y"
"3216","99","1996","textcontent","57","A","2022-11-21 15:51:38","2025-03-22 05:03:53","Y"
"3217","196","1997","textcontent","9","A","2022-11-21 15:55:08","2022-11-21 20:11:44","Y"
"3218","196","1998","textcontent","10","A","2022-11-21 15:59:09","2022-11-21 20:11:57","Y"
"3219","99","1999","textcontent","58","A","2022-11-21 16:04:11","2025-03-22 05:03:53","Y"
"3220","196","2000","textcontent","11","A","2022-11-21 16:09:27","2022-11-21 20:11:44","Y"
"3221","99","2001","textcontent","59","A","2022-11-21 16:10:28","2025-03-22 05:03:53","Y"
"3222","196","2002","textcontent","13","A","2022-11-21 16:13:51","2022-11-21 20:11:44","Y"
"3223","196","175","course_plan","14","A","2022-11-21 16:17:24","2022-11-21 20:11:44","Y"
"3224","196","33","testimonials","12","A","2022-11-21 20:09:27","2022-11-21 20:11:44","Y"
"3225","197","194","banner","1","A","0000-00-00 00:00:00","2022-11-23 12:11:00","N"
"3226","197","100","program_overview","2","A","2022-11-21 21:23:46","2022-11-22 11:11:55","N"
"3227","197","100","promotional_video","3","A","2022-11-21 21:23:46","2022-11-22 11:11:55","N"
"3228","197","2003","textcontent","4","A","2022-11-21 21:24:05","2022-11-22 11:11:55","Y"
"3229","197","2004","textcontent","5","A","2022-11-21 21:25:45","2022-12-05 15:12:23","Y"
"3230","197","2005","textcontent","6","A","2022-11-21 21:26:44","2022-11-22 11:11:55","Y"
"3231","197","2006","textcontent","7","A","2022-11-21 21:28:05","2022-11-22 11:11:55","Y"
"3232","99","2007","textcontent","60","A","2022-11-21 21:30:18","2025-03-22 05:03:53","Y"
"3233","197","2008","textcontent","8","A","2022-11-21 21:32:34","2022-11-22 11:11:01","Y"
"3234","99","2009","textcontent","61","A","2022-11-21 21:34:04","2025-03-22 05:03:53","Y"
"3235","197","2010","textcontent","9","A","2022-11-21 21:36:55","2022-11-22 11:11:55","Y"
"3236","197","176","course_plan","14","A","2022-11-21 21:39:16","2022-11-22 11:11:55","Y"
"3237","197","2011","textcontent","10","A","2022-11-21 21:39:33","2022-12-02 19:12:08","Y"
"3238","99","2012","textcontent","62","A","2022-11-21 21:40:34","2025-03-22 05:03:53","Y"
"3239","197","2013","textcontent","11","A","2022-11-21 21:41:58","2022-12-02 19:12:44","Y"
"3240","99","2014","textcontent","63","A","2022-11-21 21:42:33","2025-03-22 05:03:53","Y"
"3241","197","2015","textcontent","13","A","2022-11-21 21:44:11","2022-11-22 11:11:55","Y"
"3242","197","83","academia_panel","12","A","2022-11-22 11:18:45","2022-11-22 12:11:41","Y"
"3243","177","2016","textcontent","12","D","2022-11-23 16:40:41","2023-08-22 11:08:25","Y"
"3244","177","2017","textcontent","6","A","2022-11-23 16:41:31","2023-08-22 13:08:11","Y"
"3245","177","2018","textcontent","9","A","2022-11-23 16:44:07","2023-08-22 13:08:11","Y"
"3246","99","2019","textcontent","64","A","2022-11-23 16:44:57","2025-03-22 05:03:53","Y"
"3247","177","2020","textcontent","10","A","2022-11-23 16:46:55","2023-08-22 13:08:11","Y"
"3248","177","2021","textcontent","17","D","2022-11-23 16:48:02","2022-11-23 16:11:17","Y"
"3249","198","195","banner","1","A","0000-00-00 00:00:00","2023-06-27 16:06:18","N"
"3250","198","101","program_overview","3","A","2022-11-24 17:31:42","2023-06-27 16:06:18","N"
"3251","198","101","promotional_video","4","A","2022-11-24 17:31:42","2023-09-10 19:09:54","N"
"3252","198","2022","textcontent","6","A","2022-11-24 17:32:03","2023-06-27 16:06:18","Y"
"3253","198","2023","textcontent","9","A","2022-11-24 17:32:33","2023-06-27 16:06:18","Y"
"3254","198","2024","textcontent","10","A","2022-11-24 17:34:26","2023-06-27 16:06:18","Y"
"3255","198","2025","textcontent","11","A","2022-11-24 17:35:11","2023-06-27 16:06:18","Y"
"3256","198","2026","textcontent","7","A","2022-11-24 17:40:31","2026-06-16 17:06:55","Y"
"3257","99","2027","textcontent","65","A","2022-11-24 17:41:07","2025-03-22 05:03:53","Y"
"3258","198","112","faculty","12","A","2022-11-24 17:44:40","2023-10-30 21:10:10","Y"
"3259","198","177","course_plan","13","A","2022-11-24 17:51:37","2023-06-27 16:06:18","Y"
"3260","198","2028","textcontent","6","D","2022-11-24 20:22:39","2022-11-27 15:11:47","Y"
"3261","199","196","banner","1","A","0000-00-00 00:00:00","2025-09-23 19:09:56","N"
"3262","199","102","program_overview","2","A","2022-11-25 14:31:59","2022-11-27 19:11:00","N"
"3263","199","102","promotional_video","3","A","2022-11-25 14:31:59","2022-11-27 19:11:00","N"
"3264","199","2029","textcontent","4","A","2022-11-25 14:32:23","2022-11-27 19:11:00","Y"
"3265","199","2030","textcontent","8","A","2022-11-25 14:33:26","2022-11-27 19:11:00","Y"
"3266","199","121","syllabus","11","A","2022-11-25 14:33:36","2022-11-27 19:11:00","Y"
"3267","199","2031","textcontent","5","A","2022-11-25 14:55:49","2022-11-27 19:11:00","Y"
"3268","199","2032","textcontent","6","A","2022-11-25 14:59:47","2026-06-16 16:06:18","Y"
"3269","199","178","course_plan","12","A","2022-11-25 15:24:51","2022-11-27 19:11:00","Y"
"3270","199","113","faculty","10","A","2022-11-25 15:25:28","2023-10-31 18:10:10","Y"
"3271","199","84","academia_panel","9","D","2022-11-25 15:26:34","2023-10-31 18:10:23","Y"
"3272","198","2033","textcontent","8","A","2022-11-27 16:56:45","2026-03-12 14:03:05","Y"
"3273","199","2034","textcontent","7","P","2022-11-27 19:50:57","2026-01-22 20:01:24","Y"
"3274","169","122","syllabus","5","A","2022-12-05 10:20:22",NULL,"Y"
"3275","191","2035","textcontent","6","A","2022-12-14 14:38:17","2024-04-19 12:04:05","Y"
"3276","200","197","banner","1","A","0000-00-00 00:00:00","2025-03-23 01:03:27","N"
"3277","200","103","program_overview","4","A","2022-12-20 20:04:35","2025-03-23 01:03:27","N"
"3278","200","103","promotional_video","5","A","2022-12-20 20:04:35","2025-03-23 01:03:27","N"
"3279","201","198","banner","1","A","0000-00-00 00:00:00","2023-01-02 12:01:33","N"
"3280","201","104","program_overview","2","A","2023-01-02 11:22:10",NULL,"N"
"3281","201","104","promotional_video","3","A","2023-01-02 11:22:10",NULL,"N"
"3282","201","2036","textcontent","4","A","2023-01-02 11:23:56",NULL,"Y"
"3283","201","2037","textcontent","5","A","2023-01-02 11:26:29","2023-01-02 11:01:46","Y"
"3284","201","2038","textcontent","6","A","2023-01-02 11:29:56","2023-01-02 11:01:35","Y"
"3285","99","2039","textcontent","66","A","2023-01-02 11:44:34","2025-03-22 05:03:53","Y"
"3286","201","2040","textcontent","7","A","2023-01-02 11:50:49","2023-01-02 11:01:20","Y"
"3287","99","2041","textcontent","67","A","2023-01-02 11:51:24","2025-03-22 05:03:53","Y"
"3288","201","2042","textcontent","8","A","2023-01-02 11:53:49","2023-01-02 12:01:25","Y"
"3289","99","2043","textcontent","68","A","2023-01-02 11:57:12","2025-03-22 05:03:53","Y"
"3290","99","2044","textcontent","69","A","2023-01-02 12:07:40","2025-03-22 05:03:53","Y"
"3291","201","2045","textcontent","9","A","2023-01-02 12:09:20","2023-01-02 12:01:06","Y"
"3292","201","179","course_plan","10","A","2023-01-02 12:12:09",NULL,"Y"
"3293","202","199","banner","1","A","0000-00-00 00:00:00","2023-01-02 13:01:26","N"
"3294","202","105","program_overview","2","A","2023-01-02 12:27:29",NULL,"N"
"3295","202","105","promotional_video","3","A","2023-01-02 12:27:29",NULL,"N"
"3296","202","2046","textcontent","4","A","2023-01-02 12:53:20",NULL,"Y"
"3297","202","2047","textcontent","5","A","2023-01-02 12:55:17","2023-01-02 12:01:19","Y"
"3298","202","2048","textcontent","6","A","2023-01-02 13:01:24","2023-01-02 15:01:38","Y"
"3299","99","2049","textcontent","70","A","2023-01-02 13:02:04","2025-03-22 05:03:53","Y"
"3300","202","2050","textcontent","7","A","2023-01-02 13:08:31","2023-01-02 13:01:00","Y"
"3301","99","2051","textcontent","71","A","2023-01-02 13:09:11","2025-03-22 05:03:53","Y"
"3302","202","2052","textcontent","8","A","2023-01-02 13:12:24","2023-01-02 13:01:16","Y"
"3303","202","180","course_plan","9","A","2023-01-02 13:25:38",NULL,"Y"
"3304","203","200","banner","1","A","0000-00-00 00:00:00","2023-01-02 16:01:05","N"
"3305","203","106","program_overview","2","A","2023-01-02 16:30:48","2023-01-02 16:01:05","N"
"3306","203","106","promotional_video","3","A","2023-01-02 16:30:48","2023-01-02 16:01:05","N"
"3307","203","2053","textcontent","4","A","2023-01-02 16:31:03","2023-01-02 16:01:05","Y"
"3308","203","2054","textcontent","5","A","2023-01-02 16:34:07","2023-01-02 16:01:05","Y"
"3309","203","2055","textcontent","6","A","2023-01-02 16:37:46","2023-01-02 16:01:05","Y"
"3310","203","2056","textcontent","7","A","2023-01-02 16:39:12","2023-01-02 16:01:05","Y"
"3311","203","2057","textcontent","8","A","2023-01-02 16:41:13","2023-01-02 16:01:05","Y"
"3312","203","2058","textcontent","9","A","2023-01-02 16:44:05","2023-01-09 12:01:24","Y"
"3313","203","181","course_plan","10","A","2023-01-02 16:48:35","2023-01-02 16:01:05","Y"
"3314","204","201","banner","1","A","0000-00-00 00:00:00","2023-01-04 19:01:41","N"
"3315","204","107","program_overview","2","A","2023-01-02 17:59:46",NULL,"N"
"3316","204","107","promotional_video","3","A","2023-01-02 17:59:46",NULL,"N"
"3317","204","2059","textcontent","4","A","2023-01-02 18:00:05",NULL,"Y"
"3318","204","2060","textcontent","5","A","2023-01-02 18:01:42","2023-01-02 18:01:19","Y"
"3319","204","2061","textcontent","6","A","2023-01-02 18:02:21","2023-01-02 18:01:13","Y"
"3320","204","2062","textcontent","7","A","2023-01-02 18:06:31","2023-01-02 18:01:58","Y"
"3321","204","2063","textcontent","8","A","2023-01-02 18:15:32","2023-01-02 18:01:11","Y"
"3322","204","2064","textcontent","9","A","2023-01-02 18:34:19","2023-01-02 18:01:09","Y"
"3323","204","182","course_plan","10","A","2023-01-02 19:11:19",NULL,"Y"
"3324","205","202","banner","1","A","0000-00-00 00:00:00","2023-01-24 15:01:42","N"
"3325","205","108","program_overview","2","A","2023-01-24 15:06:40",NULL,"N"
"3326","205","108","promotional_video","3","A","2023-01-24 15:06:40",NULL,"N"
"3327","205","2065","textcontent","4","A","2023-01-24 15:06:54","2023-01-25 12:01:02","Y"
"3328","205","2066","textcontent","5","A","2023-01-24 15:07:52","2023-01-25 13:01:10","Y"
"3329","205","2067","textcontent","6","A","2023-01-24 15:11:46","2023-01-25 13:01:56","Y"
"3330","205","2068","textcontent","7","A","2023-01-24 15:13:15","2023-01-25 13:01:14","Y"
"3331","205","2069","textcontent","8","A","2023-01-24 15:14:25","2023-01-25 13:01:10","Y"
"3332","205","2070","textcontent","9","A","2023-01-24 15:16:54","2023-01-25 13:01:53","Y"
"3333","205","183","course_plan","10","A","2023-01-24 15:36:45",NULL,"Y"
"3334","206","203","banner","1","A","0000-00-00 00:00:00","2023-02-24 20:02:08","N"
"3335","206","109","program_overview","2","A","2023-01-30 14:55:05","2023-01-30 16:01:45","N"
"3336","206","109","promotional_video","3","A","2023-01-30 14:55:05","2023-01-30 16:01:45","N"
"3337","206","2071","textcontent","4","A","2023-01-30 14:55:36","2023-01-30 16:01:45","Y"
"3338","206","2072","textcontent","5","A","2023-01-30 14:57:53","2023-01-30 16:01:45","Y"
"3339","206","2073","textcontent","6","A","2023-01-30 15:00:03","2023-01-30 16:01:45","Y"
"3340","206","2074","textcontent","7","A","2023-01-30 15:01:43","2023-01-30 16:01:45","Y"
"3341","206","2075","textcontent","8","A","2023-01-30 15:09:29","2023-01-30 16:01:45","Y"
"3342","206","2076","textcontent","9","A","2023-01-30 15:10:41","2023-01-30 16:01:45","Y"
"3343","206","184","course_plan","11","A","2023-01-30 15:14:11","2023-01-30 16:01:45","Y"
"3344","206","2077","textcontent","10","A","2023-01-30 15:26:52","2023-01-30 16:01:45","Y"
"3345","207","204","banner","1","A","0000-00-00 00:00:00","2023-04-19 09:04:09","N"
"3346","207","110","program_overview","2","A","2023-02-02 13:02:27","2023-04-19 09:04:09","N"
"3347","207","110","promotional_video","3","A","2023-02-02 13:02:27","2023-04-19 09:04:09","N"
"3348","207","114","faculty","7","A","2023-02-02 13:03:27","2023-04-19 10:04:17","Y"
"3349","207","2078","textcontent","4","A","2023-02-02 13:08:12","2023-04-19 18:04:46","Y"
"3350","207","2079","textcontent","5","A","2023-02-02 13:12:37","2023-04-19 17:04:18","Y"
"3351","207","2080","textcontent","6","A","2023-02-02 13:13:21","2023-04-19 17:04:51","Y"
"3352","207","2081","textcontent","8","A","2023-02-02 13:14:11","2023-04-19 17:04:41","Y"
"3353","207","2082","textcontent","9","A","2023-02-02 13:14:58","2023-04-19 17:04:45","Y"
"3354","207","185","course_plan","10","A","2023-02-02 13:17:47","2023-04-19 09:04:09","Y"
"3355","208","205","banner","1","A","0000-00-00 00:00:00","2025-12-07 15:12:24","N"
"3356","208","111","program_overview","3","A","2023-02-09 13:21:30","2025-12-07 15:12:24","N"
"3357","208","111","promotional_video","4","A","2023-02-09 13:21:30","2025-12-07 15:12:24","N"
"3358","208","2083","textcontent","5","A","2023-02-09 13:22:05","2025-12-07 15:12:24","Y"
"3359","208","2084","textcontent","6","A","2023-02-09 13:22:29","2025-12-07 15:12:24","Y"
"3360","208","2085","textcontent","9","A","2023-02-09 13:23:06","2025-12-07 15:12:24","Y"
"3361","208","2086","textcontent","10","A","2023-02-09 13:23:39","2026-06-16 17:06:15","Y"
"3362","208","85","academia_panel","11","P","2023-02-09 13:24:27","2025-12-07 15:12:24","Y"
"3363","208","115","faculty","12","A","2023-02-09 13:25:34","2025-12-07 15:12:24","Y"
"3364","208","123","syllabus","15","A","2023-02-09 13:26:40","2025-12-07 15:12:24","Y"
"3365","208","186","course_plan","16","A","2023-02-09 13:38:25","2025-12-07 15:12:24","Y"
"3366","209","206","banner","1","A","0000-00-00 00:00:00","2023-02-14 16:02:17","N"
"3367","209","112","program_overview","2","A","2023-02-14 16:23:14",NULL,"N"
"3368","209","112","promotional_video","3","A","2023-02-14 16:23:14",NULL,"N"
"3369","209","2087","textcontent","4","A","2023-02-14 16:23:32",NULL,"Y"
"3370","209","2088","textcontent","5","A","2023-02-14 16:24:31","2023-02-14 17:02:58","Y"
"3371","209","2089","textcontent","6","A","2023-02-14 16:31:37",NULL,"Y"
"3372","209","2090","textcontent","7","A","2023-02-14 16:35:51","2023-02-14 16:02:40","Y"
"3373","209","2091","textcontent","8","A","2023-02-14 16:40:21","2023-02-16 15:02:02","Y"
"3374","209","2092","textcontent","9","A","2023-02-14 16:44:07","2023-02-14 16:02:43","Y"
"3375","209","187","course_plan","10","A","2023-02-14 16:59:15",NULL,"Y"
"3376","210","207","banner","1","A","0000-00-00 00:00:00","2023-02-20 11:02:57","N"
"3377","210","113","program_overview","2","A","2023-02-20 11:52:57",NULL,"N"
"3378","210","113","promotional_video","3","A","2023-02-20 11:52:57",NULL,"N"
"3379","211","208","banner","1","A","0000-00-00 00:00:00","2023-02-28 16:02:39","N"
"3380","211","114","program_overview","2","A","2023-02-28 16:26:58",NULL,"N"
"3381","211","114","promotional_video","3","A","2023-02-28 16:26:58",NULL,"N"
"3382","211","2093","textcontent","4","A","2023-02-28 16:27:18",NULL,"Y"
"3383","211","2094","textcontent","5","A","2023-02-28 16:29:24","2023-02-28 16:02:14","Y"
"3384","211","2095","textcontent","6","A","2023-02-28 16:36:13","2023-02-28 16:02:17","Y"
"3385","211","2096","textcontent","7","A","2023-02-28 16:40:34","2023-02-28 16:02:00","Y"
"3386","211","2097","textcontent","8","A","2023-02-28 16:43:12",NULL,"Y"
"3387","211","2098","textcontent","9","A","2023-02-28 16:44:26","2023-02-28 16:02:17","Y"
"3388","211","188","course_plan","10","A","2023-02-28 16:56:41",NULL,"Y"
"3389","212","209","banner","1","A","0000-00-00 00:00:00","2023-03-13 14:03:01","N"
"3390","212","115","program_overview","2","A","2023-03-03 18:37:25","2023-03-03 19:03:05","N"
"3391","212","115","promotional_video","3","A","2023-03-03 18:37:25","2023-03-03 19:03:05","N"
"3392","212","2099","textcontent","4","A","2023-03-03 18:37:41","2023-03-03 19:03:05","Y"
"3393","212","2100","textcontent","5","A","2023-03-03 18:39:18","2023-03-06 16:03:02","Y"
"3394","212","2101","textcontent","6","A","2023-03-03 18:42:25","2023-03-03 19:03:05","Y"
"3395","212","2102","textcontent","7","A","2023-03-03 18:43:35","2023-03-03 19:03:05","Y"
"3396","212","2103","textcontent","8","A","2023-03-03 18:45:59","2023-03-03 19:03:18","Y"
"3397","212","2104","textcontent","9","A","2023-03-03 18:49:19","2023-03-03 19:03:05","Y"
"3398","212","189","course_plan","10","A","2023-03-03 19:00:54","2023-03-03 19:03:05","Y"
"3399","213","210","banner","1","A","0000-00-00 00:00:00","2023-03-06 15:03:47","N"
"3400","213","116","program_overview","2","A","2023-03-06 15:42:57",NULL,"N"
"3401","213","116","promotional_video","3","A","2023-03-06 15:42:57",NULL,"N"
"3402","213","2105","textcontent","4","A","2023-03-06 15:43:14",NULL,"Y"
"3403","213","2106","textcontent","5","A","2023-03-06 15:44:46","2023-03-06 16:03:44","Y"
"3404","213","2107","textcontent","6","A","2023-03-06 15:47:32",NULL,"Y"
"3405","213","2108","textcontent","7","A","2023-03-06 15:48:33","2023-03-06 15:03:38","Y"
"3406","213","2109","textcontent","8","A","2023-03-06 15:51:46","2023-03-06 15:03:03","Y"
"3407","213","2110","textcontent","9","A","2023-03-06 15:53:32",NULL,"Y"
"3408","213","190","course_plan","10","A","2023-03-06 16:02:14",NULL,"Y"
"3409","214","211","banner","1","A","0000-00-00 00:00:00","2023-03-17 16:03:26","N"
"3410","214","117","program_overview","2","A","2023-03-17 16:07:32",NULL,"N"
"3411","214","117","promotional_video","3","A","2023-03-17 16:07:32",NULL,"N"
"3412","214","2111","textcontent","4","A","2023-03-17 16:08:20",NULL,"Y"
"3413","214","2112","textcontent","5","A","2023-03-17 16:10:05","2023-03-17 16:03:18","Y"
"3414","214","2113","textcontent","6","A","2023-03-17 16:14:49",NULL,"Y"
"3415","214","2114","textcontent","7","A","2023-03-17 16:16:06",NULL,"Y"
"3416","214","2115","textcontent","8","A","2023-03-17 16:17:46","2023-03-17 16:03:36","Y"
"3417","214","2116","textcontent","9","A","2023-03-17 16:20:55","2023-03-17 16:03:31","Y"
"3418","214","191","course_plan","10","A","2023-03-17 16:28:33","2023-03-17 16:03:52","Y"
"3419","215","212","banner","1","A","0000-00-00 00:00:00","2023-03-24 17:03:41","N"
"3420","215","118","program_overview","2","A","2023-03-24 17:12:46",NULL,"N"
"3421","215","118","promotional_video","3","A","2023-03-24 17:12:46",NULL,"N"
"3422","215","2117","textcontent","4","A","2023-03-24 17:13:06",NULL,"Y"
"3423","215","2118","textcontent","5","A","2023-03-24 17:14:42","2023-03-24 17:03:30","Y"
"3424","215","2119","textcontent","6","A","2023-03-24 17:19:48",NULL,"Y"
"3425","215","2120","textcontent","7","A","2023-03-24 17:21:34","2023-03-24 17:03:06","Y"
"3426","215","2121","textcontent","8","A","2023-03-24 17:23:37","2023-03-24 17:03:22","Y"
"3427","215","2122","textcontent","9","A","2023-03-24 17:27:48","2023-03-24 17:03:41","Y"
"3428","215","192","course_plan","10","A","2023-03-24 17:33:05",NULL,"Y"
"3429","216","213","banner","1","A","0000-00-00 00:00:00","2023-03-24 17:03:46","N"
"3430","216","119","program_overview","2","A","2023-03-24 17:39:51",NULL,"N"
"3431","216","119","promotional_video","3","A","2023-03-24 17:39:51",NULL,"N"
"3432","216","2123","textcontent","4","A","2023-03-24 17:40:09",NULL,"Y"
"3433","216","2124","textcontent","5","A","2023-03-24 17:41:37","2023-04-17 14:04:10","Y"
"3434","216","2125","textcontent","6","A","2023-03-24 17:46:44",NULL,"Y"
"3435","216","2126","textcontent","7","A","2023-03-24 17:48:45","2023-03-24 17:03:24","Y"
"3436","216","2127","textcontent","8","A","2023-03-24 17:52:18","2023-04-17 14:04:53","Y"
"3437","216","2128","textcontent","9","A","2023-03-24 17:54:05",NULL,"Y"
"3438","215","2129","textcontent","11","A","2023-03-24 17:56:03",NULL,"Y"
"3439","216","193","course_plan","10","A","2023-03-24 18:00:31",NULL,"Y"
"3440","217","214","banner","1","A","0000-00-00 00:00:00","2023-04-07 15:04:33","N"
"3441","217","120","program_overview","2","A","2023-04-07 15:14:35",NULL,"N"
"3442","217","120","promotional_video","3","A","2023-04-07 15:14:35",NULL,"N"
"3443","217","2130","textcontent","4","A","2023-04-07 15:14:49",NULL,"Y"
"3444","217","2131","textcontent","5","A","2023-04-07 15:16:22","2023-04-07 15:04:31","Y"
"3445","217","2132","textcontent","6","A","2023-04-07 15:18:36","2023-04-07 15:04:35","Y"
"3446","217","2133","textcontent","7","A","2023-04-07 15:20:50","2023-04-07 15:04:19","Y"
"3447","217","2134","textcontent","8","A","2023-04-07 15:23:41",NULL,"Y"
"3448","217","2135","textcontent","9","A","2023-04-07 15:24:59","2023-04-07 15:04:36","Y"
"3449","217","2136","textcontent","10","A","2023-04-07 15:25:59",NULL,"Y"
"3450","217","194","course_plan","11","A","2023-04-07 15:28:32",NULL,"Y"
"3451","218","215","banner","1","A","0000-00-00 00:00:00","2023-04-10 12:04:30","N"
"3452","218","121","program_overview","2","A","2023-04-09 11:50:42","2023-06-02 14:06:49","N"
"3453","218","121","promotional_video","3","A","2023-04-09 11:50:42","2023-04-10 12:04:30","N"
"3454","218","2137","textcontent","4","A","2023-04-09 16:54:28","2023-04-10 12:04:30","Y"
"3455","218","2138","textcontent","5","A","2023-04-09 16:57:54","2023-04-10 12:04:30","Y"
"3456","218","2139","textcontent","6","A","2023-04-09 16:58:35","2023-04-10 12:04:30","Y"
"3457","218","2140","textcontent","7","A","2023-04-09 17:02:32","2023-04-10 12:04:30","Y"
"3458","218","116","faculty","9","A","2023-04-09 17:05:33","2023-04-10 12:04:30","Y"
"3459","218","2141","textcontent","10","D","2023-04-09 17:11:04","2023-04-10 12:04:17","Y"
"3460","218","195","course_plan","11","A","2023-04-09 17:14:14","2023-04-10 12:04:30","Y"
"3461","218","2142","textcontent","8","A","2023-04-09 17:38:25","2023-04-13 19:04:51","Y"
"3462","218","124","syllabus","10","A","2023-04-10 12:12:10","2023-04-10 12:04:30","Y"
"3463","219","216","banner","1","A","0000-00-00 00:00:00","2023-04-10 15:04:48","N"
"3464","219","122","program_overview","2","A","2023-04-10 15:12:48",NULL,"N"
"3465","219","122","promotional_video","3","A","2023-04-10 15:12:48",NULL,"N"
"3466","219","196","course_plan","4","A","2023-04-10 15:14:05",NULL,"Y"
"3467","220","217","banner","1","A","0000-00-00 00:00:00","2025-02-08 15:02:17","N"
"3468","220","123","program_overview","3","A","2023-04-13 18:11:13","2026-01-31 13:01:33","N"
"3469","220","123","promotional_video","4","A","2023-04-13 18:11:13","2025-02-08 15:02:17","N"
"3470","220","2143","textcontent","5","A","2023-04-13 18:11:54","2025-02-08 15:02:17","Y"
"3471","220","2144","textcontent","6","A","2023-04-13 18:12:31","2025-02-08 15:02:17","Y"
"3472","220","2145","textcontent","15","A","2023-04-13 18:13:10","2025-02-08 15:02:17","Y"
"3473","220","2146","textcontent","8","A","2023-04-13 18:14:28","2026-01-25 16:01:58","Y"
"3474","220","125","syllabus","20","A","2023-04-13 18:15:15","2025-02-08 15:02:17","Y"
"3475","220","197","course_plan","21","A","2023-04-13 18:58:50","2025-02-08 15:02:17","Y"
"3476","220","2147","textcontent","19","A","2023-04-13 18:59:50","2025-02-08 15:02:17","Y"
"3477","220","2148","textcontent","17","P","2023-04-13 19:06:57","2026-01-22 20:01:48","Y"
"3478","221","218","banner","1","A","0000-00-00 00:00:00","2025-12-08 19:12:52","N"
"3479","221","124","program_overview","3","A","2023-04-14 16:43:41","2025-12-08 19:12:52","N"
"3480","221","124","promotional_video","4","A","2023-04-14 16:43:41","2025-12-08 19:12:52","N"
"3481","221","2149","textcontent","5","A","2023-04-14 16:44:35","2025-12-08 19:12:52","Y"
"3482","221","2150","textcontent","6","A","2023-04-14 16:45:50","2025-12-08 19:12:52","Y"
"3483","221","2151","textcontent","6","D","2023-04-14 16:46:23","2023-08-31 15:08:24","Y"
"3484","221","2152","textcontent","7","A","2023-04-14 16:46:53","2025-12-08 19:12:52","Y"
"3485","221","2153","textcontent","14","A","2023-04-14 16:47:28","2025-12-08 19:12:52","Y"
"3486","221","2154","textcontent","17","A","2023-04-14 16:48:19","2025-12-08 19:12:52","Y"
"3487","221","2155","textcontent","12","D","2023-04-14 16:53:59","2023-08-31 23:08:55","Y"
"3488","221","126","syllabus","19","A","2023-04-14 16:54:16","2025-12-08 19:12:52","Y"
"3489","221","198","course_plan","20","A","2023-04-14 17:21:50","2025-12-08 19:12:52","Y"
"3490","221","2156","textcontent","9","A","2023-04-14 17:27:13","2026-01-25 16:01:55","Y"
"3491","222","219","banner","1","A","0000-00-00 00:00:00","2025-12-08 19:12:55","N"
"3492","222","125","program_overview","3","A","2023-04-14 17:34:13","2025-12-08 19:12:55","N"
"3493","222","125","promotional_video","4","A","2023-04-14 17:34:13","2025-12-08 19:12:55","N"
"3494","222","2157","textcontent","5","A","2023-04-14 17:34:40","2025-12-08 19:12:55","Y"
"3495","222","2158","textcontent","7","A","2023-04-14 17:35:06","2026-01-31 14:01:41","Y"
"3496","222","2159","textcontent","8","A","2023-04-14 17:35:30","2025-12-08 19:12:55","Y"
"3497","222","2160","textcontent","15","A","2023-04-14 17:35:54","2025-12-08 19:12:55","Y"
"3498","222","2161","textcontent","18","A","2023-04-14 17:36:24","2025-12-08 19:12:55","Y"
"3499","222","2162","textcontent","10","A","2023-04-14 17:36:51","2026-01-25 16:01:54","Y"
"3500","222","2163","textcontent","13","D","2023-04-14 17:37:15","2023-09-23 13:09:07","Y"
"3501","222","127","syllabus","21","A","2023-04-14 17:37:29","2025-12-08 19:12:55","Y"
"3502","222","199","course_plan","22","A","2023-04-14 18:10:41","2025-12-08 19:12:55","Y"
"3503","200","2164","textcontent","4","D","2023-04-18 13:03:59","2025-03-22 06:03:18","Y"
"3504","222","2165","textcontent","5","D","2023-04-18 16:43:18","2023-04-18 17:04:16","Y"
"3505","207","2166","textcontent","5","D","2023-04-18 17:57:42","2023-04-18 18:04:28","Y"
"3506","223","220","banner","1","A","0000-00-00 00:00:00","2023-04-19 18:04:04","N"
"3507","223","126","program_overview","2","A","2023-04-19 17:58:17",NULL,"N"
"3508","223","126","promotional_video","3","A","2023-04-19 17:58:17",NULL,"N"
"3509","223","2167","textcontent","4","A","2023-04-19 17:58:30",NULL,"Y"
"3510","223","2168","textcontent","5","A","2023-04-19 18:00:00","2023-04-21 13:04:34","Y"
"3511","223","2169","textcontent","6","A","2023-04-19 18:02:31","2023-04-21 11:04:14","Y"
"3512","223","2170","textcontent","7","A","2023-04-19 18:03:55",NULL,"Y"
"3513","223","2171","textcontent","8","A","2023-04-19 18:07:38",NULL,"Y"
"3514","223","2172","textcontent","9","A","2023-04-19 18:10:34",NULL,"Y"
"3515","223","2173","textcontent","10","A","2023-04-19 18:11:04",NULL,"Y"
"3516","223","200","course_plan","11","A","2023-04-19 18:12:26",NULL,"Y"
"3517","224","221","banner","1","A","0000-00-00 00:00:00","2023-04-21 13:04:41","N"
"3518","224","127","program_overview","2","A","2023-04-21 13:39:03",NULL,"N"
"3519","224","127","promotional_video","3","A","2023-04-21 13:39:03",NULL,"N"
"3520","224","2174","textcontent","4","A","2023-04-21 13:39:19",NULL,"Y"
"3521","224","2175","textcontent","5","A","2023-04-21 13:40:47","2023-04-21 13:04:15","Y"
"3522","224","2176","textcontent","6","A","2023-04-21 13:43:04",NULL,"Y"
"3523","224","2177","textcontent","7","A","2023-04-21 13:44:17",NULL,"Y"
"3524","224","2178","textcontent","8","A","2023-04-21 13:46:25",NULL,"Y"
"3525","224","2179","textcontent","9","A","2023-04-21 13:49:00",NULL,"Y"
"3526","224","2180","textcontent","10","A","2023-04-21 13:49:19",NULL,"Y"
"3527","224","201","course_plan","11","A","2023-04-21 13:56:53",NULL,"Y"
"3528","124","2181","textcontent","8","A","2023-05-03 15:33:29","2024-04-18 10:04:27","Y"
"3529","124","2182","textcontent","9","A","2023-05-03 15:44:11","2024-04-18 10:04:27","Y"
"3530","225","222","banner","1","A","0000-00-00 00:00:00","2025-03-25 17:03:39","N"
"3531","225","2183","textcontent","5","A","2023-05-03 16:51:48","2023-11-25 11:11:59","Y"
"3532","225","2184","textcontent","6","A","2023-05-03 16:51:48","2023-11-25 11:11:59","Y"
"3533","225","2185","textcontent","9","A","2023-05-03 16:51:48","2023-11-25 11:11:59","Y"
"3534","225","2186","textcontent","10","A","2023-05-03 16:51:48","2023-11-25 11:11:59","Y"
"3535","225","68","industry","11","A","2023-05-03 16:51:48","2023-11-25 11:11:59","Y"
"3536","225","2187","textcontent","13","A","2023-05-03 16:51:48","2023-11-25 11:11:59","Y"
"3537","225","2188","textcontent","18","A","2023-05-03 16:51:48","2023-11-25 11:11:59","Y"
"3538","225","2189","textcontent","8","A","2023-05-03 16:51:48","2023-11-25 11:11:59","Y"
"3539","225","2190","textcontent","7","A","2023-05-03 16:51:48","2023-11-25 11:11:59","Y"
"3540","225","2191","textcontent","20","A","2023-05-03 16:51:48","2023-11-25 11:11:59","Y"
"3541","225","2192","textcontent","12","A","2023-05-03 16:51:48","2023-11-25 11:11:59","Y"
"3542","225","2193","textcontent","21","A","2023-05-03 16:51:48","2023-11-25 11:11:59","Y"
"3543","225","34","testimonials","22","D","2023-05-03 16:51:48","2023-05-03 17:05:52","Y"
"3544","225","86","academia_panel","24","A","2023-05-03 16:51:48","2023-11-25 11:11:59","Y"
"3545","225","117","faculty","25","A","2023-05-03 16:51:48","2023-11-25 11:11:59","Y"
"3546","225","202","course_plan","27","A","2023-05-03 16:51:48","2023-11-25 11:11:59","Y"
"3547","225","21","legal_expert","26","D","2023-05-03 16:51:48","2023-05-03 17:05:34","Y"
"3548","225","128","syllabus","26","A","2023-05-03 16:51:48","2023-11-25 11:11:59","Y"
"3549","225","46","forms","15","D","2023-05-03 16:51:48","2023-05-03 17:05:41","Y"
"3550","225","2194","textcontent","22","P","2023-05-03 16:51:48","2023-11-25 11:11:59","Y"
"3551","225","104","faq","28","P","2023-05-03 16:51:48","2023-11-25 11:11:59","Y"
"3552","225","86","video_testimonials","4","D","2023-05-03 16:51:48","2023-05-03 16:05:47","Y"
"3553","225","87","video_testimonials","13","D","2023-05-03 16:51:48","2023-05-03 16:05:55","Y"
"3554","225","2195","textcontent","23","A","2023-05-03 16:51:48","2023-11-25 11:11:59","Y"
"3555","225","2196","textcontent","17","A","2023-05-03 16:51:48","2023-11-25 11:11:59","Y"
"3556","225","2197","textcontent","16","A","2023-05-03 16:51:48","2023-11-25 11:11:59","Y"
"3557","225","2198","textcontent","19","P","2023-05-03 16:51:48","2026-01-22 20:01:06","Y"
"3558","226","223","banner","1","A","0000-00-00 00:00:00","2025-12-07 15:12:43","N"
"3559","226","128","program_overview","3","A","2023-05-07 11:27:52","2025-12-07 15:12:43","N"
"3560","226","128","promotional_video","4","A","2023-05-07 11:27:52","2025-12-07 15:12:43","N"
"3561","226","2199","textcontent","5","A","2023-05-07 11:29:46","2025-12-07 15:12:43","Y"
"3562","226","2200","textcontent","6","A","2023-05-07 11:30:12","2025-12-07 15:12:43","Y"
"3563","226","2201","textcontent","7","A","2023-05-07 11:30:58","2025-12-07 15:12:43","Y"
"3564","226","2202","textcontent","8","A","2023-05-07 11:35:41","2026-01-18 19:01:52","Y"
"3565","226","129","syllabus","10","A","2023-05-07 11:35:49","2025-12-07 15:12:43","Y"
"3566","226","203","course_plan","11","A","2023-05-07 12:16:43","2025-12-07 15:12:43","Y"
"3567","227","224","banner","1","A","0000-00-00 00:00:00","2023-05-21 15:05:26","N"
"3568","227","129","program_overview","2","A","2023-05-17 13:34:51","2023-05-21 15:05:10","N"
"3569","227","129","promotional_video","3","A","2023-05-17 13:34:51","2023-05-21 15:05:10","N"
"3570","227","2203","textcontent","5","A","2023-05-17 13:44:44","2023-05-21 15:05:10","Y"
"3571","227","2204","textcontent","6","A","2023-05-17 13:45:40","2023-05-21 15:05:10","Y"
"3572","227","2205","textcontent","7","A","2023-05-17 13:49:00","2023-05-21 15:05:03","Y"
"3573","227","2206","textcontent","7","D","2023-05-17 13:50:55","2023-05-17 15:05:32","Y"
"3574","227","2207","textcontent","8","A","2023-05-17 13:54:13","2023-05-21 15:05:10","Y"
"3575","227","2208","textcontent","9","A","2023-05-17 13:55:25","2023-05-21 15:05:10","Y"
"3576","227","2209","textcontent","10","A","2023-05-17 13:55:46","2023-05-21 15:05:10","Y"
"3577","227","204","course_plan","11","A","2023-05-17 14:05:20","2023-05-21 15:05:10","Y"
"3578","227","2210","textcontent","4","A","2023-05-21 15:55:00","2023-05-21 15:05:40","Y"
"3579","225","4","quick_overview","2","A","2023-06-02 14:33:14","2023-11-25 11:11:59","Y"
"3580","157","5","quick_overview","2","A","2023-06-02 14:39:07","2023-09-01 14:09:01","Y"
"3581","218","6","quick_overview","13","A","2023-06-02 14:44:43",NULL,"Y"
"3582","15","7","quick_overview","2","A","2023-06-02 14:55:37","2023-06-06 11:06:47","Y"
"3583","12","8","quick_overview","22","A","2023-06-02 14:56:30",NULL,"Y"
"3584","74","9","quick_overview","22","A","2023-06-02 14:57:02",NULL,"Y"
"3585","120","10","quick_overview","23","A","2023-06-02 14:57:31",NULL,"Y"
"3586","130","11","quick_overview","20","A","2023-06-02 14:58:05",NULL,"Y"
"3587","173","12","quick_overview","14","A","2023-06-02 14:58:30",NULL,"Y"
"3588","186","13","quick_overview","13","A","2023-06-02 14:58:54",NULL,"Y"
"3589","189","14","quick_overview","2","A","2023-06-02 14:59:26","2024-02-29 21:02:02","Y"
"3590","13","15","quick_overview","30","A","2023-06-02 15:00:04",NULL,"Y"
"3591","105","16","quick_overview","27","A","2023-06-02 15:00:37",NULL,"Y"
"3592","19","17","quick_overview","29","A","2023-06-02 15:01:18",NULL,"Y"
"3593","10","18","quick_overview","29","A","2023-06-02 15:01:40",NULL,"Y"
"3594","174","19","quick_overview","14","A","2023-06-02 15:02:02",NULL,"Y"
"3595","199","20","quick_overview","13","A","2023-06-02 15:02:28",NULL,"Y"
"3596","175","21","quick_overview","2","A","2023-06-02 15:02:52","2025-12-08 21:12:43","Y"
"3597","220","22","quick_overview","2","A","2023-06-02 15:03:03","2025-02-08 15:02:17","Y"
"3598","17","23","quick_overview","2","A","2023-06-02 15:03:16","2025-03-25 21:03:29","Y"
"3599","76","24","quick_overview","29","A","2023-06-02 15:03:39",NULL,"Y"
"3600","3","25","quick_overview","2","A","2023-06-02 15:04:05","2023-08-31 15:08:10","Y"
"3601","4","26","quick_overview","2","A","2023-06-02 15:04:27","2023-10-31 21:10:31","Y"
"3602","148","27","quick_overview","2","A","2023-06-02 15:04:54","2023-10-01 21:10:40","Y"
"3603","22","28","quick_overview","2","A","2023-06-02 15:05:21","2023-10-10 22:10:14","Y"
"3604","152","29","quick_overview","2","A","2023-06-02 15:05:50","2023-10-10 22:10:35","Y"
"3605","172","30","quick_overview","2","A","2023-06-02 15:06:11","2023-10-10 22:10:18","Y"
"3606","147","31","quick_overview","2","A","2023-06-02 15:06:34","2025-06-10 19:06:08","Y"
"3607","153","32","quick_overview","2","A","2023-06-02 15:06:57","2023-10-10 22:10:37","Y"
"3608","149","33","quick_overview","2","A","2023-06-02 15:07:18","2025-06-10 18:06:38","Y"
"3609","208","34","quick_overview","2","A","2023-06-02 15:07:39","2025-12-07 15:12:24","Y"
"3610","182","35","quick_overview","2","A","2023-06-02 15:08:01","2026-01-22 20:01:04","Y"
"3611","5","36","quick_overview","2","A","2023-06-02 15:08:31","2023-10-09 19:10:19","Y"
"3612","122","37","quick_overview","2","A","2023-06-02 15:08:58","2023-09-27 12:09:51","Y"
"3613","142","38","quick_overview","2","A","2023-06-02 15:09:06","2023-09-27 12:09:47","Y"
"3614","181","39","quick_overview","2","A","2023-06-02 15:09:24","2025-12-11 15:12:30","Y"
"3615","95","40","quick_overview","2","A","2023-06-02 15:09:51","2024-05-07 16:05:23","Y"
"3616","198","41","quick_overview","2","A","2023-06-02 15:10:28","2023-06-27 16:06:18","Y"
"3617","180","42","quick_overview","2","A","2023-06-02 15:10:33","2023-10-10 22:10:14","Y"
"3618","145","43","quick_overview","2","A","2023-06-02 15:10:57","2023-10-10 22:10:39","Y"
"3619","140","44","quick_overview","2","A","2023-06-02 15:11:07","2026-03-12 13:03:26","Y"
"3620","9","45","quick_overview","2","A","2023-06-02 15:11:22","2023-09-21 14:09:27","Y"
"3621","78","46","quick_overview","2","A","2023-06-02 15:11:49","2026-01-25 17:01:22","Y"
"3622","195","47","quick_overview","2","A","2023-06-02 15:12:10","2023-11-02 13:11:43","Y"
"3623","143","48","quick_overview","2","A","2023-06-02 15:12:17","2023-09-24 15:09:52","Y"
"3624","6","49","quick_overview","2","A","2023-06-02 15:12:42","2026-06-02 14:06:52","Y"
"3625","226","50","quick_overview","2","A","2023-06-02 15:12:51","2025-12-07 15:12:43","Y"
"3626","154","51","quick_overview","2","A","2023-06-02 15:15:27","2023-10-30 21:10:28","Y"
"3627","135","52","quick_overview","2","A","2023-06-02 15:15:33","2023-10-11 13:10:38","Y"
"3628","159","53","quick_overview","2","A","2023-06-02 15:16:04","2023-11-02 13:11:46","Y"
"3629","158","54","quick_overview","2","A","2023-06-02 15:16:30","2023-10-11 13:10:33","Y"
"3630","221","55","quick_overview","2","A","2023-06-02 15:16:42","2025-12-08 19:12:52","Y"
"3631","222","56","quick_overview","2","A","2023-06-02 15:18:55","2025-12-08 19:12:55","Y"
"3632","166","57","quick_overview","2","A","2023-06-02 15:19:46","2023-11-02 18:11:10","Y"
"3633","132","58","quick_overview","2","A","2023-06-02 15:20:23","2023-08-22 11:08:39","Y"
"3634","126","59","quick_overview","2","A","2023-06-02 15:20:57","2023-08-31 23:08:53","Y"
"3635","131","60","quick_overview","2","A","2023-06-02 15:22:02","2023-09-21 14:09:00","Y"
"3636","136","61","quick_overview","19","A","2023-06-02 15:22:31",NULL,"Y"
"3637","185","62","quick_overview","2","A","2023-06-02 15:23:23","2023-10-11 13:10:50","Y"
"3638","9","130","program_overview","3","A","2023-06-02 21:36:47","2023-09-21 14:09:27","N"
"3639","9","2211","textcontent","15","A","2023-06-02 21:41:06","2023-09-21 14:09:27","Y"
"3640","9","2212","textcontent","19","A","2023-06-02 21:43:52","2023-09-21 14:09:27","Y"
"3641","9","2213","textcontent","19","D","2023-06-02 21:47:19","2023-07-28 14:07:53","Y"
"3642","163","2214","textcontent","15","D","2023-06-03 11:19:10","2026-01-29 21:01:05","Y"
"3643","163","118","faculty","19","A","2023-06-03 11:29:23","2026-01-29 22:01:03","Y"
"3644","163","2215","textcontent","17","D","2023-06-03 11:30:28","2024-01-02 17:01:09","Y"
"3645","163","2216","textcontent","17","A","2023-06-03 11:31:12","2026-05-27 15:05:36","Y"
"3646","163","2217","textcontent","13","A","2023-06-03 11:31:54","2026-05-27 15:05:29","Y"
"3647","190","119","faculty","20","A","2023-06-03 12:33:18","2023-10-30 22:10:39","Y"
"3648","162","69","industry","21","D","2023-06-03 12:48:33","2023-06-03 12:06:06","Y"
"3649","162","87","academia_panel","22","A","2023-06-03 12:50:33","2025-05-02 19:05:20","Y"
"3650","190","2218","textcontent","19","A","2023-06-03 13:36:06","2023-06-03 13:06:50","Y"
"3651","228","225","banner","1","A","0000-00-00 00:00:00","2023-06-03 14:06:34","N"
"3652","228","131","program_overview","2","A","2023-06-03 13:56:27",NULL,"N"
"3653","228","130","promotional_video","3","A","2023-06-03 13:56:27",NULL,"N"
"3654","228","2219","textcontent","4","A","2023-06-03 13:56:46",NULL,"Y"
"3655","228","2220","textcontent","5","A","2023-06-03 13:57:37","2023-06-03 14:06:40","Y"
"3656","228","2221","textcontent","6","A","2023-06-03 14:00:25",NULL,"Y"
"3657","228","2222","textcontent","7","A","2023-06-03 14:03:23",NULL,"Y"
"3658","228","2223","textcontent","8","A","2023-06-03 14:05:32",NULL,"Y"
"3659","228","2224","textcontent","9","A","2023-06-03 14:05:51",NULL,"Y"
"3660","228","205","course_plan","10","A","2023-06-03 14:08:45",NULL,"Y"
"3661","5","2225","textcontent","10","D","2023-06-03 15:03:59","2023-07-17 15:07:10","Y"
"3662","5","2226","textcontent","18","A","2023-06-03 15:05:51","2023-10-13 17:10:11","Y"
"3663","5","2227","textcontent","13","A","2023-06-03 15:06:47","2023-10-13 17:10:45","Y"
"3664","5","2228","textcontent","16","A","2023-06-03 15:07:22","2023-10-09 19:10:19","Y"
"3665","5","2229","textcontent","17","A","2023-06-03 15:15:03","2023-10-09 19:10:19","Y"
"3666","6","2230","textcontent","22","A","2023-06-05 14:00:59","2026-06-02 14:06:52","Y"
"3667","6","2231","textcontent","14","A","2023-06-05 14:10:26","2026-06-02 15:06:38","Y"
"3668","149","2232","textcontent","14","A","2023-06-05 14:26:32","2025-06-10 18:06:38","Y"
"3669","225","2233","textcontent","14","A","2023-06-05 14:37:42","2023-11-25 11:11:59","Y"
"3670","208","2234","textcontent","7","A","2023-06-05 17:34:20","2025-12-07 15:12:24","Y"
"3671","208","2235","textcontent","8","A","2023-06-05 17:51:17","2025-12-07 15:12:24","Y"
"3672","208","35","testimonials","13","A","2023-06-05 18:09:10","2025-12-07 15:12:24","Y"
"3673","229","226","banner","1","A","0000-00-00 00:00:00","2025-12-08 19:12:25","N"
"3674","229","132","program_overview","3","A","2023-06-10 15:33:32","2025-12-08 19:12:25","N"
"3675","229","131","promotional_video","4","A","2023-06-10 15:33:32","2025-12-08 19:12:25","N"
"3676","229","2236","textcontent","5","A","2023-06-10 15:34:39","2025-12-08 19:12:25","Y"
"3677","229","2237","textcontent","6","A","2023-06-10 15:35:01","2025-12-08 19:12:25","Y"
"3678","229","2238","textcontent","16","A","2023-06-10 15:35:32","2025-12-08 19:12:25","Y"
"3679","229","2239","textcontent","8","A","2023-06-10 15:41:17","2026-01-25 16:01:48","Y"
"3680","229","120","faculty","18","A","2023-06-10 15:41:47","2025-12-08 19:12:25","Y"
"3681","229","130","syllabus","19","A","2023-06-10 15:41:55","2025-12-08 19:12:25","Y"
"3682","229","206","course_plan","20","A","2023-06-10 15:52:47","2025-12-08 19:12:25","Y"
"3683","230","227","banner","1","A","0000-00-00 00:00:00","2023-06-20 11:06:22","N"
"3684","230","133","program_overview","2","A","2023-06-15 15:49:51","2023-06-15 16:06:58","N"
"3685","230","132","promotional_video","3","A","2023-06-15 15:49:51","2023-06-15 16:06:58","N"
"3686","230","2240","textcontent","4","A","2023-06-15 15:50:07","2023-06-15 16:06:58","Y"
"3687","230","2241","textcontent","5","A","2023-06-15 15:52:15","2023-06-15 16:06:31","Y"
"3688","230","2242","textcontent","6","A","2023-06-15 15:56:17","2023-06-15 16:06:58","Y"
"3689","230","2243","textcontent","7","A","2023-06-15 16:01:38","2023-06-15 16:06:58","Y"
"3690","230","2244","textcontent","8","A","2023-06-15 16:04:38","2023-06-20 11:06:00","Y"
"3691","230","2245","textcontent","9","A","2023-06-15 16:05:08","2023-06-15 16:06:58","Y"
"3692","230","207","course_plan","10","A","2023-06-15 16:07:13","2023-06-15 16:06:58","Y"
"3693","231","228","banner","1","A","0000-00-00 00:00:00","2023-06-21 14:06:26","N"
"3694","231","134","program_overview","2","A","2023-06-21 13:33:02",NULL,"N"
"3695","231","133","promotional_video","3","A","2023-06-21 13:33:02",NULL,"N"
"3696","231","2246","textcontent","4","A","2023-06-21 13:33:18",NULL,"Y"
"3697","231","2247","textcontent","5","A","2023-06-21 13:35:18","2023-06-21 14:06:46","Y"
"3698","231","2248","textcontent","6","A","2023-06-21 13:39:11",NULL,"Y"
"3699","231","2249","textcontent","7","A","2023-06-21 13:42:48",NULL,"Y"
"3700","231","2250","textcontent","8","A","2023-06-21 13:45:11","2023-06-21 13:06:43","Y"
"3701","231","2251","textcontent","9","A","2023-06-21 13:46:06",NULL,"Y"
"3702","231","208","course_plan","10","A","2023-06-21 13:48:38",NULL,"Y"
"3703","140","2252","textcontent","15","A","2023-06-27 13:02:23","2026-03-12 13:03:26","Y"
"3704","140","2253","textcontent","17","D","2023-06-27 13:14:22","2023-09-01 11:09:37","Y"
"3705","140","2254","textcontent","23","D","2023-06-27 13:17:45","2023-06-27 13:06:49","Y"
"3706","140","36","testimonials","12","A","2023-06-27 13:19:41","2026-03-12 13:03:26","Y"
"3707","140","2255","textcontent","13","D","2023-06-27 13:37:22","2023-09-01 11:09:12","Y"
"3708","198","37","testimonials","5","A","2023-06-27 16:47:04","2023-06-27 16:06:18","Y"
"3709","232","229","banner","1","A","0000-00-00 00:00:00","2023-06-28 14:06:06","N"
"3710","232","135","program_overview","2","A","2023-06-28 13:37:52",NULL,"N"
"3711","232","134","promotional_video","3","A","2023-06-28 13:37:52",NULL,"N"
"3712","232","2256","textcontent","4","A","2023-06-28 13:38:13",NULL,"Y"
"3713","232","2257","textcontent","5","A","2023-06-28 13:38:35",NULL,"Y"
"3714","232","2258","textcontent","6","A","2023-06-28 13:39:36",NULL,"Y"
"3715","232","2259","textcontent","7","A","2023-06-28 13:39:49","2023-06-28 15:06:14","Y"
"3716","232","2260","textcontent","8","A","2023-06-28 13:44:16","2023-06-28 15:06:59","Y"
"3717","232","2261","textcontent","9","A","2023-06-28 13:47:22",NULL,"Y"
"3718","232","121","faculty","10","A","2023-06-28 13:49:00","2023-06-28 16:06:15","Y"
"3719","232","209","course_plan","11","A","2023-06-28 13:50:57",NULL,"Y"
"3720","166","38","testimonials","14","A","2023-06-29 13:21:48","2023-11-02 18:11:10","Y"
"3721","161","2262","textcontent","10","P","2023-07-05 20:28:36","2026-05-28 10:05:50","Y"
"3722","79","2263","textcontent","7","P","2023-07-06 11:35:06","2023-07-06 11:07:34","Y"
"3723","233","230","banner","1","A","0000-00-00 00:00:00","2023-07-13 14:07:41","N"
"3724","233","136","program_overview","2","A","2023-07-13 13:41:42",NULL,"N"
"3725","233","135","promotional_video","3","A","2023-07-13 13:41:42",NULL,"N"
"3726","233","2264","textcontent","4","A","2023-07-13 13:42:00",NULL,"Y"
"3727","233","2265","textcontent","5","A","2023-07-13 13:44:06","2023-07-13 14:07:04","Y"
"3728","233","2266","textcontent","6","A","2023-07-13 13:49:26",NULL,"Y"
"3729","233","2267","textcontent","7","A","2023-07-13 13:52:22",NULL,"Y"
"3730","233","2268","textcontent","8","A","2023-07-13 13:54:19","2023-07-13 13:07:19","Y"
"3731","233","2269","textcontent","9","A","2023-07-13 14:02:30","2023-07-13 14:07:51","Y"
"3732","233","2270","textcontent","10","A","2023-07-13 14:04:14",NULL,"Y"
"3733","233","210","course_plan","11","A","2023-07-13 14:07:57",NULL,"Y"
"3734","234","231","banner","1","A","0000-00-00 00:00:00","2023-07-13 14:07:35","N"
"3735","234","137","program_overview","2","A","2023-07-13 14:22:57","2023-07-13 14:07:35","N"
"3736","234","136","promotional_video","3","A","2023-07-13 14:22:57","2023-07-13 14:07:35","N"
"3737","234","2271","textcontent","4","A","2023-07-13 14:23:24","2023-07-13 14:07:35","Y"
"3738","234","2272","textcontent","5","A","2023-07-13 14:25:20","2023-07-13 14:07:39","Y"
"3739","234","2273","textcontent","6","A","2023-07-13 14:30:22","2023-07-13 14:07:35","Y"
"3740","234","2274","textcontent","7","A","2023-07-13 14:33:53","2023-07-13 14:07:35","Y"
"3741","234","2275","textcontent","8","A","2023-07-13 14:37:50","2023-07-13 14:07:35","Y"
"3742","234","2276","textcontent","9","A","2023-07-13 14:38:15","2023-07-13 14:07:35","Y"
"3743","102","2277","textcontent","12","D","2023-07-13 15:18:06","2024-04-07 11:04:43","Y"
"3744","102","2278","textcontent","13","D","2023-07-13 15:24:30","2024-04-07 11:04:52","Y"
"3745","234","211","course_plan","10","A","2023-07-13 18:20:41",NULL,"Y"
"3746","5","2279","textcontent","15","A","2023-07-14 18:49:11","2023-10-09 19:10:19","Y"
"3747","5","2280","textcontent","5","A","2023-07-14 19:14:40","2023-10-09 19:10:19","Y"
"3748","235","2281","textcontent","5","P","2023-07-17 15:32:17",NULL,"Y"
"3749","235","2282","textcontent","2","P","2023-07-17 15:32:17",NULL,"Y"
"3750","235","70","industry","13","P","2023-07-17 15:32:17",NULL,"Y"
"3751","235","2283","textcontent","19","P","2023-07-17 15:32:17",NULL,"Y"
"3752","235","2284","textcontent","22","P","2023-07-17 15:32:17",NULL,"Y"
"3753","235","2285","textcontent","27","P","2023-07-17 15:32:17",NULL,"Y"
"3754","235","2286","textcontent","28","P","2023-07-17 15:32:17",NULL,"Y"
"3755","235","2287","textcontent","29","P","2023-07-17 15:32:17",NULL,"Y"
"3756","235","39","testimonials","30","P","2023-07-17 15:32:17",NULL,"Y"
"3757","235","88","academia_panel","31","P","2023-07-17 15:32:17",NULL,"Y"
"3758","235","122","faculty","33","P","2023-07-17 15:32:17",NULL,"Y"
"3759","235","212","course_plan","34","P","2023-07-17 15:32:17",NULL,"Y"
"3760","235","131","syllabus","35","P","2023-07-17 15:32:17",NULL,"Y"
"3761","235","232","banner","14","P","0000-00-00 00:00:00","2023-07-17 15:07:17","Y"
"3762","235","233","banner","1","P","0000-00-00 00:00:00","2023-07-17 15:07:17","Y"
"3763","235","48","forms","16","P","2023-07-17 15:32:17",NULL,"Y"
"3764","235","49","forms","21","P","2023-07-17 15:32:17",NULL,"Y"
"3765","235","2288","textcontent","6","P","2023-07-17 15:32:17",NULL,"Y"
"3766","235","2289","textcontent","9","P","2023-07-17 15:32:17",NULL,"Y"
"3767","235","2290","textcontent","11","P","2023-07-17 15:32:17",NULL,"Y"
"3768","235","2291","textcontent","12","P","2023-07-17 15:32:17",NULL,"Y"
"3769","235","2292","textcontent","20","P","2023-07-17 15:32:17",NULL,"Y"
"3770","235","2293","textcontent","27","P","2023-07-17 15:32:17",NULL,"Y"
"3771","235","105","faq","36","P","2023-07-17 15:32:17",NULL,"Y"
"3772","235","88","video_testimonials","8","P","2023-07-17 15:32:17",NULL,"Y"
"3773","235","89","video_testimonials","32","P","2023-07-17 15:32:17",NULL,"Y"
"3774","235","2294","textcontent","24","P","2023-07-17 15:32:17",NULL,"Y"
"3775","235","2295","textcontent","26","P","2023-07-17 15:32:17",NULL,"Y"
"3776","235","2296","textcontent","23","P","2023-07-17 15:32:17",NULL,"Y"
"3777","235","2297","textcontent","25","P","2023-07-17 15:32:17",NULL,"Y"
"3778","235","2298","textcontent","10","P","2023-07-17 15:32:17",NULL,"Y"
"3779","235","2299","textcontent","14","P","2023-07-17 15:32:17",NULL,"Y"
"3780","235","2300","textcontent","15","P","2023-07-17 15:32:17",NULL,"Y"
"3781","235","2301","textcontent","17","P","2023-07-17 15:32:17",NULL,"Y"
"3782","235","2302","textcontent","18","P","2023-07-17 15:32:17",NULL,"Y"
"3783","235","2303","textcontent","16","P","2023-07-17 15:32:17",NULL,"Y"
"3784","235","2304","textcontent","7","P","2023-07-17 15:32:17",NULL,"Y"
"3785","133","2305","textcontent","14","A","2023-07-21 13:23:53","2024-05-03 16:05:31","Y"
"3786","6","2306","textcontent","12","P","2023-07-26 14:43:42","2026-06-02 14:06:52","Y"
"3787","236","234","banner","1","A","0000-00-00 00:00:00","2023-07-26 19:07:29","N"
"3788","236","138","program_overview","2","A","2023-07-26 18:45:20","2023-07-26 19:07:54","N"
"3789","236","137","promotional_video","3","A","2023-07-26 18:45:20","2023-07-26 19:07:54","N"
"3790","236","2307","textcontent","4","A","2023-07-26 18:45:35","2023-07-26 19:07:54","Y"
"3791","236","2308","textcontent","5","A","2023-07-26 18:46:48","2023-07-26 19:07:26","Y"
"3792","236","2309","textcontent","6","A","2023-07-26 18:53:25","2023-07-26 19:07:54","Y"
"3793","236","2310","textcontent","7","A","2023-07-26 19:13:41","2023-07-26 19:07:54","Y"
"3794","236","2311","textcontent","8","A","2023-07-26 19:15:35","2023-07-26 19:07:41","Y"
"3795","236","2312","textcontent","9","A","2023-07-26 19:15:59","2023-07-26 19:07:54","Y"
"3796","236","213","course_plan","10","A","2023-07-26 19:17:27","2023-07-26 19:07:54","Y"
"3797","9","2313","textcontent","6","A","2023-07-28 14:08:49","2023-09-21 14:09:27","Y"
"3798","9","2314","textcontent","9","A","2023-07-28 14:18:12","2023-09-21 14:09:27","Y"
"3799","9","2315","textcontent","17","A","2023-07-28 14:24:30","2023-09-21 14:09:27","Y"
"3800","9","2316","textcontent","18","A","2023-07-28 14:26:26","2023-09-21 14:09:27","Y"
"3801","9","2317","textcontent","21","A","2023-07-28 14:31:55","2023-10-13 17:10:34","Y"
"3802","154","2318","textcontent","14","A","2023-07-28 20:47:49","2023-10-30 21:10:28","Y"
"3803","237","235","banner","1","A","0000-00-00 00:00:00","2023-08-03 16:08:26","N"
"3804","237","139","program_overview","2","A","2023-08-03 16:23:56",NULL,"N"
"3805","237","138","promotional_video","3","A","2023-08-03 16:23:56",NULL,"N"
"3806","237","2319","textcontent","4","A","2023-08-03 16:24:15",NULL,"Y"
"3807","237","2320","textcontent","5","A","2023-08-03 16:28:06","2023-08-03 16:08:33","Y"
"3808","237","2321","textcontent","6","A","2023-08-03 16:31:51","2023-08-03 16:08:45","Y"
"3809","237","2322","textcontent","7","A","2023-08-03 16:37:06",NULL,"Y"
"3810","237","2323","textcontent","8","A","2023-08-03 16:38:29",NULL,"Y"
"3811","237","2324","textcontent","9","A","2023-08-03 16:38:54",NULL,"Y"
"3812","237","214","course_plan","10","A","2023-08-03 16:48:58",NULL,"Y"
"3813","238","236","banner","1","A","0000-00-00 00:00:00","2023-08-19 16:08:59","N"
"3814","238","140","program_overview","2","A","2023-08-19 15:42:04","2023-08-19 16:08:59","N"
"3815","238","139","promotional_video","3","A","2023-08-19 15:42:04","2023-08-19 16:08:59","N"
"3816","238","2325","textcontent","4","A","2023-08-19 15:44:55","2023-08-21 14:08:40","Y"
"3817","238","2326","textcontent","5","A","2023-08-19 15:45:59","2023-08-22 15:08:30","Y"
"3818","238","2327","textcontent","6","A","2023-08-19 16:09:11","2023-08-21 14:08:59","Y"
"3819","238","2328","textcontent","7","A","2023-08-19 16:12:11","2023-08-21 14:08:19","Y"
"3820","238","2329","textcontent","8","A","2023-08-19 16:15:12","2023-08-21 14:08:45","Y"
"3821","238","2330","textcontent","9","A","2023-08-19 16:15:43","2023-08-21 14:08:09","Y"
"3822","238","215","course_plan","10","A","2023-08-19 16:18:56","2023-08-19 16:08:59","Y"
"3823","132","2331","textcontent","13","A","2023-08-21 23:33:37","2023-08-22 11:08:39","Y"
"3824","132","2332","textcontent","14","A","2023-08-22 11:31:05","2023-10-09 20:10:56","Y"
"3825","132","2333","textcontent","15","A","2023-08-22 11:31:34","2023-08-22 11:08:55","Y"
"3826","132","2334","textcontent","25","D","2023-08-22 11:32:16","2023-08-22 11:08:46","Y"
"3827","132","2335","textcontent","16","A","2023-08-22 11:33:33","2023-10-13 22:10:50","Y"
"3828","177","63","quick_overview","2","A","2023-08-22 11:39:58","2023-08-22 13:08:11","Y"
"3829","177","106","faq","26","A","2023-08-22 11:41:59","2023-08-22 13:08:11","Y"
"3830","177","2336","textcontent","12","A","2023-08-22 11:46:27","2023-08-22 13:08:11","Y"
"3831","177","2337","textcontent","13","A","2023-08-22 11:47:22","2023-08-22 13:08:11","Y"
"3832","177","2338","textcontent","14","A","2023-08-22 11:48:22","2023-08-22 13:08:11","Y"
"3833","177","2339","textcontent","15","A","2023-08-22 11:48:45","2023-10-13 22:10:34","Y"
"3834","177","2340","textcontent","16","A","2023-08-22 11:49:14","2023-08-22 13:08:11","Y"
"3835","177","2341","textcontent","17","A","2023-08-22 11:49:40","2023-10-13 22:10:52","Y"
"3836","177","2342","textcontent","21","A","2023-08-22 11:50:33","2023-08-22 13:08:11","Y"
"3837","177","2343","textcontent","18","A","2023-08-22 11:52:58","2023-08-22 13:08:11","Y"
"3838","177","2344","textcontent","22","A","2023-08-22 11:53:25","2023-08-22 13:08:11","Y"
"3839","89","64","quick_overview","2","A","2023-08-22 11:59:22","2024-04-15 17:04:03","Y"
"3840","89","2345","textcontent","6","A","2023-08-22 12:13:53","2024-04-15 17:04:03","Y"
"3841","89","2346","textcontent","7","A","2023-08-22 12:14:30","2024-04-15 17:04:03","Y"
"3842","89","2347","textcontent","8","A","2023-08-22 12:15:56","2024-04-15 17:04:03","Y"
"3843","89","2348","textcontent","15","A","2023-08-22 13:24:00","2024-04-15 17:04:03","Y"
"3844","89","2349","textcontent","11","A","2023-08-22 13:29:12","2024-04-15 17:04:03","Y"
"3845","89","2350","textcontent","21","A","2023-08-22 13:29:37","2024-04-15 17:04:03","Y"
"3846","89","2351","textcontent","14","D","2023-08-22 13:30:46","2023-09-21 14:09:17","Y"
"3847","89","2352","textcontent","25","A","2023-08-22 13:31:23","2024-04-15 17:04:03","Y"
"3848","177","2353","textcontent","5","A","2023-08-22 13:40:57","2023-08-22 13:08:11","Y"
"3849","131","2354","textcontent","5","A","2023-08-22 13:43:20","2023-09-21 14:09:00","Y"
"3850","131","2355","textcontent","6","A","2023-08-22 13:43:41","2023-09-21 14:09:00","Y"
"3851","131","2356","textcontent","7","D","2023-08-22 13:43:43","2023-08-22 13:08:25","Y"
"3852","131","2357","textcontent","7","A","2023-08-22 13:44:03","2023-09-21 14:09:00","Y"
"3853","131","2358","textcontent","8","A","2023-08-22 13:44:21","2023-10-09 20:10:06","Y"
"3854","131","2359","textcontent","10","A","2023-08-22 13:45:42","2023-09-21 14:09:00","Y"
"3855","131","2360","textcontent","12","A","2023-08-22 13:47:33","2023-10-15 10:10:56","Y"
"3856","131","2361","textcontent","13","A","2023-08-22 13:48:02","2023-09-21 14:09:00","Y"
"3857","131","2362","textcontent","14","A","2023-08-22 13:48:29","2023-10-09 20:10:22","Y"
"3858","131","2363","textcontent","15","A","2023-08-22 13:48:52","2023-09-21 14:09:28","Y"
"3859","131","2364","textcontent","16","A","2023-08-22 13:49:08","2023-10-13 23:10:23","Y"
"3860","131","2365","textcontent","17","A","2023-08-22 13:49:33","2023-09-21 14:09:00","Y"
"3861","131","2366","textcontent","20","A","2023-08-22 13:50:43","2023-09-21 14:09:00","Y"
"3862","131","2367","textcontent","21","A","2023-08-22 13:51:08","2023-09-21 14:09:00","Y"
"3863","131","107","faq","25","A","2023-08-22 13:51:46","2023-09-21 14:09:00","Y"
"3864","239","237","banner","1","A","0000-00-00 00:00:00","2023-08-22 15:08:50","N"
"3865","239","141","program_overview","2","A","2023-08-22 15:16:58",NULL,"N"
"3866","239","140","promotional_video","3","A","2023-08-22 15:16:58",NULL,"N"
"3867","239","2368","textcontent","4","A","2023-08-22 15:17:14",NULL,"Y"
"3868","239","2369","textcontent","5","A","2023-08-22 15:17:55","2023-08-22 15:08:46","Y"
"3869","239","2370","textcontent","6","A","2023-08-22 15:22:40",NULL,"Y"
"3870","239","2371","textcontent","7","A","2023-08-22 15:24:08",NULL,"Y"
"3871","239","2372","textcontent","8","A","2023-08-22 15:30:45","2023-08-22 15:08:24","Y"
"3872","239","2373","textcontent","9","A","2023-08-22 15:34:42","2023-08-22 15:08:11","Y"
"3873","239","2374","textcontent","10","A","2023-08-22 15:35:06",NULL,"Y"
"3874","239","216","course_plan","11","A","2023-08-22 15:48:50",NULL,"Y"
"3875","3","2375","textcontent","8","A","2023-08-23 19:43:59","2023-08-31 15:08:10","Y"
"3876","240","238","banner","1","A","0000-00-00 00:00:00","2023-08-24 17:08:57","N"
"3877","240","142","program_overview","2","A","2023-08-24 17:45:57",NULL,"N"
"3878","240","141","promotional_video","3","A","2023-08-24 17:45:57",NULL,"N"
"3879","240","217","course_plan","4","A","2023-08-24 17:47:59",NULL,"Y"
"3880","241","239","banner","1","A","0000-00-00 00:00:00","2025-03-25 17:03:59","N"
"3881","241","143","program_overview","3","A","2023-08-25 17:59:49","2023-12-13 18:12:23","N"
"3882","241","142","promotional_video","4","P","2023-08-25 17:59:49","2023-12-12 15:12:54","N"
"3883","241","2376","textcontent","5","A","2023-08-25 18:01:43","2023-12-12 15:12:54","Y"
"3884","241","2377","textcontent","6","A","2023-08-25 18:02:00","2023-12-12 15:12:54","Y"
"3885","241","2378","textcontent","16","A","2023-08-25 18:02:26","2023-12-12 15:12:54","Y"
"3886","241","2379","textcontent","9","A","2023-08-25 18:02:53","2026-01-18 18:01:51","Y"
"3887","241","2380","textcontent","17","A","2023-08-25 18:03:19","2026-02-23 17:02:04","Y"
"3888","241","123","faculty","19","A","2023-08-25 18:03:47","2025-03-25 19:03:52","Y"
"3889","241","132","syllabus","20","A","2023-08-25 18:03:54","2023-12-12 15:12:54","Y"
"3890","241","218","course_plan","21","A","2023-08-25 18:21:38","2023-12-12 15:12:54","Y"
"3891","242","240","banner","1","A","0000-00-00 00:00:00","2026-01-22 20:01:25","N"
"3892","242","144","program_overview","3","A","2023-08-25 18:41:37","2026-01-22 20:01:25","N"
"3893","242","143","promotional_video","4","A","2023-08-25 18:41:37","2026-01-22 20:01:25","N"
"3894","242","2381","textcontent","5","A","2023-08-25 18:42:49","2026-01-22 20:01:25","Y"
"3895","242","2382","textcontent","6","A","2023-08-25 18:43:14","2026-01-22 20:01:25","Y"
"3896","242","2383","textcontent","7","A","2023-08-25 18:43:45","2026-01-22 20:01:25","Y"
"3897","242","2384","textcontent","8","A","2023-08-25 18:44:04","2026-01-22 20:01:25","Y"
"3898","242","2385","textcontent","9","A","2023-08-25 18:44:30","2026-01-22 20:01:25","Y"
"3899","242","2386","textcontent","10","A","2023-08-25 18:45:38","2026-06-16 17:06:35","Y"
"3900","242","2387","textcontent","11","P","2023-08-25 18:46:06","2026-01-22 20:01:17","N"
"3901","242","2388","textcontent","12","A","2023-08-25 18:46:34","2026-01-22 20:01:25","Y"
"3902","242","2389","textcontent","13","A","2023-08-25 19:05:18","2026-01-22 20:01:25","Y"
"3903","242","2390","textcontent","14","A","2023-08-25 19:05:53","2026-01-22 20:01:25","Y"
"3904","242","89","academia_panel","15","A","2023-08-25 19:06:43","2026-01-22 20:01:25","Y"
"3905","242","124","faculty","16","A","2023-08-25 19:07:33","2026-01-22 20:01:25","Y"
"3906","242","133","syllabus","17","A","2023-08-25 19:07:45","2026-01-22 20:01:25","Y"
"3907","242","219","course_plan","18","A","2023-08-25 19:17:14","2026-01-22 20:01:25","Y"
"3908","243","241","banner","1","A","0000-00-00 00:00:00","2023-11-24 18:11:06","N"
"3909","243","145","program_overview","2","A","2023-08-25 19:28:33","2026-01-31 12:01:04","N"
"3910","243","144","promotional_video","3","A","2023-08-25 19:28:33","2023-11-24 18:11:06","N"
"3911","243","2391","textcontent","4","A","2023-08-25 19:31:46","2026-01-31 12:01:37","Y"
"3912","243","2392","textcontent","5","A","2023-08-25 19:32:07","2023-11-24 18:11:06","Y"
"3913","243","2393","textcontent","6","A","2023-08-25 19:32:41","2024-04-29 19:04:51","Y"
"3914","243","2394","textcontent","7","A","2023-08-25 19:33:07","2023-11-24 18:11:06","Y"
"3915","243","2395","textcontent","8","A","2023-08-25 19:37:49","2023-11-24 18:11:06","Y"
"3916","243","2396","textcontent","9","A","2023-08-25 19:38:10","2024-04-29 19:04:33","Y"
"3917","243","2397","textcontent","10","A","2023-08-25 19:38:46","2023-11-24 18:11:06","Y"
"3918","243","2398","textcontent","11","A","2023-08-25 19:39:56","2026-01-18 18:01:13","Y"
"3919","243","2399","textcontent","12","A","2023-08-25 19:40:33","2026-03-12 14:03:44","Y"
"3920","243","2400","textcontent","13","A","2023-08-25 19:40:51","2023-11-24 18:11:06","Y"
"3921","243","125","faculty","14","A","2023-08-25 19:41:15","2023-11-24 18:11:06","Y"
"3922","243","134","syllabus","15","A","2023-08-25 19:41:26","2023-11-24 18:11:06","Y"
"3923","243","220","course_plan","16","A","2023-08-25 19:55:50","2023-11-24 18:11:06","Y"
"3924","244","242","banner","1","A","0000-00-00 00:00:00","2023-08-29 14:08:57","N"
"3925","244","146","program_overview","2","A","2023-08-29 13:38:07",NULL,"N"
"3926","244","145","promotional_video","3","A","2023-08-29 13:38:07",NULL,"N"
"3927","244","2401","textcontent","4","D","2023-08-29 13:39:54","2023-08-29 13:08:28","Y"
"3928","244","2402","textcontent","5","A","2023-08-29 13:42:00","2023-08-29 13:08:33","Y"
"3929","244","2403","textcontent","6","A","2023-08-29 13:44:30","2023-08-29 13:08:52","Y"
"3930","244","2404","textcontent","7","A","2023-08-29 13:51:42","2023-08-29 15:08:39","Y"
"3931","244","2405","textcontent","8","A","2023-08-29 13:56:09","2023-08-29 15:08:16","Y"
"3932","244","2406","textcontent","9","A","2023-08-29 13:58:30","2023-08-29 15:08:47","Y"
"3933","244","2407","textcontent","10","A","2023-08-29 13:58:52",NULL,"Y"
"3934","244","221","course_plan","11","A","2023-08-29 14:04:02",NULL,"Y"
"3935","3","2408","textcontent","16","A","2023-08-31 15:17:57","2023-10-09 20:10:48","Y"
"3936","3","2409","textcontent","17","A","2023-08-31 15:26:42","2023-10-13 22:10:38","Y"
"3937","221","2410","textcontent","8","A","2023-08-31 15:46:20","2025-12-08 19:12:52","Y"
"3938","221","2411","textcontent","18","A","2023-08-31 15:50:52","2025-12-08 19:12:52","Y"
"3939","221","2412","textcontent","16","A","2023-08-31 15:51:46","2025-12-08 19:12:52","Y"
"3940","221","2413","textcontent","15","A","2023-08-31 15:52:14","2025-12-08 19:12:52","Y"
"3941","245","243","banner","1","A","0000-00-00 00:00:00","2025-11-13 17:11:51","N"
"3942","245","147","program_overview","3","A","2023-08-31 20:33:34","2024-04-16 12:04:14","N"
"3943","245","146","promotional_video","4","A","2023-08-31 20:33:34","2024-04-16 12:04:14","N"
"3944","245","65","quick_overview","2","A","2023-08-31 20:34:54","2024-04-16 12:04:14","Y"
"3945","245","2414","textcontent","5","A","2023-08-31 20:35:27","2024-04-16 12:04:14","Y"
"3946","245","2415","textcontent","6","A","2023-08-31 20:59:01","2024-04-16 12:04:14","Y"
"3947","245","2416","textcontent","7","A","2023-08-31 20:59:22","2024-04-16 12:04:14","Y"
"3948","245","2417","textcontent","8","A","2023-08-31 20:59:43","2024-04-16 12:04:14","Y"
"3949","245","2418","textcontent","9","A","2023-08-31 20:59:56","2024-04-16 12:04:14","Y"
"3950","245","2419","textcontent","10","A","2023-08-31 21:01:33","2024-04-16 12:04:14","Y"
"3951","245","2420","textcontent","13","A","2023-08-31 21:01:46","2026-06-17 16:06:50","Y"
"3952","245","2421","textcontent","11","A","2023-08-31 21:02:34","2024-04-16 12:04:14","Y"
"3953","245","2422","textcontent","12","A","2023-08-31 21:03:17","2024-04-16 12:04:14","Y"
"3954","245","2423","textcontent","14","A","2023-08-31 21:03:56","2024-04-16 12:04:14","Y"
"3955","245","2424","textcontent","15","A","2023-08-31 21:05:25","2024-04-16 12:04:14","Y"
"3956","245","2425","textcontent","16","A","2023-08-31 21:05:49","2024-04-16 12:04:14","Y"
"3957","245","2426","textcontent","17","A","2023-08-31 21:06:23","2024-04-16 12:04:14","Y"
"3958","245","2427","textcontent","18","A","2023-08-31 21:06:43","2026-02-23 17:02:11","Y"
"3959","245","2428","textcontent","19","A","2023-08-31 21:07:26","2024-04-16 12:04:14","Y"
"3960","245","2429","textcontent","20","A","2023-08-31 21:08:47","2024-04-16 12:04:14","Y"
"3961","245","2430","textcontent","21","A","2023-08-31 21:09:11","2024-04-16 12:04:14","Y"
"3962","245","126","faculty","22","P","2023-08-31 21:09:57","2024-04-16 12:04:14","N"
"3963","245","135","syllabus","23","A","2023-08-31 21:10:36","2024-04-16 12:04:14","Y"
"3964","221","2431","textcontent","11","A","2023-08-31 23:33:35","2025-12-08 19:12:52","Y"
"3965","221","2432","textcontent","13","A","2023-08-31 23:34:07","2025-12-08 19:12:52","Y"
"3966","126","2433","textcontent","10","A","2023-08-31 23:45:44","2023-08-31 23:08:53","Y"
"3967","126","2434","textcontent","13","A","2023-08-31 23:49:15","2023-08-31 23:08:53","Y"
"3968","126","2435","textcontent","14","A","2023-08-31 23:49:51","2023-10-09 21:10:13","Y"
"3969","126","2436","textcontent","15","A","2023-08-31 23:50:08","2023-10-13 23:10:07","Y"
"3970","195","108","faq","22","A","2023-08-31 23:52:29","2023-11-02 13:11:43","Y"
"3971","195","2437","textcontent","10","A","2023-08-31 23:56:39","2023-11-02 13:11:43","Y"
"3972","195","2438","textcontent","11","A","2023-08-31 23:56:58","2023-11-02 13:11:43","Y"
"3973","195","2439","textcontent","13","A","2023-08-31 23:57:57","2023-11-02 13:11:43","Y"
"3974","195","2440","textcontent","14","A","2023-08-31 23:58:17","2023-11-02 13:11:43","Y"
"3975","195","2441","textcontent","15","A","2023-08-31 23:59:27","2023-11-02 13:11:43","Y"
"3976","241","109","faq","22","A","2023-09-01 00:10:10","2023-12-12 15:12:54","Y"
"3977","241","2442","textcontent","7","A","2023-09-01 00:11:48","2023-12-12 15:12:54","Y"
"3978","241","2443","textcontent","10","A","2023-09-01 00:14:03","2023-12-12 15:12:54","Y"
"3979","241","2444","textcontent","11","A","2023-09-01 00:14:24","2023-12-12 15:12:54","Y"
"3980","241","2445","textcontent","12","A","2023-09-01 00:14:45","2023-12-12 15:12:54","Y"
"3981","241","2446","textcontent","13","A","2023-09-01 00:15:19","2023-12-12 15:12:54","Y"
"3982","241","2447","textcontent","14","A","2023-09-01 00:15:41","2023-12-12 15:12:54","Y"
"3983","241","2448","textcontent","15","A","2023-09-01 00:16:02","2023-12-12 15:12:54","Y"
"3984","241","2449","textcontent","18","A","2023-09-01 00:16:54","2023-12-12 15:12:54","Y"
"3985","220","2450","textcontent","7","A","2023-09-01 00:20:53","2025-02-08 15:02:17","Y"
"3986","220","2451","textcontent","9","A","2023-09-01 00:21:52","2025-02-08 15:02:17","Y"
"3987","220","2452","textcontent","10","A","2023-09-01 00:22:15","2025-02-08 15:02:17","Y"
"3988","220","2453","textcontent","11","A","2023-09-01 00:22:49","2025-02-08 15:02:17","Y"
"3989","220","2454","textcontent","12","A","2023-09-01 00:23:10","2025-02-08 15:02:17","Y"
"3990","220","2455","textcontent","13","A","2023-09-01 00:23:30","2025-02-08 15:02:17","Y"
"3991","220","2456","textcontent","14","A","2023-09-01 00:23:48","2025-02-08 15:02:17","Y"
"3992","220","2457","textcontent","18","A","2023-09-01 00:24:22","2025-02-08 15:02:17","Y"
"3993","220","110","faq","22","A","2023-09-01 00:24:53","2025-02-08 15:02:17","Y"
"3994","154","2458","textcontent","16","A","2023-09-01 11:19:18","2023-10-30 21:10:28","Y"
"3995","154","2459","textcontent","17","A","2023-09-01 11:19:38","2023-10-30 21:10:28","Y"
"3996","154","2460","textcontent","12","A","2023-09-01 11:20:06","2023-10-30 21:10:28","Y"
"3997","154","2461","textcontent","20","A","2023-09-01 11:21:46","2023-10-30 21:10:28","Y"
"3998","154","2462","textcontent","21","A","2023-09-01 11:22:13","2023-10-30 21:10:28","Y"
"3999","154","2463","textcontent","22","A","2023-09-01 11:22:40","2023-10-30 21:10:28","Y"
"4000","154","111","faq","26","A","2023-09-01 11:23:21","2023-10-30 21:10:28","Y"
"4001","154","136","syllabus","31","D","2023-09-01 11:26:53","2023-09-01 11:09:12","Y"
"4002","140","2464","textcontent","10","A","2023-09-01 11:35:28","2026-03-12 13:03:26","Y"
"4003","140","2465","textcontent","11","A","2023-09-01 11:35:49","2026-03-12 13:03:26","Y"
"4004","140","2466","textcontent","14","A","2023-09-01 11:38:03","2026-03-12 13:03:26","Y"
"4005","140","2467","textcontent","16","A","2023-09-01 11:41:00","2026-03-12 13:03:26","Y"
"4006","9","147","promotional_video","4","P","2023-09-01 12:13:25","2023-12-05 10:12:00","N"
"4007","241","66","quick_overview","2","A","2023-09-01 12:49:54","2023-12-12 15:12:54","Y"
"4008","229","67","quick_overview","2","A","2023-09-01 12:55:48","2025-12-08 19:12:25","Y"
"4009","157","2468","textcontent","5","A","2023-09-01 14:14:21","2023-09-01 14:09:01","Y"
"4010","157","2469","textcontent","6","A","2023-09-01 14:14:49","2023-09-01 14:09:01","Y"
"4011","157","2470","textcontent","7","A","2023-09-01 14:15:18","2023-09-01 14:09:01","Y"
"4012","157","2471","textcontent","18","A","2023-09-01 14:20:51","2023-09-01 14:09:01","Y"
"4013","157","2472","textcontent","20","A","2023-09-01 14:21:16","2023-09-01 14:09:01","Y"
"4014","157","2473","textcontent","23","A","2023-09-01 14:22:07","2023-09-01 14:09:01","Y"
"4015","166","2474","textcontent","9","A","2023-09-01 14:30:29","2023-11-02 18:11:10","Y"
"4016","166","2475","textcontent","13","A","2023-09-01 14:32:19","2023-11-02 18:11:10","Y"
"4017","166","2476","textcontent","15","A","2023-09-01 14:32:40","2023-11-02 18:11:10","Y"
"4018","166","112","faq","25","A","2023-09-01 14:34:32","2023-11-02 18:11:10","Y"
"4019","229","2477","textcontent","7","P","2023-09-01 14:40:07","2025-12-08 19:12:25","Y"
"4020","229","2478","textcontent","10","A","2023-09-01 14:40:41","2025-12-08 19:12:25","Y"
"4021","229","2479","textcontent","11","A","2023-09-01 14:41:02","2025-12-08 19:12:25","Y"
"4022","229","2480","textcontent","12","A","2023-09-01 14:41:18","2025-12-08 19:12:25","Y"
"4023","229","2481","textcontent","13","A","2023-09-01 14:41:45","2025-12-08 19:12:25","Y"
"4024","229","2482","textcontent","14","A","2023-09-01 14:42:09","2025-12-08 19:12:25","Y"
"4025","229","2483","textcontent","15","A","2023-09-01 14:42:31","2025-12-08 19:12:25","Y"
"4026","229","2484","textcontent","17","A","2023-09-01 14:43:34","2025-12-08 19:12:25","Y"
"4027","89","148","promotional_video","4","A","2023-09-05 23:47:42","2024-04-15 17:04:03","N"
"4028","150","68","quick_overview","2","A","2023-09-13 11:34:42","2026-01-31 15:01:59","Y"
"4029","246","244","banner","1","A","0000-00-00 00:00:00","2023-09-14 11:09:24","N"
"4030","246","148","program_overview","2","A","2023-09-13 14:29:22","2023-09-14 11:09:24","N"
"4031","246","149","promotional_video","3","A","2023-09-13 14:29:22","2023-09-14 11:09:24","N"
"4032","246","2485","textcontent","4","A","2023-09-13 14:33:50","2023-09-14 11:09:24","Y"
"4033","246","2486","textcontent","5","A","2023-09-13 14:38:26","2023-09-14 11:09:24","Y"
"4034","246","2487","textcontent","6","A","2023-09-13 18:33:01","2023-09-14 11:09:24","Y"
"4035","246","2488","textcontent","7","A","2023-09-13 18:39:42","2023-09-14 11:09:24","Y"
"4036","246","2489","textcontent","8","D","2023-09-13 18:40:41","2023-09-13 18:09:04","Y"
"4037","246","2490","textcontent","8","A","2023-09-13 18:42:05","2023-09-14 11:09:38","Y"
"4038","246","222","course_plan","10","A","2023-09-13 18:49:58","2023-09-14 11:09:24","Y"
"4039","225","150","promotional_video","4","P","2023-09-13 23:55:53","2023-12-07 17:12:42","N"
"4040","246","2491","textcontent","9","A","2023-09-14 11:29:07","2023-09-14 11:09:24","Y"
"4041","247","245","banner","1","A","0000-00-00 00:00:00","2023-09-18 17:09:19","N"
"4042","247","149","program_overview","2","A","2023-09-15 15:35:56","2023-09-18 17:09:19","N"
"4043","247","151","promotional_video","3","A","2023-09-15 15:35:56","2023-09-18 17:09:19","N"
"4044","247","2492","textcontent","5","A","2023-09-15 15:37:10","2023-09-18 17:09:19","Y"
"4045","247","2493","textcontent","5","D","2023-09-15 15:40:07","2023-09-15 15:09:33","Y"
"4046","247","2494","textcontent","6","A","2023-09-15 15:40:09","2023-09-19 15:09:40","Y"
"4047","247","2495","textcontent","7","A","2023-09-15 15:50:42","2023-09-18 17:09:19","Y"
"4048","247","2496","textcontent","8","A","2023-09-15 15:57:51","2023-09-18 17:09:19","Y"
"4049","247","2497","textcontent","9","A","2023-09-15 16:00:51","2023-09-18 17:09:19","Y"
"4050","247","223","course_plan","10","A","2023-09-15 16:07:03","2023-09-18 17:09:19","Y"
"4051","245","224","course_plan","24","A","2023-09-15 17:53:52","2024-04-16 12:04:14","Y"
"4052","248","246","banner","1","A","0000-00-00 00:00:00","2023-09-16 12:09:55","N"
"4053","248","150","program_overview","2","A","2023-09-16 09:12:51","2023-09-16 10:09:18","N"
"4054","248","152","promotional_video","3","A","2023-09-16 09:12:51","2023-09-16 10:09:18","N"
"4055","248","2498","textcontent","4","A","2023-09-16 09:13:18","2023-09-16 10:09:18","Y"
"4056","248","2499","textcontent","5","A","2023-09-16 09:16:17","2024-03-14 09:03:47","Y"
"4057","248","2500","textcontent","6","A","2023-09-16 09:29:06","2023-09-16 10:09:18","Y"
"4058","248","2501","textcontent","7","A","2023-09-16 09:36:42","2023-09-16 10:09:18","Y"
"4059","248","2502","textcontent","8","A","2023-09-16 09:44:22","2024-03-13 18:03:31","Y"
"4060","248","225","course_plan","10","A","2023-09-16 10:07:59","2023-09-16 10:09:18","Y"
"4061","248","2503","textcontent","9","A","2023-09-16 10:29:07","2023-09-16 10:09:18","Y"
"4062","248","2504","textcontent","11","D","2023-09-18 17:55:56","2023-09-18 17:09:24","Y"
"4063","247","2505","textcontent","4","A","2023-09-18 17:56:44","2023-09-18 18:09:25","Y"
"4064","2","2506","textcontent","18","A","2023-09-21 14:33:08","2023-11-02 15:11:51","Y"
"4065","131","2507","textcontent","11","A","2023-09-21 14:41:34","2023-10-09 20:10:06","Y"
"4066","221","2508","textcontent","12","A","2023-09-21 14:45:43","2025-12-08 19:12:52","Y"
"4067","185","2509","textcontent","8","A","2023-09-21 14:51:52","2023-10-11 13:10:50","Y"
"4068","185","2510","textcontent","18","A","2023-09-21 14:56:31","2023-10-11 13:10:50","Y"
"4069","185","2511","textcontent","12","A","2023-09-21 14:56:54","2023-10-15 12:10:03","Y"
"4070","185","2512","textcontent","14","A","2023-09-21 14:57:22","2023-10-11 13:10:50","Y"
"4071","249","247","banner","1","A","0000-00-00 00:00:00","2025-12-07 17:12:09","N"
"4072","249","151","program_overview","2","A","2023-09-21 19:44:04","2025-12-07 17:12:09","N"
"4073","249","153","promotional_video","3","A","2023-09-21 19:44:04","2025-12-07 17:12:09","N"
"4074","249","2513","textcontent","4","A","2023-09-21 19:44:47","2025-12-07 17:12:09","Y"
"4075","249","2514","textcontent","5","A","2023-09-21 19:45:11","2025-12-07 17:12:09","Y"
"4076","249","2515","textcontent","6","A","2023-09-21 19:49:00","2026-06-16 16:06:12","Y"
"4077","249","2516","textcontent","8","A","2023-09-21 19:50:08","2025-12-07 17:12:09","Y"
"4078","249","2517","textcontent","9","A","2023-09-21 19:50:35","2025-12-07 17:12:09","Y"
"4079","249","137","syllabus","10","A","2023-09-21 19:50:43","2025-12-07 17:12:09","Y"
"4080","249","127","faculty","11","P","2023-09-21 20:04:52","2025-12-07 17:12:09","Y"
"4081","249","226","course_plan","12","A","2023-09-21 20:08:25","2025-12-07 17:12:09","Y"
"4082","222","2518","textcontent","6","A","2023-09-23 13:53:46","2025-12-08 19:12:55","Y"
"4083","222","2519","textcontent","9","A","2023-09-23 13:55:23","2025-12-08 19:12:55","Y"
"4084","222","2520","textcontent","12","A","2023-09-23 13:56:37","2025-12-08 19:12:55","Y"
"4085","222","2521","textcontent","13","A","2023-09-23 13:56:57","2025-12-08 19:12:55","Y"
"4086","222","2522","textcontent","14","A","2023-09-23 13:57:12","2025-12-08 19:12:55","Y"
"4087","222","2523","textcontent","16","A","2023-09-23 13:58:22","2025-12-08 19:12:55","Y"
"4088","222","2524","textcontent","17","A","2023-09-23 13:58:39","2025-12-08 19:12:55","Y"
"4089","222","2525","textcontent","19","A","2023-09-23 13:59:12","2025-12-08 19:12:55","Y"
"4090","95","2526","textcontent","7","A","2023-09-23 16:07:14","2024-05-07 16:05:23","Y"
"4091","95","2527","textcontent","8","A","2023-09-23 16:07:59","2024-05-07 16:05:23","Y"
"4092","95","2528","textcontent","18","A","2023-09-23 16:17:56","2024-05-07 16:05:23","Y"
"4093","95","2529","textcontent","19","A","2023-09-23 16:18:34","2024-05-07 16:05:23","Y"
"4094","95","2530","textcontent","20","A","2023-09-23 16:19:17","2024-05-07 16:05:23","Y"
"4095","95","2531","textcontent","21","A","2023-09-23 16:19:45","2024-05-07 16:05:23","Y"
"4096","250","248","banner","1","A","0000-00-00 00:00:00","2025-03-25 17:03:56","N"
"4097","250","152","program_overview","3","A","2023-09-24 11:18:30","2023-09-27 12:09:05","N"
"4098","250","154","promotional_video","4","P","2023-09-24 11:18:30","2023-12-07 16:12:52","N"
"4099","250","69","quick_overview","2","A","2023-09-24 11:19:20","2023-09-27 12:09:05","Y"
"4100","250","2532","textcontent","5","A","2023-09-24 11:20:55","2023-09-27 12:09:05","Y"
"4101","250","2533","textcontent","6","A","2023-09-24 11:21:27","2023-09-27 12:09:05","Y"
"4102","250","2534","textcontent","7","A","2023-09-24 11:22:05","2023-09-27 12:09:05","Y"
"4103","250","2535","textcontent","10","A","2023-09-24 11:22:49","2023-09-27 12:09:05","Y"
"4104","250","2536","textcontent","12","A","2023-09-24 11:23:29","2023-09-27 12:09:05","Y"
"4105","250","2537","textcontent","16","A","2023-09-24 11:37:50","2023-09-27 12:09:05","Y"
"4106","250","2538","textcontent","17","A","2023-09-24 11:38:17","2023-09-27 12:09:05","Y"
"4107","250","2539","textcontent","8","A","2023-09-24 11:39:34","2026-01-18 19:01:15","Y"
"4108","250","2540","textcontent","15","P","2023-09-24 11:40:10","2026-01-22 20:01:03","Y"
"4109","250","2541","textcontent","14","A","2023-09-24 11:42:00","2023-09-27 12:09:05","Y"
"4110","250","2542","textcontent","15","D","2023-09-24 11:42:30","2023-09-27 12:09:21","Y"
"4111","250","90","academia_panel","18","A","2023-09-24 11:43:12","2023-09-27 12:09:05","Y"
"4112","250","128","faculty","19","A","2023-09-24 11:43:56","2025-04-16 14:04:17","Y"
"4113","250","138","syllabus","20","A","2023-09-24 11:44:12","2023-09-27 12:09:05","Y"
"4114","250","227","course_plan","21","A","2023-09-24 12:05:51","2023-09-27 12:09:05","Y"
"4115","251","249","banner","1","A","0000-00-00 00:00:00","2023-09-24 12:09:25","N"
"4116","251","153","program_overview","2","A","2023-09-24 12:35:49","2026-05-27 17:05:03","N"
"4117","251","155","promotional_video","3","A","2023-09-24 12:35:49","2023-09-24 12:09:16","N"
"4118","251","70","quick_overview","4","A","2023-09-24 12:36:42",NULL,"Y"
"4119","251","2543","textcontent","5","A","2023-09-24 12:39:42",NULL,"Y"
"4120","251","2544","textcontent","6","A","2023-09-24 12:40:26","2023-10-09 21:10:10","Y"
"4121","251","2545","textcontent","7","A","2023-09-24 12:40:52",NULL,"Y"
"4122","251","2546","textcontent","8","A","2023-09-24 12:41:18",NULL,"Y"
"4123","251","2547","textcontent","9","P","2023-09-24 12:41:45",NULL,"Y"
"4124","251","2548","textcontent","10","A","2023-09-24 12:42:18","2026-05-27 17:05:41","Y"
"4125","251","2549","textcontent","11","A","2023-09-24 12:42:41",NULL,"Y"
"4126","251","2550","textcontent","12","A","2023-09-24 12:43:10",NULL,"Y"
"4127","251","2551","textcontent","13","A","2023-09-24 12:43:53",NULL,"Y"
"4128","251","2552","textcontent","14","A","2023-09-24 12:44:21",NULL,"Y"
"4129","251","2553","textcontent","15","A","2023-09-24 12:44:50",NULL,"Y"
"4130","251","40","testimonials","16","A","2023-09-24 12:45:27","2023-09-24 13:09:50","Y"
"4131","251","2554","textcontent","17","A","2023-09-24 12:45:55","2026-05-27 17:05:10","Y"
"4132","251","2555","textcontent","18","A","2023-09-24 12:46:20",NULL,"Y"
"4133","251","2556","textcontent","19","A","2023-09-24 12:46:52","2023-10-15 11:10:39","Y"
"4134","251","2557","textcontent","20","A","2023-09-24 12:47:26","2026-05-27 17:05:02","Y"
"4135","251","2558","textcontent","21","A","2023-09-24 12:47:51",NULL,"Y"
"4136","251","2559","textcontent","22","P","2023-09-24 12:48:24","2026-01-22 20:01:06","Y"
"4137","251","2560","textcontent","23","A","2023-09-24 12:48:48",NULL,"Y"
"4138","251","139","syllabus","24","A","2023-09-24 12:49:16",NULL,"Y"
"4139","251","228","course_plan","25","A","2023-09-24 12:54:31",NULL,"Y"
"4140","181","2561","textcontent","16","A","2023-09-24 15:19:55","2025-12-11 15:12:30","Y"
"4141","143","2562","textcontent","7","A","2023-09-24 15:30:43","2023-09-24 15:09:52","Y"
"4142","143","2563","textcontent","16","A","2023-09-24 15:36:33","2023-10-15 12:10:20","Y"
"4143","142","2564","textcontent","9","A","2023-09-27 12:16:35","2023-09-27 12:09:47","Y"
"4144","142","2565","textcontent","11","A","2023-09-27 12:18:38","2023-10-13 23:10:33","Y"
"4145","142","2566","textcontent","15","A","2023-09-27 12:20:29","2023-10-13 23:10:13","Y"
"4146","142","2567","textcontent","14","A","2023-09-27 12:21:10","2023-09-27 12:09:47","Y"
"4147","250","2568","textcontent","9","A","2023-09-27 12:27:32","2023-09-27 12:09:05","Y"
"4148","250","2569","textcontent","11","A","2023-09-27 12:29:26","2023-10-15 11:10:14","Y"
"4149","250","2570","textcontent","13","A","2023-09-27 12:30:45","2023-10-15 11:10:13","Y"
"4150","122","2571","textcontent","13","A","2023-09-27 12:36:09","2023-10-15 13:10:08","Y"
"4151","89","154","program_overview","3","A","2023-09-28 12:33:09","2024-04-15 17:04:03","N"
"4152","225","2572","textcontent","15","A","2023-09-28 12:50:55","2023-11-25 11:11:59","Y"
"4153","135","2573","textcontent","10","A","2023-09-28 20:03:08","2023-10-11 13:10:38","Y"
"4154","135","2574","textcontent","11","A","2023-09-28 20:03:50","2023-10-11 13:10:38","Y"
"4155","135","2575","textcontent","13","A","2023-09-28 20:04:53","2023-10-11 13:10:38","Y"
"4156","2","2576","textcontent","12","P","2023-09-28 20:27:23","2024-03-16 13:03:43","Y"
"4157","135","2577","textcontent","16","A","2023-09-29 10:03:40","2023-10-15 11:10:55","Y"
"4158","135","2578","textcontent","18","A","2023-09-29 10:58:11","2023-10-11 13:10:38","Y"
"4159","135","2579","textcontent","19","A","2023-09-29 10:59:39","2023-10-15 11:10:02","Y"
"4160","135","2580","textcontent","20","D","2023-09-29 11:00:34","2023-10-11 13:10:45","Y"
"4161","158","2581","textcontent","10","A","2023-09-29 11:26:52","2023-10-11 13:10:33","Y"
"4162","158","2582","textcontent","11","A","2023-09-29 11:27:39","2023-10-11 13:10:33","Y"
"4163","158","2583","textcontent","13","A","2023-09-29 11:28:40","2023-10-11 13:10:33","Y"
"4164","158","2584","textcontent","18","A","2023-09-29 11:31:21","2023-10-11 13:10:33","Y"
"4165","158","2585","textcontent","19","A","2023-09-29 11:32:19","2023-10-15 12:10:57","Y"
"4166","158","2586","textcontent","31","D","2023-09-29 11:32:21","2023-09-29 12:09:07","Y"
"4167","159","2587","textcontent","10","A","2023-09-29 12:46:25","2023-11-02 13:11:46","Y"
"4168","159","2588","textcontent","11","A","2023-09-29 12:48:19","2023-11-02 13:11:46","Y"
"4169","159","2589","textcontent","13","A","2023-09-29 13:19:54","2023-11-02 13:11:46","Y"
"4170","159","2590","textcontent","18","A","2023-09-29 13:22:19","2023-11-02 13:11:46","Y"
"4171","225","2591","textcontent","13","D","2023-09-29 13:44:09","2023-10-10 22:10:46","Y"
"4172","225","2592","textcontent","16","D","2023-09-29 13:44:53","2023-10-02 00:10:03","Y"
"4173","145","2593","textcontent","14","D","2023-09-29 14:02:04","2023-10-10 22:10:04","Y"
"4174","145","2594","textcontent","15","A","2023-09-29 14:02:42","2023-10-15 10:10:35","Y"
"4175","145","2595","textcontent","26","D","2023-09-29 14:14:24","2023-10-02 00:10:20","Y"
"4176","182","2596","textcontent","7","A","2023-09-29 14:48:24","2026-01-22 20:01:04","Y"
"4177","182","2597","textcontent","14","D","2023-09-29 15:01:35","2023-10-10 22:10:45","Y"
"4178","182","2598","textcontent","14","A","2023-09-29 15:02:20","2026-01-22 20:01:04","Y"
"4179","182","2599","textcontent","24","D","2023-09-29 15:02:58","2023-10-01 16:10:54","Y"
"4180","149","2600","textcontent","9","A","2023-09-29 15:18:58","2025-06-10 18:06:38","Y"
"4181","149","2601","textcontent","11","A","2023-09-29 16:22:38","2025-06-10 18:06:38","Y"
"4182","149","2602","textcontent","10","A","2023-09-29 16:29:03","2025-06-10 18:06:38","Y"
"4183","149","2603","textcontent","12","A","2023-09-29 16:29:41","2025-06-10 18:06:38","Y"
"4184","149","2604","textcontent","14","D","2023-09-29 16:38:25","2023-10-10 22:10:25","Y"
"4185","149","2605","textcontent","15","A","2023-09-29 16:38:50","2025-06-10 18:06:38","Y"
"4186","180","2606","textcontent","8","A","2023-09-30 21:06:14","2025-06-10 18:06:30","Y"
"4187","180","2607","textcontent","15","A","2023-09-30 21:10:27","2023-10-10 22:10:14","Y"
"4188","180","2608","textcontent","16","A","2023-09-30 21:11:05","2023-10-15 12:10:33","Y"
"4189","153","2609","textcontent","8","D","2023-09-30 21:15:28","2023-10-01 23:10:18","Y"
"4190","153","2610","textcontent","14","A","2023-09-30 21:20:07","2023-10-10 22:10:37","Y"
"4191","153","2611","textcontent","15","A","2023-09-30 21:20:39","2023-10-15 12:10:19","Y"
"4192","153","2612","textcontent","16","D","2023-09-30 21:21:21","2023-10-10 22:10:47","Y"
"4193","147","2613","textcontent","13","A","2023-09-30 21:39:24","2025-06-10 19:06:08","Y"
"4194","147","2614","textcontent","14","A","2023-09-30 21:39:50","2025-06-10 19:06:08","Y"
"4195","172","2615","textcontent","11","A","2023-09-30 21:48:44","2023-10-10 22:10:18","Y"
"4196","172","2616","textcontent","10","A","2023-09-30 21:49:17","2023-10-10 22:10:18","Y"
"4197","172","2617","textcontent","14","A","2023-09-30 21:50:45","2023-10-10 22:10:18","Y"
"4198","172","2618","textcontent","15","A","2023-09-30 21:51:33","2023-10-15 12:10:53","Y"
"4199","152","2619","textcontent","14","A","2023-09-30 22:00:35","2023-10-10 22:10:35","Y"
"4200","152","2620","textcontent","15","A","2023-09-30 22:00:59","2023-10-15 10:10:11","Y"
"4201","22","2621","textcontent","15","A","2023-09-30 22:31:37","2023-10-10 22:10:14","Y"
"4202","22","2622","textcontent","16","A","2023-09-30 22:32:09","2023-10-15 12:10:41","Y"
"4203","78","2623","textcontent","9","D","2023-09-30 22:43:13","2023-10-10 22:10:29","Y"
"4204","78","2624","textcontent","10","A","2023-09-30 22:43:59","2026-01-25 17:01:22","Y"
"4205","78","2625","textcontent","12","A","2023-09-30 22:45:46","2026-01-25 17:01:22","Y"
"4206","78","2626","textcontent","11","A","2023-09-30 22:46:13","2026-01-25 17:01:22","Y"
"4207","78","2627","textcontent","13","A","2023-09-30 22:46:45","2026-01-25 17:01:22","Y"
"4208","78","2628","textcontent","15","A","2023-09-30 22:47:54","2026-01-25 17:01:22","Y"
"4209","78","2629","textcontent","18","A","2023-09-30 22:48:21","2026-01-25 17:01:22","Y"
"4210","78","2630","textcontent","19","A","2023-09-30 22:49:19","2026-01-25 17:01:22","Y"
"4211","148","2631","textcontent","14","A","2023-09-30 23:03:32","2023-10-01 21:10:40","Y"
"4212","148","2632","textcontent","15","A","2023-09-30 23:04:00","2023-10-15 12:10:55","Y"
"4213","148","2633","textcontent","16","A","2023-09-30 23:04:33","2023-10-09 23:10:19","Y"
"4214","180","2634","textcontent","6","A","2023-10-01 14:07:44","2023-10-10 22:10:14","Y"
"4215","159","2635","textcontent","30","D","2023-10-01 15:15:08","2023-10-01 15:10:38","Y"
"4216","158","2636","textcontent","16","A","2023-10-01 15:16:49","2023-10-11 13:10:33","Y"
"4217","159","2637","textcontent","16","A","2023-10-01 15:33:46","2023-11-02 13:11:46","Y"
"4218","159","2638","textcontent","19","A","2023-10-02 00:32:37","2023-11-02 13:11:46","Y"
"4219","225","155","program_overview","3","A","2023-10-06 17:00:05","2023-11-25 11:11:59","N"
"4220","152","113","faq","24","D","2023-10-10 22:31:47","2023-10-10 22:10:09","Y"
"4221","252","250","banner","1","A","0000-00-00 00:00:00","2023-10-11 20:10:50","N"
"4222","252","156","program_overview","2","A","2023-10-11 18:58:35","2023-10-11 20:10:50","N"
"4223","252","156","promotional_video","3","A","2023-10-11 18:58:35","2023-10-11 20:10:50","N"
"4224","252","2639","textcontent","4","A","2023-10-11 18:59:21","2023-10-11 20:10:50","Y"
"4225","252","2640","textcontent","5","A","2023-10-11 19:03:17","2023-10-11 20:10:50","Y"
"4226","252","2641","textcontent","6","A","2023-10-11 19:17:00","2023-10-11 20:10:50","Y"
"4227","252","2642","textcontent","7","A","2023-10-11 19:22:10","2023-10-11 20:10:50","Y"
"4228","252","2643","textcontent","8","A","2023-10-11 19:24:41","2023-10-11 20:10:50","Y"
"4229","252","2644","textcontent","9","A","2023-10-11 19:25:35","2023-10-11 20:10:50","Y"
"4230","252","229","course_plan","10","A","2023-10-11 20:25:57","2023-10-11 20:10:46","Y"
"4231","253","251","banner","1","A","0000-00-00 00:00:00","2023-10-13 16:10:15","N"
"4232","253","157","program_overview","2","A","2023-10-13 14:20:51","2023-10-13 16:10:59","N"
"4233","253","157","promotional_video","3","A","2023-10-13 14:20:51","2023-10-13 16:10:59","N"
"4234","253","2645","textcontent","4","A","2023-10-13 14:21:45","2023-10-13 16:10:59","Y"
"4235","253","2646","textcontent","5","A","2023-10-13 14:23:48","2023-10-13 16:10:59","Y"
"4236","253","2647","textcontent","6","A","2023-10-13 14:39:07","2023-10-14 11:10:59","Y"
"4237","253","2648","textcontent","7","A","2023-10-13 15:15:36","2023-10-14 21:10:07","Y"
"4238","253","2649","textcontent","8","A","2023-10-13 15:25:11","2023-10-14 11:10:21","Y"
"4239","253","2650","textcontent","10","A","2023-10-13 15:25:58","2023-10-13 16:10:59","Y"
"4240","253","230","course_plan","11","A","2023-10-13 15:29:49","2023-10-13 16:10:59","Y"
"4241","253","2651","textcontent","9","A","2023-10-13 16:27:11","2023-10-14 21:10:26","Y"
"4242","226","2652","textcontent","12","A","2023-10-15 12:05:17","2025-12-07 15:12:43","Y"
"4243","226","2653","textcontent","13","A","2023-10-15 12:05:41","2025-12-07 15:12:43","Y"
"4244","150","2654","textcontent","19","A","2023-10-15 12:17:11","2026-01-31 15:01:59","Y"
"4245","198","2655","textcontent","15","A","2023-10-15 12:22:29","2023-10-15 12:10:41","Y"
"4246","198","2656","textcontent","16","A","2023-10-15 12:23:01",NULL,"Y"
"4247","208","2657","textcontent","17","A","2023-10-15 12:34:12","2025-12-07 15:12:24","Y"
"4248","208","2658","textcontent","18","A","2023-10-15 12:34:41","2025-12-07 15:12:24","Y"
"4249","153","2659","textcontent","25","A","2023-10-15 12:35:56",NULL,"Y"
"4250","147","2660","textcontent","21","A","2023-10-15 12:38:15","2025-06-10 19:06:08","Y"
"4251","78","2661","textcontent","23","A","2023-10-15 12:41:19","2026-01-25 17:01:22","Y"
"4252","13","2662","textcontent","31","D","2023-10-17 23:06:21","2023-10-18 00:10:31","Y"
"4253","17","2663","textcontent","29","D","2023-10-17 23:07:49","2023-10-17 23:10:16","Y"
"4254","242","2664","textcontent","19","A","2023-10-17 23:17:45","2026-01-22 20:01:25","Y"
"4255","199","2665","textcontent","14","A","2023-10-17 23:18:10","2023-10-17 23:10:17","Y"
"4256","186","2666","textcontent","14","A","2023-10-17 23:18:39","2023-10-17 23:10:56","Y"
"4257","19","2667","textcontent","30","A","2023-10-17 23:26:21",NULL,"Y"
"4258","173","2668","textcontent","15","A","2023-10-17 23:30:05",NULL,"Y"
"4259","175","2669","textcontent","10","A","2023-10-17 23:30:34","2025-12-08 21:12:43","Y"
"4260","242","2670","textcontent","20","A","2023-10-17 23:32:10","2026-01-22 20:01:25","Y"
"4261","199","2671","textcontent","15","A","2023-10-17 23:32:35",NULL,"Y"
"4262","186","2672","textcontent","15","A","2023-10-17 23:32:59","2023-10-18 00:10:06","Y"
"4263","175","2673","textcontent","15","A","2023-10-17 23:33:30","2025-12-08 21:12:43","Y"
"4264","173","2674","textcontent","16","A","2023-10-17 23:33:59",NULL,"Y"
"4265","105","2675","textcontent","28","A","2023-10-17 23:34:29",NULL,"Y"
"4266","19","2676","textcontent","31","A","2023-10-17 23:36:03",NULL,"Y"
"4267","17","2677","textcontent","27","A","2023-10-17 23:36:29","2025-03-25 21:03:29","Y"
"4268","15","2678","textcontent","30","A","2023-10-17 23:37:17",NULL,"Y"
"4269","13","2679","textcontent","32","A","2023-10-17 23:38:04","2023-10-18 00:10:40","Y"
"4270","4","2680","textcontent","20","A","2023-10-17 23:55:07","2023-10-31 21:10:31","Y"
"4271","10","2681","textcontent","30","A","2023-10-17 23:56:06",NULL,"Y"
"4272","174","2682","textcontent","15","A","2023-10-17 23:59:38","2023-10-18 00:10:15","Y"
"4273","174","2683","textcontent","16","A","2023-10-18 00:00:13","2023-10-18 00:10:21","Y"
"4274","174","2684","textcontent","17","D","2023-10-18 00:01:41","2023-10-18 00:10:54","Y"
"4275","76","2685","textcontent","30","A","2023-10-18 00:05:28",NULL,"Y"
"4276","13","2686","textcontent","33","D","2023-10-18 00:08:54","2023-10-18 00:10:29","Y"
"4277","189","2687","textcontent","14","A","2023-10-18 00:11:20","2024-02-29 21:02:02","Y"
"4278","74","2688","textcontent","23","A","2023-10-18 00:16:11","2023-10-18 00:10:54","Y"
"4279","132","129","faculty","27","A","2023-10-30 17:07:47","2023-10-30 22:10:33","Y"
"4280","154","130","faculty","23","A","2023-10-30 21:34:50","2025-04-16 14:04:26","Y"
"4281","222","131","faculty","20","A","2023-10-30 21:43:35","2025-12-08 19:12:55","Y"
"4282","149","132","faculty","19","A","2023-10-30 21:50:42","2025-06-10 18:06:38","Y"
"4283","195","133","faculty","19","A","2023-10-30 22:06:05","2023-11-02 13:11:06","Y"
"4284","185","134","faculty","23","A","2023-10-31 18:30:43",NULL,"Y"
"4285","226","135","faculty","14","A","2023-10-31 18:31:25","2025-12-07 15:12:43","Y"
"4286","140","91","academia_panel","22","A","2023-11-02 18:20:15","2026-03-12 13:03:26","Y"
"4287","166","92","academia_panel","21","A","2023-11-02 18:20:57","2023-11-02 18:11:10","Y"
"4288","242","71","quick_overview","2","A","2023-11-04 01:51:08","2026-01-22 20:01:25","Y"
"4289","254","252","banner","1","A","0000-00-00 00:00:00","2023-11-07 16:11:44","N"
"4290","254","158","program_overview","2","A","2023-11-07 12:52:47",NULL,"N"
"4291","254","158","promotional_video","3","A","2023-11-07 12:52:47",NULL,"N"
"4292","254","2689","textcontent","4","A","2023-11-07 13:04:52",NULL,"Y"
"4293","254","2690","textcontent","5","A","2023-11-07 13:15:08","2023-11-07 16:11:26","Y"
"4294","254","2691","textcontent","6","A","2023-11-07 13:31:34","2023-11-18 17:11:16","Y"
"4295","254","2692","textcontent","7","A","2023-11-07 14:39:14","2023-11-07 16:11:07","Y"
"4296","254","2693","textcontent","8","A","2023-11-07 14:42:53",NULL,"Y"
"4297","254","2694","textcontent","9","A","2023-11-07 14:44:18",NULL,"Y"
"4298","254","2695","textcontent","10","D","2023-11-07 14:44:20","2023-11-07 14:11:46","Y"
"4299","254","231","course_plan","11","A","2023-11-07 14:48:10",NULL,"Y"
"4300","255","253","banner","1","A","0000-00-00 00:00:00","2023-11-10 22:11:34","N"
"4301","255","159","program_overview","2","A","2023-11-10 20:49:24",NULL,"N"
"4302","255","159","promotional_video","3","A","2023-11-10 20:49:24",NULL,"N"
"4303","255","2696","textcontent","4","A","2023-11-10 20:50:02",NULL,"Y"
"4304","255","2697","textcontent","5","A","2023-11-10 20:54:04","2023-11-10 21:11:49","Y"
"4305","255","2698","textcontent","6","D","2023-11-10 20:54:06","2023-11-10 20:11:32","Y"
"4306","255","2699","textcontent","7","D","2023-11-10 20:54:07","2023-11-10 20:11:24","Y"
"4307","255","2700","textcontent","8","A","2023-11-10 21:11:11","2023-11-10 21:11:51","Y"
"4308","255","2701","textcontent","9","A","2023-11-10 21:17:06","2023-11-10 22:11:48","Y"
"4309","255","2702","textcontent","10","A","2023-11-10 21:21:38","2023-11-10 21:11:46","Y"
"4310","255","2703","textcontent","11","A","2023-11-10 21:23:54",NULL,"Y"
"4311","255","232","course_plan","12","A","2023-11-10 21:27:16",NULL,"Y"
"4312","99","140","syllabus","79","D","2023-11-24 20:04:23","2023-11-24 20:11:55","Y"
"4313","99","141","syllabus","72","A","2023-11-24 20:08:07","2025-03-22 05:03:53","Y"
"4314","225","2704","textcontent","36","D","2023-11-24 20:23:18","2023-11-24 20:11:11","Y"
"4315","169","72","quick_overview","6","A","2023-11-29 12:53:52",NULL,"Y"
"4316","169","233","course_plan","7","A","2023-11-30 11:46:49","2023-11-30 11:11:17","Y"
"4317","256","254","banner","1","A","0000-00-00 00:00:00","2023-12-01 15:12:20","N"
"4318","256","160","program_overview","2","A","2023-12-01 15:02:34",NULL,"N"
"4319","256","160","promotional_video","3","A","2023-12-01 15:02:34",NULL,"N"
"4320","256","2705","textcontent","4","A","2023-12-01 15:05:50",NULL,"Y"
"4321","256","2706","textcontent","5","A","2023-12-01 15:07:44","2023-12-01 16:12:29","Y"
"4322","256","2707","textcontent","6","A","2023-12-01 15:17:47",NULL,"Y"
"4323","256","2708","textcontent","7","A","2023-12-01 15:24:55","2023-12-01 16:12:42","Y"
"4324","256","2709","textcontent","8","A","2023-12-01 15:27:38","2023-12-01 16:12:34","Y"
"4325","256","2710","textcontent","9","A","2023-12-01 15:29:36",NULL,"Y"
"4326","256","234","course_plan","10","A","2023-12-01 15:52:15",NULL,"Y"
"4327","257","255","banner","1","A","0000-00-00 00:00:00","2023-12-05 22:12:09","N"
"4328","257","161","program_overview","2","A","2023-12-05 22:04:26",NULL,"N"
"4329","257","161","promotional_video","3","A","2023-12-05 22:04:26",NULL,"N"
"4330","257","2711","textcontent","4","A","2023-12-05 22:04:50",NULL,"Y"
"4331","257","2712","textcontent","5","A","2023-12-05 22:06:29","2023-12-06 19:12:39","Y"
"4332","257","2713","textcontent","6","A","2023-12-05 22:25:10","2023-12-06 19:12:12","Y"
"4333","257","2714","textcontent","7","A","2023-12-05 22:26:29",NULL,"Y"
"4334","257","2715","textcontent","8","A","2023-12-05 22:27:02",NULL,"Y"
"4335","257","235","course_plan","9","A","2023-12-05 22:34:13",NULL,"Y"
"4336","16","73","quick_overview","31","A","2023-12-07 12:51:25",NULL,"Y"
"4337","141","74","quick_overview","20","A","2023-12-07 13:09:53",NULL,"Y"
"4338","258","256","banner","1","A","0000-00-00 00:00:00","2023-12-11 09:12:50","N"
"4339","258","162","program_overview","2","A","2023-12-10 18:16:33",NULL,"N"
"4340","258","162","promotional_video","3","A","2023-12-10 18:16:33",NULL,"N"
"4341","258","2716","textcontent","4","A","2023-12-10 18:16:57",NULL,"Y"
"4342","258","2717","textcontent","5","A","2023-12-10 18:19:50","2023-12-11 12:12:04","Y"
"4343","258","2718","textcontent","6","A","2023-12-10 18:46:13","2023-12-11 09:12:42","Y"
"4344","258","2719","textcontent","7","A","2023-12-11 09:19:41","2023-12-11 12:12:58","Y"
"4345","258","2720","textcontent","8","A","2023-12-11 09:27:09","2023-12-11 12:12:12","Y"
"4346","258","236","course_plan","9","A","2023-12-11 09:31:28",NULL,"Y"
"4347","241","2721","textcontent","8","A","2023-12-12 15:56:32","2023-12-12 16:12:08","Y"
"4348","259","257","banner","1","A","0000-00-00 00:00:00","2023-12-19 12:12:17","N"
"4349","259","163","program_overview","2","A","2023-12-19 10:37:52",NULL,"N"
"4350","259","163","promotional_video","3","A","2023-12-19 10:37:52",NULL,"N"
"4351","259","2722","textcontent","4","A","2023-12-19 10:39:39",NULL,"Y"
"4352","259","2723","textcontent","5","D","2023-12-19 10:41:13","2023-12-19 12:12:12","Y"
"4353","259","2724","textcontent","6","D","2023-12-19 10:41:15","2023-12-19 12:12:10","Y"
"4354","259","2725","textcontent","7","P","2023-12-19 10:41:15","2023-12-19 16:12:34","Y"
"4355","259","2726","textcontent","8","A","2023-12-19 10:41:17","2023-12-19 16:12:15","Y"
"4356","259","2727","textcontent","9","A","2023-12-19 10:48:58",NULL,"Y"
"4357","259","2728","textcontent","10","A","2023-12-19 11:08:42","2023-12-19 16:12:15","Y"
"4358","259","2729","textcontent","11","A","2023-12-19 11:18:30","2023-12-19 20:12:01","Y"
"4359","259","237","course_plan","12","A","2023-12-19 12:06:17",NULL,"Y"
"4360","163","2730","textcontent","20","P","2024-01-02 16:59:08","2026-01-29 22:01:10","Y"
"4361","260","258","banner","1","A","0000-00-00 00:00:00","2025-12-08 19:12:26","N"
"4362","260","164","program_overview","3","A","2024-01-06 12:34:44","2025-12-08 19:12:26","N"
"4363","260","164","promotional_video","4","A","2024-01-06 12:34:44","2025-12-08 19:12:26","N"
"4364","260","2731","textcontent","5","A","2024-01-06 12:39:08","2025-12-08 19:12:26","Y"
"4365","260","2732","textcontent","6","A","2024-01-06 13:15:32","2026-01-25 16:01:33","Y"
"4366","260","2733","textcontent","8","A","2024-01-06 13:16:12","2025-12-08 19:12:26","Y"
"4367","260","142","syllabus","9","A","2024-01-06 13:17:49","2025-12-08 19:12:26","Y"
"4368","260","238","course_plan","11","A","2024-01-06 13:48:12","2025-12-08 19:12:26","Y"
"4369","260","136","faculty","10","A","2024-01-06 18:22:14","2025-12-08 19:12:26","Y"
"4370","161","2734","textcontent","5","A","2024-01-16 18:41:06","2026-05-28 10:05:50","Y"
"4371","161","2735","textcontent","8","A","2024-01-16 18:45:44","2026-05-28 10:05:50","Y"
"4372","161","2736","textcontent","11","D","2024-01-16 18:54:56","2024-01-19 14:01:13","Y"
"4373","161","2737","textcontent","11","A","2024-01-16 18:56:07","2026-05-28 10:05:50","Y"
"4374","161","2738","textcontent","12","A","2024-01-16 19:10:50","2026-05-28 10:05:50","Y"
"4375","161","2739","textcontent","13","A","2024-01-16 19:11:41","2026-05-28 10:05:50","Y"
"4376","161","2740","textcontent","15","A","2024-01-16 19:12:08","2026-05-28 10:05:50","Y"
"4377","161","2741","textcontent","16","A","2024-01-16 19:14:00","2026-05-28 10:05:50","Y"
"4378","261","259","banner","1","A","0000-00-00 00:00:00","2024-01-17 15:01:44","N"
"4379","261","165","program_overview","2","A","2024-01-17 15:14:31",NULL,"N"
"4380","261","165","promotional_video","3","A","2024-01-17 15:14:31",NULL,"N"
"4381","261","2742","textcontent","4","A","2024-01-17 15:15:03",NULL,"Y"
"4382","261","2743","textcontent","5","A","2024-01-17 15:16:37","2024-01-17 15:01:55","Y"
"4383","261","2744","textcontent","6","A","2024-01-17 15:25:35","2024-01-17 16:01:32","Y"
"4384","261","2745","textcontent","7","A","2024-01-17 15:30:15",NULL,"Y"
"4385","261","2746","textcontent","8","A","2024-01-17 15:34:09","2024-01-17 16:01:57","Y"
"4386","261","2747","textcontent","9","A","2024-01-17 15:38:31","2024-01-17 16:01:44","Y"
"4387","261","2748","textcontent","10","A","2024-01-17 15:39:53",NULL,"Y"
"4388","261","239","course_plan","11","A","2024-01-17 15:51:56",NULL,"Y"
"4389","161","2749","textcontent","6","A","2024-01-19 14:24:13","2026-05-28 10:05:50","Y"
"4390","161","2750","textcontent","7","A","2024-01-19 14:24:39","2026-05-28 10:05:50","Y"
"4391","161","2751","textcontent","9","A","2024-01-19 14:28:43","2026-05-28 10:05:50","Y"
"4392","161","137","faculty","17","A","2024-01-19 21:01:09","2026-05-28 10:05:50","Y"
"4393","262","260","banner","1","A","0000-00-00 00:00:00","2024-01-27 17:01:28","N"
"4394","262","166","program_overview","2","A","2024-01-27 16:17:37",NULL,"N"
"4395","262","166","promotional_video","3","A","2024-01-27 16:17:37",NULL,"N"
"4396","262","2752","textcontent","4","A","2024-01-27 16:18:47",NULL,"Y"
"4397","262","2753","textcontent","5","A","2024-01-27 16:23:14","2024-01-27 16:01:11","Y"
"4398","262","2754","textcontent","6","A","2024-01-27 16:32:10","2024-01-27 17:01:34","Y"
"4399","262","2755","textcontent","7","A","2024-01-27 16:49:16",NULL,"Y"
"4400","262","2756","textcontent","8","A","2024-01-27 16:51:28",NULL,"Y"
"4401","262","2757","textcontent","9","A","2024-01-27 16:54:55",NULL,"Y"
"4402","262","240","course_plan","10","A","2024-01-27 17:10:37",NULL,"Y"
"4403","263","261","banner","1","A","0000-00-00 00:00:00","2024-01-27 23:01:22","N"
"4404","263","167","program_overview","2","A","2024-01-27 17:40:54",NULL,"N"
"4405","263","167","promotional_video","3","A","2024-01-27 17:40:54",NULL,"N"
"4406","263","2758","textcontent","4","A","2024-01-27 22:19:58","2024-01-27 22:01:17","Y"
"4407","263","2759","textcontent","5","A","2024-01-27 22:21:36","2024-01-27 23:01:51","Y"
"4408","263","2760","textcontent","6","A","2024-01-27 22:32:22","2024-01-27 22:01:38","Y"
"4409","263","2761","textcontent","7","A","2024-01-27 22:49:55",NULL,"Y"
"4410","263","2762","textcontent","8","A","2024-01-27 22:52:28","2024-02-17 18:02:13","Y"
"4411","263","241","course_plan","9","A","2024-01-27 22:59:03",NULL,"Y"
"4412","187","2763","textcontent","13","P","2024-02-01 15:52:38","2024-02-01 17:02:55","Y"
"4413","187","2764","textcontent","14","P","2024-02-01 15:54:14","2024-02-01 17:02:55","Y"
"4414","187","138","faculty","15","P","2024-02-01 16:19:45","2024-03-26 21:03:48","Y"
"4415","187","2765","textcontent","16","A","2024-02-01 16:22:11","2024-02-01 17:02:55","Y"
"4416","187","2766","textcontent","17","A","2024-02-01 16:45:47","2026-05-27 17:05:48","Y"
"4417","264","262","banner","1","A","0000-00-00 00:00:00","2025-12-08 19:12:46","N"
"4418","264","168","program_overview","2","A","2024-02-03 16:58:38","2025-12-08 19:12:46","N"
"4419","264","168","promotional_video","3","A","2024-02-03 16:58:38","2025-12-08 19:12:46","N"
"4420","264","2767","textcontent","4","A","2024-02-03 17:05:02","2025-12-08 19:12:46","Y"
"4421","264","2768","textcontent","5","A","2024-02-03 19:11:47","2025-12-08 19:12:46","Y"
"4422","264","2769","textcontent","6","A","2024-02-03 19:13:13","2025-12-08 19:12:46","Y"
"4423","264","2770","textcontent","7","P","2024-02-03 19:14:03","2025-12-08 19:12:46","Y"
"4424","264","2771","textcontent","8","A","2024-02-03 19:15:33","2026-06-16 17:06:49","Y"
"4425","264","2772","textcontent","10","A","2024-02-03 19:18:32","2025-12-08 19:12:46","Y"
"4426","264","139","faculty","11","A","2024-02-03 19:19:03","2025-12-08 19:12:46","Y"
"4427","264","2773","textcontent","12","A","2024-02-03 19:20:33","2025-12-08 19:12:46","Y"
"4428","264","2774","textcontent","13","A","2024-02-03 19:21:16","2025-12-08 19:12:46","Y"
"4429","264","2775","textcontent","14","A","2024-02-03 19:48:52","2025-12-08 19:12:46","Y"
"4430","264","2776","textcontent","15","P","2024-02-03 19:49:40","2025-12-08 19:12:46","Y"
"4431","264","242","course_plan","17","A","2024-02-03 19:50:00","2025-12-08 19:12:46","Y"
"4432","265","263","banner","1","A","0000-00-00 00:00:00","2024-02-05 16:02:25","N"
"4433","265","169","program_overview","2","A","2024-02-05 16:12:50",NULL,"N"
"4434","265","169","promotional_video","3","A","2024-02-05 16:12:50",NULL,"N"
"4435","265","2777","textcontent","4","A","2024-02-05 16:13:50",NULL,"Y"
"4436","265","2778","textcontent","5","A","2024-02-05 16:17:08","2024-02-05 16:02:51","Y"
"4437","265","2779","textcontent","6","A","2024-02-05 16:23:27",NULL,"Y"
"4438","265","2780","textcontent","7","A","2024-02-05 16:27:17",NULL,"Y"
"4439","265","2781","textcontent","8","A","2024-02-05 16:30:28",NULL,"Y"
"4440","265","2782","textcontent","9","A","2024-02-05 16:31:47","2024-02-05 16:02:34","Y"
"4441","265","243","course_plan","10","A","2024-02-05 16:40:34",NULL,"Y"
"4442","266","264","banner","1","A","0000-00-00 00:00:00","2024-02-09 17:02:02","N"
"4443","266","170","program_overview","2","A","2024-02-09 16:58:35",NULL,"N"
"4444","266","170","promotional_video","3","A","2024-02-09 16:58:35",NULL,"N"
"4445","266","2783","textcontent","4","A","2024-02-09 16:59:24",NULL,"Y"
"4446","266","2784","textcontent","5","A","2024-02-09 17:01:22","2024-02-09 17:02:42","Y"
"4447","266","2785","textcontent","6","A","2024-02-09 17:09:16","2024-02-09 17:02:48","Y"
"4448","266","2786","textcontent","7","A","2024-02-09 17:15:51",NULL,"Y"
"4449","266","2787","textcontent","8","A","2024-02-09 17:17:35",NULL,"Y"
"4450","266","244","course_plan","9","A","2024-02-09 17:39:45",NULL,"Y"
"4451","267","265","banner","1","A","0000-00-00 00:00:00","2024-02-23 11:02:33","N"
"4452","267","171","program_overview","2","A","2024-02-21 20:29:02",NULL,"N"
"4453","267","171","promotional_video","3","A","2024-02-21 20:29:02",NULL,"N"
"4454","267","2788","textcontent","4","A","2024-02-21 20:29:42",NULL,"Y"
"4455","267","2789","textcontent","5","A","2024-02-21 20:33:12","2024-02-21 20:02:23","Y"
"4456","267","2790","textcontent","6","A","2024-02-21 20:53:44",NULL,"Y"
"4457","267","2791","textcontent","7","A","2024-02-21 20:59:07",NULL,"Y"
"4458","267","2792","textcontent","8","A","2024-02-21 21:01:34",NULL,"Y"
"4459","267","245","course_plan","9","A","2024-02-23 11:21:39",NULL,"Y"
"4460","268","266","banner","1","A","0000-00-00 00:00:00","2025-12-07 15:12:10","N"
"4461","268","172","program_overview","3","A","2024-03-01 20:01:20","2025-12-07 15:12:10","N"
"4462","268","172","promotional_video","4","A","2024-03-01 20:01:20","2025-12-07 15:12:10","N"
"4463","268","143","syllabus","18","A","2024-03-01 20:01:36","2025-12-07 15:12:10","Y"
"4464","268","2793","textcontent","8","D","2024-03-01 20:28:55","2024-03-02 15:03:01","Y"
"4465","268","246","course_plan","19","A","2024-03-01 21:27:10","2025-12-07 15:12:10","Y"
"4466","268","2794","textcontent","5","A","2024-03-02 14:38:40","2025-12-07 15:12:10","Y"
"4467","268","2795","textcontent","6","A","2024-03-02 14:52:37","2025-12-07 15:12:10","Y"
"4468","268","2796","textcontent","7","A","2024-03-02 14:56:21","2025-12-07 15:12:10","Y"
"4469","268","2797","textcontent","8","A","2024-03-02 14:56:59","2026-06-16 16:06:19","Y"
"4470","268","2798","textcontent","10","A","2024-03-02 14:58:25","2025-12-07 15:12:10","Y"
"4471","268","2799","textcontent","12","A","2024-03-02 14:59:32","2025-12-07 15:12:10","Y"
"4472","268","2800","textcontent","13","A","2024-03-02 15:00:17","2025-12-07 15:12:10","Y"
"4473","268","2801","textcontent","14","A","2024-03-02 15:00:48","2025-12-07 15:12:10","Y"
"4474","268","2802","textcontent","15","A","2024-03-02 15:01:21","2025-12-07 15:12:10","Y"
"4475","268","2803","textcontent","16","A","2024-03-02 15:02:02","2025-12-07 15:12:10","Y"
"4476","268","140","faculty","17","A","2024-03-02 15:02:46","2025-12-07 15:12:10","Y"
"4477","268","2804","textcontent","11","A","2024-03-02 15:28:04","2025-12-07 15:12:10","Y"
"4478","161","144","syllabus","19","A","2024-03-04 17:10:40","2026-05-28 10:05:50","Y"
"4479","269","267","banner","1","A","0000-00-00 00:00:00","2024-11-01 12:11:44","N"
"4480","269","173","program_overview","3","A","2024-03-08 19:38:48","2024-04-22 09:04:59","N"
"4481","269","173","promotional_video","4","A","2024-03-08 19:38:48","2024-04-22 09:04:59","N"
"4482","269","2805","textcontent","5","A","2024-03-08 19:44:39","2024-04-22 09:04:59","Y"
"4483","269","2806","textcontent","6","A","2024-03-08 19:46:43","2024-04-22 09:04:59","Y"
"4484","269","2807","textcontent","7","A","2024-03-08 19:47:35","2024-04-22 09:04:59","Y"
"4485","269","2808","textcontent","8","A","2024-03-08 19:49:04","2024-04-22 09:04:59","Y"
"4486","269","2809","textcontent","9","A","2024-03-08 20:19:02","2024-04-22 09:04:59","Y"
"4487","269","2810","textcontent","10","A","2024-03-08 20:19:32","2024-04-22 09:04:59","Y"
"4488","269","2811","textcontent","11","A","2024-03-08 20:19:59","2024-04-22 09:04:59","Y"
"4489","269","2812","textcontent","12","A","2024-03-08 20:20:48","2024-04-22 09:04:59","Y"
"4490","269","2813","textcontent","13","A","2024-03-08 20:28:59","2024-04-22 09:04:59","Y"
"4491","269","2814","textcontent","14","A","2024-03-08 20:29:28","2024-04-22 09:04:59","Y"
"4492","269","2815","textcontent","15","A","2024-03-08 20:30:18","2024-04-22 09:04:59","Y"
"4493","269","2816","textcontent","16","P","2024-03-08 20:31:04","2024-04-22 09:04:59","N"
"4494","269","247","course_plan","17","A","2024-03-09 13:56:24","2024-04-22 09:04:59","Y"
"4495","270","268","banner","1","A","0000-00-00 00:00:00","2024-03-11 11:03:37","N"
"4496","270","174","program_overview","2","A","2024-03-11 11:44:37",NULL,"N"
"4497","270","174","promotional_video","3","A","2024-03-11 11:44:37",NULL,"N"
"4498","271","269","banner","1","A","0000-00-00 00:00:00","2024-03-13 19:03:12","N"
"4499","271","175","program_overview","2","A","2024-03-12 22:22:39",NULL,"N"
"4500","271","175","promotional_video","3","A","2024-03-12 22:22:39",NULL,"N"
"4501","271","2817","textcontent","4","A","2024-03-12 22:25:59","2024-04-08 18:04:12","Y"
"4502","271","2818","textcontent","5","A","2024-03-12 22:26:51",NULL,"Y"
"4503","271","2819","textcontent","6","A","2024-03-12 22:29:33","2024-03-12 22:03:17","Y"
"4504","271","2820","textcontent","7","A","2024-03-12 22:33:38",NULL,"Y"
"4505","271","2821","textcontent","8","A","2024-03-12 22:37:50",NULL,"Y"
"4506","271","2822","textcontent","9","A","2024-03-12 22:40:29",NULL,"Y"
"4507","271","2823","textcontent","10","A","2024-03-12 22:44:43",NULL,"Y"
"4508","271","2824","textcontent","11","A","2024-03-12 22:47:46","2024-04-08 18:04:29","Y"
"4509","271","2825","textcontent","12","A","2024-03-12 22:58:24",NULL,"Y"
"4510","271","2826","textcontent","13","A","2024-03-12 23:01:40",NULL,"Y"
"4511","271","248","course_plan","14","A","2024-03-12 23:06:27",NULL,"Y"
"4512","268","75","quick_overview","2","A","2024-03-14 15:04:08","2025-12-07 15:12:10","Y"
"4513","121","76","quick_overview","20","A","2024-03-18 12:23:37","2026-03-20 12:03:31","Y"
"4514","272","270","banner","1","A","0000-00-00 00:00:00","2025-12-07 14:12:11","N"
"4515","272","176","program_overview","3","A","2024-03-20 17:20:32","2025-12-07 14:12:11","N"
"4516","272","176","promotional_video","4","A","2024-03-20 17:20:32","2025-12-07 14:12:11","N"
"4517","272","145","syllabus","9","A","2024-03-20 17:20:41","2025-12-07 14:12:11","Y"
"4518","272","249","course_plan","10","A","2024-03-20 17:56:01","2025-12-07 14:12:11","Y"
"4519","272","2827","textcontent","5","A","2024-03-21 18:40:22","2025-12-07 14:12:11","Y"
"4520","272","2828","textcontent","7","A","2024-03-21 18:40:59","2025-12-07 14:12:11","Y"
"4521","273","271","banner","1","A","0000-00-00 00:00:00","2024-03-22 15:03:07","N"
"4522","273","177","program_overview","2","A","2024-03-22 14:20:07",NULL,"N"
"4523","273","177","promotional_video","3","A","2024-03-22 14:20:07",NULL,"N"
"4524","273","2829","textcontent","4","A","2024-03-22 14:20:40",NULL,"Y"
"4525","273","2830","textcontent","5","A","2024-03-22 14:21:04",NULL,"Y"
"4526","273","2831","textcontent","6","A","2024-03-22 14:21:39",NULL,"Y"
"4527","273","2832","textcontent","7","A","2024-03-22 14:22:11",NULL,"Y"
"4528","273","2833","textcontent","8","A","2024-03-22 14:23:35",NULL,"Y"
"4529","273","71","industry","9","A","2024-03-22 14:24:42","2024-06-06 16:06:17","Y"
"4530","273","2834","textcontent","10","A","2024-03-22 14:25:15",NULL,"Y"
"4531","273","2835","textcontent","11","A","2024-03-22 14:26:03",NULL,"Y"
"4532","273","2836","textcontent","12","A","2024-03-22 14:26:39",NULL,"Y"
"4533","273","2837","textcontent","13","A","2024-03-22 14:27:12",NULL,"Y"
"4534","273","2838","textcontent","14","A","2024-03-22 14:27:47",NULL,"Y"
"4535","273","50","forms","15","A","2024-03-22 14:28:42",NULL,"Y"
"4536","273","2839","textcontent","16","A","2024-03-22 14:29:09","2025-12-08 19:12:49","Y"
"4537","273","2840","textcontent","17","A","2024-03-22 14:30:01",NULL,"Y"
"4538","273","2841","textcontent","18","A","2024-03-22 14:31:01",NULL,"Y"
"4539","273","141","faculty","19","A","2024-03-22 14:32:11","2025-03-25 19:03:09","Y"
"4540","273","146","syllabus","20","A","2024-03-22 14:32:34",NULL,"Y"
"4541","273","77","quick_overview","21","A","2024-03-22 15:03:08",NULL,"Y"
"4542","273","114","faq","22","A","2024-03-22 15:14:05",NULL,"Y"
"4543","273","250","course_plan","23","A","2024-03-22 16:00:47","2024-06-06 17:06:48","Y"
"4544","274","272","banner","1","A","0000-00-00 00:00:00","2024-03-26 14:03:50","N"
"4545","274","178","program_overview","2","A","2024-03-22 18:34:22","2024-03-26 14:03:50","N"
"4546","274","178","promotional_video","3","A","2024-03-22 18:34:22","2024-03-26 14:03:50","N"
"4547","274","2842","textcontent","4","A","2024-03-22 18:35:46","2024-03-26 14:03:50","Y"
"4548","274","2843","textcontent","5","A","2024-03-22 18:39:14","2024-03-26 14:03:50","Y"
"4549","274","2844","textcontent","6","A","2024-03-22 18:46:47","2024-03-26 14:03:50","Y"
"4550","274","2845","textcontent","7","A","2024-03-22 18:50:16","2024-03-26 14:03:50","Y"
"4551","274","251","course_plan","9","A","2024-03-22 19:03:31","2024-03-26 14:03:50","Y"
"4552","274","2846","textcontent","8","A","2024-03-26 14:57:38","2024-03-27 23:03:20","Y"
"4553","99","2847","textcontent","73","P","2024-03-28 21:50:58","2025-03-22 05:03:53","Y"
"4554","275","273","banner","1","A","0000-00-00 00:00:00","2024-03-29 17:03:50","N"
"4555","275","179","program_overview","2","A","2024-03-29 17:25:30",NULL,"N"
"4556","275","179","promotional_video","3","A","2024-03-29 17:25:30",NULL,"N"
"4557","275","2848","textcontent","4","A","2024-03-29 17:25:54",NULL,"Y"
"4558","275","2849","textcontent","5","A","2024-03-29 17:27:05","2024-03-29 17:03:34","Y"
"4559","275","2850","textcontent","6","A","2024-03-29 17:35:44","2024-03-29 17:03:19","Y"
"4560","275","2851","textcontent","7","A","2024-03-29 17:47:45",NULL,"Y"
"4561","275","2852","textcontent","8","A","2024-03-29 17:49:38",NULL,"Y"
"4562","275","252","course_plan","9","A","2024-03-29 17:56:03","2024-03-29 17:03:44","Y"
"4563","276","274","banner","1","A","0000-00-00 00:00:00","2024-03-29 23:03:49","N"
"4564","276","180","program_overview","2","A","2024-03-29 22:36:09",NULL,"N"
"4565","276","180","promotional_video","3","A","2024-03-29 22:36:09",NULL,"N"
"4566","276","2853","textcontent","4","A","2024-03-29 22:36:26",NULL,"Y"
"4567","276","2854","textcontent","5","A","2024-03-29 22:49:11","2024-03-29 23:03:37","Y"
"4568","276","2855","textcontent","6","A","2024-03-29 23:16:48",NULL,"Y"
"4569","276","2856","textcontent","7","A","2024-03-29 23:20:52",NULL,"Y"
"4570","276","2857","textcontent","8","A","2024-03-29 23:22:23","2024-03-30 19:03:12","Y"
"4571","276","253","course_plan","9","A","2024-03-29 23:25:28",NULL,"Y"
"4572","102","78","quick_overview","2","A","2024-04-05 10:55:06","2024-04-07 11:04:02","Y"
"4573","102","147","syllabus","23","D","2024-04-05 16:10:01","2024-04-05 16:04:32","Y"
"4574","102","2858","textcontent","24","D","2024-04-07 11:10:31","2024-04-07 11:04:01","Y"
"4575","102","2859","textcontent","6","A","2024-04-07 11:23:47","2024-04-07 11:04:32","Y"
"4576","73","79","quick_overview","21","A","2024-04-09 17:16:36",NULL,"Y"
"4577","133","80","quick_overview","23","A","2024-04-09 18:08:02",NULL,"Y"
"4578","277","275","banner","1","A","0000-00-00 00:00:00","2024-04-12 20:04:18","N"
"4579","277","181","program_overview","2","A","2024-04-12 20:26:18",NULL,"N"
"4580","277","181","promotional_video","3","A","2024-04-12 20:26:18",NULL,"N"
"4581","278","276","banner","1","A","0000-00-00 00:00:00","2024-04-17 18:04:31","N"
"4582","278","182","program_overview","2","A","2024-04-17 17:42:01","2024-04-17 18:04:31","N"
"4583","278","182","promotional_video","3","A","2024-04-17 17:42:01","2024-04-17 18:04:31","N"
"4584","278","2860","textcontent","4","A","2024-04-17 17:42:43","2024-04-17 18:04:31","Y"
"4585","278","2861","textcontent","5","A","2024-04-17 17:44:08","2024-04-29 12:04:32","Y"
"4586","278","2862","textcontent","6","A","2024-04-17 17:48:58","2024-04-17 18:04:31","Y"
"4587","278","2863","textcontent","7","A","2024-04-17 17:50:37","2024-04-17 18:04:31","Y"
"4588","278","2864","textcontent","8","A","2024-04-17 17:52:02","2024-04-18 16:04:18","Y"
"4589","278","2865","textcontent","8","D","2024-04-17 17:53:40","2024-04-17 18:04:17","Y"
"4590","278","254","course_plan","9","A","2024-04-17 17:57:47","2024-04-17 18:04:31","Y"
"4591","124","81","quick_overview","2","A","2024-04-18 10:30:45","2024-04-18 10:04:27","Y"
"4592","191","82","quick_overview","2","A","2024-04-19 12:54:04","2024-04-19 12:04:05","Y"
"4593","200","83","quick_overview","3","A","2024-04-19 17:23:50","2025-03-23 01:03:27","Y"
"4594","269","84","quick_overview","2","A","2024-04-22 09:24:40","2024-04-22 09:04:59","Y"
"4595","279","277","banner","1","A","0000-00-00 00:00:00","2024-04-29 13:04:28","N"
"4596","279","183","program_overview","2","A","2024-04-29 12:08:36","2024-04-29 12:04:28","N"
"4597","279","183","promotional_video","3","A","2024-04-29 12:08:36","2024-04-29 12:04:28","N"
"4598","279","2866","textcontent","4","A","2024-04-29 12:11:59","2024-04-29 12:04:28","Y"
"4599","279","2867","textcontent","5","A","2024-04-29 12:13:12","2024-04-29 12:04:28","Y"
"4600","279","2868","textcontent","6","A","2024-04-29 12:22:31","2024-04-29 12:04:28","Y"
"4601","279","2869","textcontent","7","A","2024-04-29 12:25:23","2024-04-29 12:04:28","Y"
"4602","279","2870","textcontent","8","A","2024-04-29 12:27:51","2024-04-29 13:04:12","Y"
"4603","279","255","course_plan","9","A","2024-04-29 12:36:23",NULL,"Y"
"4604","280","278","banner","1","A","0000-00-00 00:00:00","2024-04-29 21:04:43","N"
"4605","280","184","program_overview","2","A","2024-04-29 20:26:39","2024-04-29 20:04:21","N"
"4606","280","184","promotional_video","3","A","2024-04-29 20:26:39","2024-04-29 20:04:21","N"
"4607","280","2871","textcontent","4","A","2024-04-29 20:29:46","2024-04-29 20:04:21","Y"
"4608","280","2872","textcontent","5","A","2024-04-29 20:30:14","2024-04-29 20:04:21","Y"
"4609","280","2873","textcontent","6","A","2024-04-29 20:31:57","2024-04-29 20:04:21","Y"
"4610","280","2874","textcontent","7","A","2024-04-29 20:44:28","2024-04-29 20:04:21","Y"
"4611","280","2875","textcontent","8","A","2024-04-29 20:47:12","2024-04-29 20:04:21","Y"
"4612","280","2876","textcontent","9","A","2024-04-29 20:50:54","2024-05-14 12:05:21","Y"
"4613","280","256","course_plan","10","A","2024-04-29 20:56:01","2024-04-29 20:04:21","Y"
"4614","281","279","banner","1","A","0000-00-00 00:00:00","2025-12-08 20:12:57","N"
"4615","281","185","program_overview","2","A","2024-05-03 13:01:27","2025-12-08 20:12:57","N"
"4616","281","185","promotional_video","3","A","2024-05-03 13:01:27","2025-12-08 20:12:57","N"
"4617","281","2877","textcontent","4","A","2024-05-03 13:03:03","2025-12-08 20:12:57","Y"
"4618","281","2878","textcontent","5","A","2024-05-03 13:03:31","2025-12-08 20:12:57","Y"
"4619","281","2879","textcontent","6","A","2024-05-03 13:03:54","2025-12-08 20:12:57","Y"
"4620","281","2880","textcontent","7","A","2024-05-03 13:04:15","2025-12-08 20:12:57","Y"
"4621","281","2881","textcontent","8","A","2024-05-03 13:04:35","2025-12-08 20:12:57","Y"
"4622","281","2882","textcontent","9","A","2024-05-03 13:04:59","2025-12-08 20:12:57","Y"
"4623","281","2883","textcontent","10","A","2024-05-03 13:05:20","2025-12-08 20:12:57","Y"
"4624","281","2884","textcontent","11","A","2024-05-03 13:05:40","2025-12-08 20:12:57","Y"
"4625","281","2885","textcontent","12","A","2024-05-03 13:05:59","2025-12-08 20:12:57","Y"
"4626","281","2886","textcontent","13","A","2024-05-03 13:06:21","2025-12-08 20:12:57","Y"
"4627","281","2887","textcontent","14","A","2024-05-03 13:06:42","2025-12-08 20:12:57","Y"
"4628","281","142","faculty","16","A","2024-05-03 13:07:59","2025-12-08 20:12:57","Y"
"4629","281","257","course_plan","17","A","2024-05-03 13:51:43","2025-12-08 20:12:57","Y"
"4630","282","280","banner","1","A","0000-00-00 00:00:00","2024-05-03 17:05:26","N"
"4631","282","186","program_overview","2","A","2024-05-03 16:00:58",NULL,"N"
"4632","282","186","promotional_video","3","A","2024-05-03 16:00:58",NULL,"N"
"4633","282","2888","textcontent","4","A","2024-05-03 16:01:49",NULL,"Y"
"4634","282","2889","textcontent","5","A","2024-05-03 16:02:51",NULL,"Y"
"4635","282","2890","textcontent","6","A","2024-05-03 16:03:34","2024-05-03 16:05:14","Y"
"4636","282","2891","textcontent","7","A","2024-05-03 16:04:52","2024-05-03 16:05:01","Y"
"4637","282","2892","textcontent","8","A","2024-05-03 16:07:10","2024-05-03 16:05:38","Y"
"4638","282","2893","textcontent","9","A","2024-05-03 16:08:27","2026-06-18 11:06:05","Y"
"4639","282","2894","textcontent","10","A","2024-05-03 16:09:58","2024-05-03 16:05:41","Y"
"4640","282","2895","textcontent","11","A","2024-05-03 16:10:36","2024-05-03 16:05:21","Y"
"4641","282","2896","textcontent","12","A","2024-05-03 16:20:26",NULL,"Y"
"4642","282","2897","textcontent","13","A","2024-05-03 16:20:48",NULL,"Y"
"4643","282","2898","textcontent","14","A","2024-05-03 16:21:19",NULL,"Y"
"4644","282","2899","textcontent","15","A","2024-05-03 16:22:40",NULL,"Y"
"4645","282","2900","textcontent","16","A","2024-05-03 16:28:10","2024-05-03 16:05:20","Y"
"4646","282","2901","textcontent","17","A","2024-05-03 16:29:20",NULL,"Y"
"4647","282","2902","textcontent","18","A","2024-05-03 16:31:46","2024-05-03 18:05:16","Y"
"4648","282","2903","textcontent","19","D","2024-05-03 16:32:51","2024-05-03 16:05:32","Y"
"4649","282","2904","textcontent","20","A","2024-05-03 16:39:43",NULL,"Y"
"4650","282","2905","textcontent","21","A","2024-05-03 16:40:55","2024-05-03 17:05:50","Y"
"4651","282","2906","textcontent","22","A","2024-05-03 16:41:24","2024-05-03 17:05:52","Y"
"4652","282","2907","textcontent","23","A","2024-05-03 16:41:49",NULL,"Y"
"4653","282","2908","textcontent","24","A","2024-05-03 16:42:11",NULL,"Y"
"4654","282","148","syllabus","25","A","2024-05-03 16:43:24",NULL,"Y"
"4655","282","115","faq","26","D","2024-05-03 16:51:53","2024-05-03 17:05:27","Y"
"4656","282","258","course_plan","27","A","2024-05-03 17:50:13",NULL,"Y"
"4657","283","281","banner","1","A","0000-00-00 00:00:00","2024-11-01 12:11:16","N"
"4658","283","187","program_overview","3","A","2024-05-08 12:33:17","2024-05-10 18:05:16","N"
"4659","283","187","promotional_video","4","A","2024-05-08 12:33:17","2024-05-10 18:05:16","N"
"4660","283","2909","textcontent","5","A","2024-05-08 12:37:44","2024-05-10 18:05:16","Y"
"4661","283","2910","textcontent","6","A","2024-05-08 12:39:03","2025-06-27 18:06:08","Y"
"4662","283","2911","textcontent","7","A","2024-05-08 12:39:57","2024-05-10 18:05:16","Y"
"4663","283","2912","textcontent","8","P","2024-05-08 12:40:42","2024-05-10 18:05:16","N"
"4664","283","2913","textcontent","9","A","2024-05-08 12:42:20","2024-05-10 18:05:16","Y"
"4665","283","2914","textcontent","10","A","2024-05-08 12:43:14","2024-05-10 18:05:16","Y"
"4666","283","2915","textcontent","11","A","2024-05-08 12:44:24","2024-05-10 18:05:16","Y"
"4667","283","2916","textcontent","12","A","2024-05-08 12:45:03","2024-05-10 18:05:16","Y"
"4668","283","2917","textcontent","13","P","2024-05-08 12:52:23","2024-05-10 18:05:16","N"
"4669","283","2918","textcontent","14","P","2024-05-08 13:17:13","2024-05-10 18:05:16","N"
"4670","283","2919","textcontent","15","P","2024-05-08 13:17:44","2024-05-10 18:05:16","N"
"4671","283","259","course_plan","17","A","2024-05-08 13:30:59","2024-05-10 18:05:16","Y"
"4672","283","85","quick_overview","2","A","2024-05-08 16:25:34","2024-05-10 18:05:16","Y"
"4673","283","149","syllabus","16","A","2024-05-08 16:32:59","2024-05-10 18:05:16","Y"
"4674","99","2920","textcontent","6","D","2024-05-10 16:22:12","2025-03-22 05:03:26","Y"
"4675","284","282","banner","1","A","0000-00-00 00:00:00","2024-05-17 17:05:53","N"
"4676","284","188","program_overview","2","A","2024-05-16 23:42:33",NULL,"N"
"4677","284","188","promotional_video","3","A","2024-05-16 23:42:33",NULL,"N"
"4678","284","2921","textcontent","4","A","2024-05-16 23:44:11","2024-05-20 18:05:50","Y"
"4679","284","2922","textcontent","5","A","2024-05-16 23:58:40","2024-12-10 12:12:32","Y"
"4680","284","2923","textcontent","6","A","2024-05-17 00:07:58",NULL,"Y"
"4681","284","2924","textcontent","7","A","2024-05-17 00:12:51",NULL,"Y"
"4682","284","2925","textcontent","8","A","2024-05-17 00:15:48","2024-12-10 12:12:12","Y"
"4683","284","260","course_plan","9","A","2024-05-17 17:14:36",NULL,"Y"
"4684","162","41","testimonials","14","A","2024-05-18 15:41:35","2026-02-23 17:02:12","Y"
"4685","264","150","syllabus","16","A","2024-05-20 17:55:56","2025-12-08 19:12:46","Y"
"4686","285","283","banner","1","A","0000-00-00 00:00:00","2024-05-23 23:05:59","N"
"4687","285","189","program_overview","2","A","2024-05-23 23:08:32",NULL,"N"
"4688","285","189","promotional_video","3","A","2024-05-23 23:08:32",NULL,"N"
"4689","285","2926","textcontent","4","A","2024-05-23 23:08:54",NULL,"Y"
"4690","285","2927","textcontent","5","A","2024-05-23 23:12:11","2024-05-23 23:05:10","Y"
"4691","285","2928","textcontent","6","A","2024-05-23 23:17:11",NULL,"Y"
"4692","285","2929","textcontent","7","A","2024-05-23 23:21:03",NULL,"Y"
"4693","285","2930","textcontent","8","A","2024-05-23 23:22:13","2024-05-24 19:05:28","Y"
"4694","285","2931","textcontent","9","A","2024-05-23 23:23:51",NULL,"Y"
"4695","285","261","course_plan","10","A","2024-05-23 23:27:26",NULL,"Y"
"4696","286","284","banner","1","A","0000-00-00 00:00:00","2024-06-03 20:06:35","N"
"4697","286","190","program_overview","2","A","2024-06-03 20:02:46",NULL,"N"
"4698","286","190","promotional_video","3","A","2024-06-03 20:02:46",NULL,"N"
"4699","286","2932","textcontent","4","A","2024-06-03 20:03:34","2024-06-03 20:06:52","Y"
"4700","286","2933","textcontent","5","A","2024-06-03 20:04:50","2024-06-03 20:06:31","Y"
"4701","286","2934","textcontent","6","A","2024-06-03 20:13:35",NULL,"Y"
"4702","286","2935","textcontent","7","A","2024-06-03 20:14:50",NULL,"Y"
"4703","286","2936","textcontent","8","A","2024-06-03 20:17:26",NULL,"Y"
"4704","286","262","course_plan","9","A","2024-06-03 20:22:49",NULL,"Y"
"4705","287","285","banner","1","A","0000-00-00 00:00:00","2024-06-15 16:06:32","N"
"4706","287","191","program_overview","2","A","2024-06-15 15:34:21","2024-06-15 16:06:32","N"
"4707","287","191","promotional_video","3","A","2024-06-15 15:34:21","2024-06-15 16:06:32","N"
"4708","287","143","faculty","4","A","2024-06-15 15:35:01","2025-05-28 16:05:48","Y"
"4709","287","151","syllabus","5","A","2024-06-15 15:46:10","2024-06-15 16:06:32","Y"
"4710","287","263","course_plan","6","A","2024-06-15 16:44:15","2024-06-15 16:06:32","Y"
"4711","288","286","banner","1","A","0000-00-00 00:00:00","2024-06-19 17:06:26","N"
"4712","288","192","program_overview","2","A","2024-06-17 12:21:14","2024-06-19 17:06:26","N"
"4713","288","192","promotional_video","3","A","2024-06-17 12:21:14","2024-06-19 17:06:26","N"
"4714","288","2937","textcontent","4","A","2024-06-17 12:36:44","2024-06-19 17:06:26","Y"
"4715","288","2938","textcontent","5","A","2024-06-17 12:41:56","2024-06-19 17:06:26","Y"
"4716","288","2939","textcontent","6","A","2024-06-17 12:53:03","2024-06-19 17:06:26","Y"
"4717","288","2940","textcontent","7","A","2024-06-17 13:04:40","2024-06-19 17:06:26","Y"
"4718","288","2941","textcontent","9","A","2024-06-17 13:08:28","2024-06-19 17:06:26","Y"
"4719","288","2942","textcontent","8","A","2024-06-17 13:19:56","2024-06-19 17:06:51","Y"
"4720","288","264","course_plan","10","A","2024-06-17 13:24:17","2024-06-19 17:06:26","Y"
"4721","123","86","quick_overview","22","A","2024-06-20 16:20:05",NULL,"Y"
"4722","289","287","banner","1","A","0000-00-00 00:00:00","2026-03-12 13:03:43","N"
"4723","289","193","program_overview","3","A","2024-06-21 16:46:41","2026-03-12 13:03:43","N"
"4724","289","193","promotional_video","4","A","2024-06-21 16:46:41","2026-03-12 13:03:43","N"
"4725","289","152","syllabus","7","A","2024-06-22 13:09:01","2026-03-12 13:03:43","Y"
"4726","289","265","course_plan","8","A","2024-06-22 13:52:06","2026-03-12 13:03:43","Y"
"4727","290","288","banner","1","A","0000-00-00 00:00:00","2025-12-07 18:12:56","N"
"4728","290","194","program_overview","3","A","2024-06-23 13:16:17","2025-12-07 18:12:56","N"
"4729","290","194","promotional_video","4","A","2024-06-23 13:16:17","2025-12-07 18:12:56","N"
"4730","290","153","syllabus","6","A","2024-06-23 13:16:32","2025-12-07 18:12:56","Y"
"4731","290","266","course_plan","8","A","2024-06-23 14:21:55","2025-12-07 18:12:56","Y"
"4732","291","289","banner","1","A","0000-00-00 00:00:00","2024-06-26 16:06:23","N"
"4733","291","195","program_overview","2","A","2024-06-26 16:10:37",NULL,"N"
"4734","291","195","promotional_video","3","A","2024-06-26 16:10:37",NULL,"N"
"4735","291","2943","textcontent","4","P","2024-06-26 16:11:46",NULL,"Y"
"4736","291","2944","textcontent","5","A","2024-06-26 16:13:32","2024-06-26 16:06:21","Y"
"4737","291","2945","textcontent","6","A","2024-06-26 16:21:35",NULL,"Y"
"4738","291","2946","textcontent","7","A","2024-06-26 16:27:28",NULL,"Y"
"4739","291","2947","textcontent","8","A","2024-06-26 16:29:33",NULL,"Y"
"4740","291","2948","textcontent","9","A","2024-06-26 16:38:12","2024-07-16 15:07:44","Y"
"4741","291","267","course_plan","10","A","2024-06-26 16:50:05",NULL,"Y"
"4742","292","290","banner","1","A","0000-00-00 00:00:00","2024-07-09 13:07:34","N"
"4743","292","196","program_overview","2","A","2024-07-09 12:49:24",NULL,"N"
"4744","292","196","promotional_video","3","A","2024-07-09 12:49:24",NULL,"N"
"4745","292","2949","textcontent","4","A","2024-07-09 12:49:45",NULL,"Y"
"4746","292","2950","textcontent","5","A","2024-07-09 12:50:17",NULL,"Y"
"4747","292","2951","textcontent","6","A","2024-07-09 12:50:19","2024-07-09 12:07:35","Y"
"4748","292","2952","textcontent","7","A","2024-07-09 12:55:14",NULL,"Y"
"4749","292","2953","textcontent","8","A","2024-07-09 12:56:45",NULL,"Y"
"4750","292","2954","textcontent","9","A","2024-07-09 12:57:53",NULL,"Y"
"4751","292","2955","textcontent","10","A","2024-07-09 12:59:02",NULL,"Y"
"4752","292","268","course_plan","11","A","2024-07-09 13:01:23",NULL,"Y"
"4753","293","291","banner","1","A","0000-00-00 00:00:00","2024-07-09 13:07:50","N"
"4754","293","197","program_overview","2","A","2024-07-09 13:17:14",NULL,"N"
"4755","293","197","promotional_video","3","A","2024-07-09 13:17:14",NULL,"N"
"4756","293","2956","textcontent","4","A","2024-07-09 13:18:05",NULL,"Y"
"4757","293","2957","textcontent","5","A","2024-07-09 13:20:05","2024-07-09 13:07:56","Y"
"4758","293","2958","textcontent","6","A","2024-07-09 13:26:06",NULL,"Y"
"4759","293","2959","textcontent","7","A","2024-07-09 13:31:57",NULL,"Y"
"4760","293","2960","textcontent","8","A","2024-07-09 13:33:39",NULL,"Y"
"4761","293","2961","textcontent","9","A","2024-07-09 13:36:02","2024-07-09 13:07:37","Y"
"4762","293","269","course_plan","10","A","2024-07-09 13:40:34",NULL,"Y"
"4763","99","2962","textcontent","74","D","2024-07-11 18:30:45","2026-02-19 18:02:32","Y"
"4764","293","154","syllabus","11","A","2024-07-17 23:51:07",NULL,"Y"
"4765","294","292","banner","1","A","0000-00-00 00:00:00","2024-08-01 23:08:36","N"
"4766","294","198","program_overview","2","A","2024-08-01 22:33:38",NULL,"N"
"4767","294","198","promotional_video","3","A","2024-08-01 22:33:38",NULL,"N"
"4768","294","2963","textcontent","4","A","2024-08-01 22:34:39",NULL,"Y"
"4769","294","2964","textcontent","5","A","2024-08-01 22:38:11","2024-08-01 22:08:34","Y"
"4770","294","2965","textcontent","6","A","2024-08-01 22:47:30",NULL,"Y"
"4771","294","2966","textcontent","7","A","2024-08-01 22:55:06",NULL,"Y"
"4772","294","2967","textcontent","8","A","2024-08-01 22:57:55",NULL,"Y"
"4773","294","2968","textcontent","9","A","2024-08-01 23:02:23","2024-08-02 23:08:45","Y"
"4774","294","270","course_plan","10","A","2024-08-01 23:26:43",NULL,"Y"
"4775","295","293","banner","1","A","0000-00-00 00:00:00","2024-08-10 17:08:12","N"
"4776","295","199","program_overview","2","A","2024-08-10 14:02:58","2024-08-10 17:08:12","N"
"4777","295","199","promotional_video","3","A","2024-08-10 14:02:58","2024-08-10 17:08:12","N"
"4778","295","2969","textcontent","4","A","2024-08-10 14:04:28","2024-08-10 17:08:12","Y"
"4779","295","2970","textcontent","5","A","2024-08-10 14:08:03","2024-08-10 17:08:12","Y"
"4780","295","2971","textcontent","6","A","2024-08-10 14:09:27","2024-08-10 17:08:10","Y"
"4781","295","2972","textcontent","7","A","2024-08-10 14:16:10","2024-08-10 17:08:12","Y"
"4782","295","2973","textcontent","8","P","2024-08-10 14:18:46","2024-08-10 17:08:12","Y"
"4783","295","2974","textcontent","9","A","2024-08-10 14:26:42","2024-08-10 17:08:12","Y"
"4784","295","2975","textcontent","10","A","2024-08-10 14:29:40","2024-08-10 17:08:12","Y"
"4785","295","2976","textcontent","11","A","2024-08-10 14:30:42","2024-08-10 17:08:12","Y"
"4786","295","2977","textcontent","12","A","2024-08-10 14:41:35","2024-08-10 17:08:12","Y"
"4787","295","2978","textcontent","13","A","2024-08-10 14:42:53","2024-08-10 17:08:12","Y"
"4788","296","294","banner","1","A","0000-00-00 00:00:00","2024-08-10 15:08:08","N"
"4789","296","200","program_overview","2","A","2024-08-10 14:47:32",NULL,"N"
"4790","296","200","promotional_video","3","A","2024-08-10 14:47:32",NULL,"N"
"4791","296","155","syllabus","4","A","2024-08-10 14:47:40",NULL,"Y"
"4792","295","2979","textcontent","14","A","2024-08-10 14:49:43","2024-08-10 17:08:12","Y"
"4793","295","2980","textcontent","15","P","2024-08-10 14:55:46","2026-01-22 20:01:39","Y"
"4794","296","271","course_plan","5","A","2024-08-10 15:02:07",NULL,"Y"
"4795","295","2981","textcontent","16","A","2024-08-10 15:03:06","2024-08-10 17:08:03","Y"
"4796","295","2982","textcontent","17","A","2024-08-10 15:11:29","2024-08-10 17:08:12","Y"
"4797","295","2983","textcontent","18","A","2024-08-10 15:12:47","2024-08-10 17:08:12","Y"
"4798","295","2984","textcontent","19","A","2024-08-10 15:13:24","2024-08-10 17:08:12","Y"
"4799","295","2985","textcontent","20","A","2024-08-10 15:13:54","2024-08-10 17:08:12","Y"
"4800","295","2986","textcontent","21","A","2024-08-10 15:15:02","2024-08-10 17:08:12","Y"
"4801","295","2987","textcontent","22","A","2024-08-10 15:18:41","2024-08-10 17:08:12","Y"
"4802","295","272","course_plan","23","A","2024-08-10 15:23:36","2024-08-10 17:08:12","Y"
"4803","297","295","banner","1","A","0000-00-00 00:00:00","2024-08-10 17:08:42","N"
"4804","297","201","program_overview","2","A","2024-08-10 15:58:19","2024-08-10 17:08:42","N"
"4805","297","201","promotional_video","3","A","2024-08-10 15:58:19","2024-08-10 17:08:42","N"
"4806","297","2988","textcontent","4","A","2024-08-10 15:59:47","2024-08-10 17:08:42","Y"
"4807","297","2989","textcontent","5","A","2024-08-10 16:03:54","2024-08-10 17:08:42","Y"
"4808","297","2990","textcontent","6","A","2024-08-10 16:16:43","2024-08-10 17:08:42","Y"
"4809","297","2991","textcontent","7","A","2024-08-10 16:17:33","2024-08-10 17:08:42","Y"
"4810","297","2992","textcontent","8","A","2024-08-10 16:21:20","2024-08-10 17:08:42","Y"
"4811","297","2993","textcontent","9","A","2024-08-10 16:22:56","2024-08-10 17:08:42","Y"
"4812","297","2994","textcontent","10","A","2024-08-10 16:24:52","2024-08-10 17:08:42","Y"
"4813","297","2995","textcontent","11","A","2024-08-10 16:30:03","2024-08-10 17:08:42","Y"
"4814","297","2996","textcontent","12","A","2024-08-10 16:35:03","2024-08-10 17:08:42","Y"
"4815","297","2997","textcontent","13","P","2024-08-10 16:36:18","2026-01-22 20:01:41","Y"
"4816","297","2998","textcontent","14","A","2024-08-10 16:38:39","2024-08-10 17:08:42","Y"
"4817","297","2999","textcontent","15","A","2024-08-10 16:46:16","2024-08-10 17:08:42","Y"
"4818","297","3000","textcontent","16","A","2024-08-10 16:46:58","2024-08-10 17:08:42","Y"
"4819","297","3001","textcontent","17","A","2024-08-10 16:47:46","2024-08-10 17:08:42","Y"
"4820","297","3002","textcontent","18","A","2024-08-10 16:48:14","2024-08-10 17:08:42","Y"
"4821","297","3003","textcontent","19","A","2024-08-10 16:48:45","2024-08-10 17:08:42","Y"
"4822","297","3004","textcontent","20","A","2024-08-10 16:50:54","2024-08-10 17:08:42","Y"
"4823","297","273","course_plan","21","A","2024-08-10 16:55:08","2024-08-10 17:08:42","Y"
"4824","298","296","banner","1","A","0000-00-00 00:00:00","2024-08-10 21:08:12","N"
"4825","298","202","program_overview","2","A","2024-08-10 20:13:12",NULL,"N"
"4826","298","202","promotional_video","3","A","2024-08-10 20:13:12",NULL,"N"
"4827","298","3005","textcontent","4","A","2024-08-10 20:13:50",NULL,"Y"
"4828","298","3006","textcontent","5","A","2024-08-10 20:46:53",NULL,"Y"
"4829","298","3007","textcontent","6","A","2024-08-10 21:05:28",NULL,"Y"
"4830","298","3008","textcontent","7","A","2024-08-10 21:11:23",NULL,"Y"
"4831","298","3009","textcontent","8","A","2024-08-10 21:12:13",NULL,"Y"
"4832","298","3010","textcontent","9","A","2024-08-10 21:14:43",NULL,"Y"
"4833","298","3011","textcontent","10","A","2024-08-10 21:16:23",NULL,"Y"
"4834","298","3012","textcontent","11","A","2024-08-10 21:19:20",NULL,"Y"
"4835","298","3013","textcontent","12","A","2024-08-10 21:21:33",NULL,"Y"
"4836","298","3014","textcontent","13","A","2024-08-10 21:24:20",NULL,"Y"
"4837","298","3015","textcontent","14","P","2024-08-10 21:25:20","2026-01-22 20:01:19","Y"
"4838","298","3016","textcontent","15","A","2024-08-10 21:26:26",NULL,"Y"
"4839","298","3017","textcontent","16","A","2024-08-10 21:27:08",NULL,"Y"
"4840","298","3018","textcontent","17","A","2024-08-10 21:27:33",NULL,"Y"
"4841","298","3019","textcontent","18","A","2024-08-10 21:28:20",NULL,"Y"
"4842","298","3020","textcontent","19","A","2024-08-10 21:30:38",NULL,"Y"
"4843","298","274","course_plan","20","A","2024-08-10 21:36:20",NULL,"Y"
"4844","299","297","banner","1","A","0000-00-00 00:00:00","2025-12-07 16:12:45","N"
"4845","299","203","program_overview","2","A","2024-08-23 12:58:51","2025-12-07 16:12:45","N"
"4846","299","203","promotional_video","3","A","2024-08-23 12:58:51","2025-12-07 16:12:45","N"
"4847","299","3021","textcontent","4","A","2024-08-23 13:00:27","2025-12-07 16:12:45","Y"
"4848","299","3022","textcontent","5","A","2024-08-23 13:02:33","2025-12-07 16:12:45","Y"
"4849","299","3023","textcontent","6","A","2024-08-23 13:03:07","2025-12-07 16:12:45","Y"
"4850","299","72","industry","7","A","2024-08-23 13:04:03","2025-12-07 16:12:45","Y"
"4851","299","3024","textcontent","8","A","2024-08-23 13:04:28","2025-12-07 16:12:45","Y"
"4852","299","3025","textcontent","9","A","2024-08-23 13:04:54","2025-12-07 16:12:45","Y"
"4853","299","3026","textcontent","10","A","2024-08-23 13:05:23","2026-01-30 18:01:33","Y"
"4854","299","3027","textcontent","12","A","2024-08-23 13:05:50","2025-12-07 16:12:45","Y"
"4855","299","3028","textcontent","13","A","2024-08-23 13:06:19","2025-12-07 16:12:45","Y"
"4856","299","144","faculty","14","A","2024-08-23 13:08:46","2025-12-07 16:12:45","Y"
"4857","299","93","academia_panel","15","A","2024-08-23 13:09:11","2025-12-07 16:12:45","Y"
"4858","299","156","syllabus","16","A","2024-08-23 13:09:31","2025-12-07 16:12:45","Y"
"4859","299","275","course_plan","17","A","2024-08-23 13:29:08","2025-12-07 16:12:45","Y"
"4860","300","298","banner","1","A","0000-00-00 00:00:00","2025-12-07 18:12:44","N"
"4861","300","204","program_overview","2","A","2024-08-23 14:39:47","2025-12-07 18:12:44","N"
"4862","300","204","promotional_video","3","A","2024-08-23 14:39:47","2025-12-07 18:12:44","N"
"4863","300","3029","textcontent","4","A","2024-08-23 14:42:36","2025-12-07 18:12:44","Y"
"4864","300","3030","textcontent","5","A","2024-08-23 14:45:44","2025-12-07 18:12:44","Y"
"4865","300","3031","textcontent","6","A","2024-08-23 14:48:41","2025-12-07 18:12:44","Y"
"4866","300","3032","textcontent","7","A","2024-08-23 14:49:54","2025-12-07 18:12:44","Y"
"4867","300","3033","textcontent","8","A","2024-08-23 14:51:02","2025-12-07 18:12:44","Y"
"4868","300","3034","textcontent","9","A","2024-08-23 15:04:34","2025-12-07 18:12:44","Y"
"4869","300","3035","textcontent","10","A","2024-08-23 15:06:21","2025-12-07 18:12:44","Y"
"4870","300","3036","textcontent","11","A","2024-08-23 15:06:51","2025-12-07 18:12:44","Y"
"4871","300","3037","textcontent","12","A","2024-08-23 15:09:23","2025-12-07 18:12:44","Y"
"4872","300","3038","textcontent","14","A","2024-08-23 15:10:31","2025-12-07 18:12:44","Y"
"4873","300","3039","textcontent","15","A","2024-08-23 15:14:56","2025-12-07 18:12:44","Y"
"4874","300","145","faculty","16","A","2024-08-23 15:16:59","2025-12-07 18:12:44","Y"
"4875","300","157","syllabus","17","A","2024-08-23 15:22:32","2025-12-07 18:12:44","Y"
"4876","300","276","course_plan","18","A","2024-08-23 17:19:33","2025-12-07 18:12:44","Y"
"4877","301","299","banner","1","A","0000-00-00 00:00:00","2024-08-23 21:08:19","N"
"4878","301","205","program_overview","2","A","2024-08-23 20:27:50","2024-08-23 21:08:19","N"
"4879","301","205","promotional_video","3","A","2024-08-23 20:27:50","2024-08-23 21:08:19","N"
"4880","301","3040","textcontent","4","A","2024-08-23 20:29:34","2024-08-23 21:08:19","Y"
"4881","301","3041","textcontent","5","A","2024-08-23 20:32:27","2024-08-23 21:08:19","Y"
"4882","301","3042","textcontent","6","A","2024-08-23 20:33:20","2024-08-23 21:08:19","Y"
"4883","301","3043","textcontent","7","A","2024-08-23 20:37:46","2024-08-23 21:08:19","Y"
"4884","301","3044","textcontent","8","A","2024-08-23 20:40:24","2024-08-23 21:08:19","Y"
"4885","301","3045","textcontent","9","A","2024-08-23 20:41:04","2024-08-23 21:08:19","Y"
"4886","301","3046","textcontent","10","A","2024-08-23 20:41:34","2024-08-23 21:08:19","Y"
"4887","301","3047","textcontent","11","A","2024-08-23 20:43:49","2024-08-23 21:08:19","Y"
"4888","301","158","syllabus","13","A","2024-08-23 20:44:14","2024-08-23 21:08:19","Y"
"4889","301","146","faculty","12","A","2024-08-23 20:53:45","2024-08-23 21:08:19","Y"
"4890","301","277","course_plan","14","A","2024-08-23 21:16:56","2024-08-23 21:08:19","Y"
"4891","302","300","banner","1","A","0000-00-00 00:00:00","2026-01-22 20:01:15","N"
"4892","302","206","program_overview","2","A","2024-08-25 14:20:05","2026-01-22 20:01:15","N"
"4893","302","206","promotional_video","3","A","2024-08-25 14:20:05","2026-01-22 20:01:15","N"
"4894","302","159","syllabus","4","A","2024-08-25 14:21:24","2026-01-22 20:01:15","Y"
"4895","302","278","course_plan","5","A","2024-08-25 14:36:26","2026-01-22 20:01:15","Y"
"4896","303","301","banner","1","A","0000-00-00 00:00:00","2024-09-14 00:09:50","N"
"4897","303","207","program_overview","2","A","2024-09-14 00:30:48",NULL,"N"
"4898","303","207","promotional_video","3","A","2024-09-14 00:30:48",NULL,"N"
"4899","303","3048","textcontent","4","A","2024-09-14 00:34:04",NULL,"Y"
"4900","303","3049","textcontent","5","A","2024-09-14 00:35:16","2024-09-14 00:09:21","Y"
"4901","303","3050","textcontent","6","A","2024-09-14 00:39:32",NULL,"Y"
"4902","303","3051","textcontent","7","A","2024-09-14 00:41:38",NULL,"Y"
"4903","303","3052","textcontent","8","A","2024-09-14 00:43:24",NULL,"Y"
"4904","303","3053","textcontent","9","A","2024-09-14 00:45:17",NULL,"Y"
"4905","303","279","course_plan","10","A","2024-09-14 00:50:10",NULL,"Y"
"4906","304","302","banner","1","A","0000-00-00 00:00:00","2025-12-07 21:12:18","N"
"4907","304","208","program_overview","2","A","2024-09-29 14:57:50","2025-12-07 21:12:18","N"
"4908","304","208","promotional_video","3","A","2024-09-29 14:57:50","2025-12-07 21:12:18","N"
"4909","304","3054","textcontent","4","D","2024-09-29 14:58:56","2024-09-29 15:09:48","Y"
"4910","304","3055","textcontent","5","D","2024-09-29 15:01:45","2024-09-29 15:09:42","Y"
"4911","304","3056","textcontent","6","D","2024-09-29 15:02:26","2024-09-29 15:09:29","Y"
"4912","304","3057","textcontent","7","D","2024-09-29 15:03:01","2024-09-29 15:09:35","Y"
"4913","304","160","syllabus","4","A","2024-09-29 15:07:10","2025-12-07 21:12:18","Y"
"4914","304","3058","textcontent","5","D","2024-09-29 15:23:55","2024-09-29 15:09:00","Y"
"4915","304","280","course_plan","6","A","2024-09-29 15:45:06","2025-12-07 21:12:18","Y"
"4916","99","3059","textcontent","5","D","2024-10-09 15:06:17","2025-03-22 05:03:11","Y"
"4917","305","303","banner","1","A","0000-00-00 00:00:00","2024-10-10 20:10:21","N"
"4918","305","209","program_overview","2","A","2024-10-10 19:47:37",NULL,"N"
"4919","305","209","promotional_video","3","A","2024-10-10 19:47:37",NULL,"N"
"4920","305","3060","textcontent","4","A","2024-10-10 19:49:32",NULL,"Y"
"4921","305","3061","textcontent","5","A","2024-10-10 19:53:11","2024-10-10 19:10:07","Y"
"4922","305","3062","textcontent","6","A","2024-10-10 19:58:51",NULL,"Y"
"4923","305","3063","textcontent","7","A","2024-10-10 20:01:30",NULL,"Y"
"4924","305","3064","textcontent","8","A","2024-10-10 20:03:39",NULL,"Y"
"4925","305","3065","textcontent","9","A","2024-10-10 20:06:34",NULL,"Y"
"4926","305","281","course_plan","10","A","2024-10-10 20:09:34",NULL,"Y"
"4927","306","304","banner","1","A","0000-00-00 00:00:00","2024-10-11 16:10:16","N"
"4928","306","210","program_overview","2","A","2024-10-11 16:42:56",NULL,"N"
"4929","306","210","promotional_video","3","A","2024-10-11 16:42:56",NULL,"N"
"4930","306","3066","textcontent","4","A","2024-10-11 16:43:22",NULL,"Y"
"4931","306","3067","textcontent","5","A","2024-10-11 16:44:19",NULL,"Y"
"4932","306","3068","textcontent","6","A","2024-10-11 16:44:58",NULL,"Y"
"4933","306","3069","textcontent","7","A","2024-10-11 16:45:41",NULL,"Y"
"4934","306","3070","textcontent","8","A","2024-10-11 16:46:21",NULL,"Y"
"4935","306","3071","textcontent","9","A","2024-10-11 16:48:32",NULL,"Y"
"4936","306","3072","textcontent","10","A","2024-10-11 16:49:05",NULL,"Y"
"4937","306","3073","textcontent","11","A","2024-10-11 16:49:20",NULL,"Y"
"4938","306","282","course_plan","12","A","2024-10-11 16:55:33",NULL,"Y"
"4939","307","305","banner","1","A","0000-00-00 00:00:00","2025-12-07 21:12:11","N"
"4940","307","211","program_overview","2","A","2024-10-20 15:17:38","2025-12-07 21:12:11","N"
"4941","307","211","promotional_video","3","A","2024-10-20 15:17:38","2025-12-07 21:12:11","N"
"4942","307","3074","textcontent","4","A","2024-10-20 15:18:57","2025-12-07 21:12:11","Y"
"4943","307","161","syllabus","6","A","2024-10-20 15:19:20","2025-12-07 21:12:11","Y"
"4944","307","283","course_plan","7","A","2024-10-20 15:46:50","2025-12-07 21:12:11","Y"
"4945","308","306","banner","1","A","0000-00-00 00:00:00","2024-11-05 21:11:25","N"
"4946","308","212","program_overview","2","A","2024-11-05 09:23:41",NULL,"N"
"4947","308","212","promotional_video","3","A","2024-11-05 09:23:41",NULL,"N"
"4948","308","3075","textcontent","4","A","2024-11-05 09:24:39",NULL,"Y"
"4949","308","3076","textcontent","5","A","2024-11-05 09:35:53","2024-11-05 10:11:26","Y"
"4950","308","3077","textcontent","6","A","2024-11-05 10:39:10",NULL,"Y"
"4951","308","3078","textcontent","7","A","2024-11-05 11:17:01",NULL,"Y"
"4952","308","3079","textcontent","8","A","2024-11-05 11:32:27","2024-11-05 11:11:32","Y"
"4953","308","3080","textcontent","9","A","2024-11-05 11:36:23",NULL,"Y"
"4954","308","284","course_plan","10","A","2024-11-05 11:46:21",NULL,"Y"
"4955","309","307","banner","1","A","0000-00-00 00:00:00","2024-11-12 12:11:10","N"
"4956","309","213","program_overview","2","A","2024-11-12 12:16:52",NULL,"N"
"4957","309","213","promotional_video","3","A","2024-11-12 12:16:52",NULL,"N"
"4958","309","3081","textcontent","4","A","2024-11-12 12:20:54",NULL,"Y"
"4959","309","3082","textcontent","5","A","2024-11-12 12:21:57","2024-11-13 21:11:25","Y"
"4960","309","3083","textcontent","6","A","2024-11-12 12:26:27","2024-11-14 10:11:45","Y"
"4961","309","3084","textcontent","7","A","2024-11-12 12:31:57",NULL,"Y"
"4962","309","3085","textcontent","8","A","2024-11-12 12:34:15",NULL,"Y"
"4963","309","3086","textcontent","9","A","2024-11-12 12:37:03",NULL,"Y"
"4964","309","285","course_plan","10","A","2024-11-12 12:40:23",NULL,"Y"
"4965","310","308","banner","1","A","0000-00-00 00:00:00","2024-11-13 22:11:26","N"
"4966","310","214","program_overview","2","A","2024-11-13 21:35:51",NULL,"N"
"4967","310","214","promotional_video","3","A","2024-11-13 21:35:51",NULL,"N"
"4968","310","3087","textcontent","4","A","2024-11-13 21:36:21",NULL,"Y"
"4969","310","3088","textcontent","5","A","2024-11-13 21:39:43","2024-11-13 21:11:27","Y"
"4970","310","3089","textcontent","6","A","2024-11-13 21:47:23","2024-11-13 21:11:56","Y"
"4971","310","3090","textcontent","7","A","2024-11-13 21:50:34",NULL,"Y"
"4972","310","3091","textcontent","8","A","2024-11-13 21:55:03",NULL,"Y"
"4973","310","3092","textcontent","9","A","2024-11-13 22:00:40",NULL,"Y"
"4974","310","286","course_plan","10","A","2024-11-13 22:08:16",NULL,"Y"
"4975","311","309","banner","1","A","0000-00-00 00:00:00","2024-11-13 23:11:00","N"
"4976","311","215","program_overview","2","A","2024-11-13 22:24:18",NULL,"N"
"4977","311","215","promotional_video","3","A","2024-11-13 22:24:18",NULL,"N"
"4978","311","3093","textcontent","4","A","2024-11-13 22:24:55",NULL,"Y"
"4979","311","3094","textcontent","5","A","2024-11-13 22:27:18","2024-11-13 22:11:37","Y"
"4980","311","3095","textcontent","6","A","2024-11-13 22:37:12",NULL,"Y"
"4981","311","3096","textcontent","7","A","2024-11-13 22:40:24",NULL,"Y"
"4982","311","3097","textcontent","8","A","2024-11-13 22:41:45",NULL,"Y"
"4983","311","3098","textcontent","9","A","2024-11-13 22:51:42",NULL,"Y"
"4984","311","287","course_plan","10","A","2024-11-13 23:10:25",NULL,"Y"
"4985","99","3099","textcontent","75","D","2024-11-23 15:28:02","2025-03-22 06:03:45","Y"
"4986","312","310","banner","1","A","0000-00-00 00:00:00","2024-12-12 11:12:15","N"
"4987","312","216","program_overview","2","A","2024-12-12 11:12:00",NULL,"N"
"4988","312","216","promotional_video","3","A","2024-12-12 11:12:00",NULL,"N"
"4989","312","3100","textcontent","4","A","2024-12-12 11:13:38",NULL,"Y"
"4990","312","3101","textcontent","5","A","2024-12-12 11:16:28","2024-12-12 11:12:47","Y"
"4991","312","3102","textcontent","6","A","2024-12-12 11:21:39",NULL,"Y"
"4992","312","3103","textcontent","7","A","2024-12-12 11:24:29",NULL,"Y"
"4993","312","3104","textcontent","8","A","2024-12-12 11:26:28",NULL,"Y"
"4994","312","3105","textcontent","9","A","2024-12-12 11:29:00",NULL,"Y"
"4995","312","288","course_plan","10","A","2024-12-12 11:34:04",NULL,"Y"
"4996","313","311","banner","1","A","0000-00-00 00:00:00","2025-12-08 19:12:12","N"
"4997","313","217","program_overview","2","A","2024-12-19 17:31:12","2025-12-08 19:12:12","N"
"4998","313","217","promotional_video","3","A","2024-12-19 17:31:12","2025-12-08 19:12:12","N"
"4999","313","3106","textcontent","4","A","2024-12-19 17:31:58","2025-12-08 19:12:12","Y"
"5000","313","3107","textcontent","5","A","2024-12-19 17:38:03","2025-12-08 19:12:12","Y"
"5001","313","3108","textcontent","6","A","2024-12-19 17:44:31","2025-12-08 19:12:12","Y"
"5002","313","3109","textcontent","7","A","2024-12-19 17:48:58","2025-12-08 19:12:12","Y"
"5003","313","289","course_plan","8","A","2024-12-22 11:45:57","2025-12-08 19:12:12","Y"
"5004","314","312","banner","1","A","0000-00-00 00:00:00","2026-03-05 12:03:06","N"
"5005","314","218","program_overview","2","A","2025-01-03 22:41:33","2025-01-04 10:01:37","N"
"5006","314","218","promotional_video","3","A","2025-01-03 22:41:33","2025-01-04 10:01:37","N"
"5007","315","313","banner","1","A","0000-00-00 00:00:00","2025-01-04 11:01:48","N"
"5008","315","219","program_overview","2","A","2025-01-03 22:44:35","2025-01-04 11:01:48","N"
"5009","315","219","promotional_video","3","A","2025-01-03 22:44:35","2025-01-04 11:01:48","N"
"5010","315","3110","textcontent","4","A","2025-01-03 22:46:21","2025-01-04 11:01:48","Y"
"5011","314","3111","textcontent","4","A","2025-01-03 22:50:33","2025-01-04 10:01:37","Y"
"5012","314","3112","textcontent","6","A","2025-01-03 22:52:06","2025-01-04 10:01:37","Y"
"5013","315","3113","textcontent","5","D","2025-01-03 22:52:45","2025-01-04 11:01:34","N"
"5014","315","3114","textcontent","5","A","2025-01-03 22:53:13","2025-01-04 11:01:48","Y"
"5015","314","3115","textcontent","7","A","2025-01-03 22:53:16","2025-01-04 10:01:37","Y"
"5016","314","3116","textcontent","5","A","2025-01-03 22:53:50","2025-01-04 11:01:27","Y"
"5017","314","3117","textcontent","9","A","2025-01-03 22:55:03","2025-01-04 10:01:37","Y"
"5018","315","3118","textcontent","6","A","2025-01-03 22:55:13","2025-01-04 11:01:48","Y"
"5019","314","3119","textcontent","10","A","2025-01-03 22:55:31","2025-01-04 10:01:37","Y"
"5020","314","3120","textcontent","11","A","2025-01-03 22:56:42","2025-01-04 10:01:37","Y"
"5021","315","3121","textcontent","7","A","2025-01-03 22:56:43","2025-01-04 11:01:48","Y"
"5022","314","3122","textcontent","12","A","2025-01-03 22:57:08","2025-01-04 10:01:37","Y"
"5023","314","3123","textcontent","13","A","2025-01-03 22:58:47","2025-01-04 10:01:37","Y"
"5024","314","162","syllabus","13","D","2025-01-03 22:59:02","2025-01-03 22:01:13","Y"
"5025","314","3124","textcontent","14","A","2025-01-03 23:00:18","2025-01-04 11:01:20","Y"
"5026","314","3125","textcontent","15","A","2025-01-03 23:00:57","2025-01-04 10:01:37","Y"
"5027","315","3126","textcontent","8","A","2025-01-03 23:06:43","2025-01-04 11:01:48","Y"
"5028","315","3127","textcontent","9","A","2025-01-03 23:07:32","2025-01-04 11:01:48","Y"
"5029","315","3128","textcontent","10","A","2025-01-03 23:09:02","2025-01-04 11:01:48","Y"
"5030","315","3129","textcontent","11","A","2025-01-03 23:18:30","2026-06-17 16:06:10","Y"
"5031","315","3130","textcontent","12","A","2025-01-03 23:20:11","2025-01-04 11:01:48","Y"
"5032","315","3131","textcontent","14","A","2025-01-03 23:21:35","2025-01-04 11:01:48","Y"
"5033","315","3132","textcontent","15","A","2025-01-03 23:22:50","2025-01-04 11:01:48","Y"
"5034","315","3133","textcontent","16","A","2025-01-03 23:23:48","2025-01-04 11:01:48","Y"
"5035","315","290","course_plan","17","A","2025-01-03 23:30:21","2025-01-04 11:01:48","Y"
"5036","314","116","faq","16","A","2025-01-03 23:34:54","2025-01-04 10:01:37","Y"
"5037","314","291","course_plan","17","A","2025-01-03 23:37:57","2025-01-04 10:01:37","Y"
"5038","315","147","faculty","13","A","2025-01-03 23:50:33","2025-01-04 11:01:48","Y"
"5039","314","148","faculty","8","A","2025-01-04 10:22:44","2025-01-04 10:01:32","Y"
"5040","316","314","banner","1","A","0000-00-00 00:00:00","2025-12-08 21:12:03","N"
"5041","316","220","program_overview","2","A","2025-01-18 14:33:09","2025-12-08 21:12:03","N"
"5042","316","220","promotional_video","3","A","2025-01-18 14:33:09","2025-12-08 21:12:03","N"
"5043","316","163","syllabus","4","A","2025-01-18 14:33:17","2025-12-08 21:12:03","Y"
"5044","316","292","course_plan","5","A","2025-01-18 14:56:47","2025-12-08 21:12:03","Y"
"5045","317","315","banner","1","A","0000-00-00 00:00:00","2025-01-21 12:01:32","N"
"5046","317","221","program_overview","2","A","2025-01-21 11:07:08",NULL,"N"
"5047","317","221","promotional_video","3","A","2025-01-21 11:07:08",NULL,"N"
"5048","317","3134","textcontent","4","A","2025-01-21 11:08:20","2025-01-28 12:01:03","Y"
"5049","317","3135","textcontent","5","A","2025-01-21 11:12:07","2025-01-21 11:01:36","Y"
"5050","317","3136","textcontent","6","A","2025-01-21 11:38:36",NULL,"Y"
"5051","317","3137","textcontent","7","A","2025-01-21 11:46:01",NULL,"Y"
"5052","317","3138","textcontent","8","A","2025-01-21 11:51:38",NULL,"Y"
"5053","317","3139","textcontent","9","A","2025-01-21 11:53:59",NULL,"Y"
"5054","317","293","course_plan","10","A","2025-01-21 12:17:19",NULL,"Y"
"5055","318","316","banner","1","A","0000-00-00 00:00:00","2025-01-27 13:01:29","N"
"5056","318","222","program_overview","2","A","2025-01-27 12:18:42",NULL,"N"
"5057","318","222","promotional_video","3","A","2025-01-27 12:18:42",NULL,"N"
"5058","318","3140","textcontent","4","A","2025-01-27 12:19:01",NULL,"Y"
"5059","318","3141","textcontent","5","A","2025-01-27 12:19:46","2025-01-27 12:01:00","Y"
"5060","318","3142","textcontent","6","A","2025-01-27 12:26:12",NULL,"Y"
"5061","318","3143","textcontent","7","A","2025-01-27 12:28:16",NULL,"Y"
"5062","318","3144","textcontent","8","A","2025-01-27 12:32:43",NULL,"Y"
"5063","318","3145","textcontent","9","A","2025-01-27 12:38:32","2025-02-03 19:02:04","Y"
"5064","318","294","course_plan","10","A","2025-01-27 13:22:26",NULL,"Y"
"5065","319","317","banner","1","A","0000-00-00 00:00:00","2025-01-29 12:01:15","N"
"5066","319","223","program_overview","2","A","2025-01-29 12:44:15",NULL,"N"
"5067","319","223","promotional_video","3","A","2025-01-29 12:44:15",NULL,"N"
"5068","319","3146","textcontent","4","A","2025-01-29 12:46:12",NULL,"Y"
"5069","319","3147","textcontent","5","A","2025-01-29 12:51:30","2025-01-29 12:01:55","Y"
"5070","319","3148","textcontent","6","A","2025-01-29 13:03:43",NULL,"Y"
"5071","319","3149","textcontent","7","A","2025-01-29 13:11:36",NULL,"Y"
"5072","319","3150","textcontent","8","A","2025-01-29 13:19:21",NULL,"Y"
"5073","319","3151","textcontent","9","A","2025-01-29 13:23:44",NULL,"Y"
"5074","320","318","banner","1","A","0000-00-00 00:00:00","2025-01-29 14:01:22","N"
"5075","320","3152","textcontent","2","A","2025-01-29 13:33:01","2025-01-29 14:01:22","Y"
"5076","320","3153","textcontent","3","A","2025-01-29 13:33:01","2025-01-29 14:01:22","Y"
"5077","320","3154","textcontent","4","A","2025-01-29 13:33:01","2025-01-29 14:01:22","Y"
"5078","320","3155","textcontent","5","A","2025-01-29 13:33:01","2025-01-29 14:01:22","Y"
"5079","320","3156","textcontent","6","A","2025-01-29 13:33:01","2025-01-29 14:01:22","Y"
"5080","320","3157","textcontent","7","A","2025-01-29 13:33:01","2025-08-20 00:08:53","Y"
"5081","320","295","course_plan","8","A","2025-01-29 13:40:34","2025-01-29 14:01:22","Y"
"5082","321","319","banner","1","A","0000-00-00 00:00:00","2025-02-01 00:02:34","N"
"5083","321","224","program_overview","2","A","2025-01-31 23:36:11",NULL,"N"
"5084","321","224","promotional_video","3","A","2025-01-31 23:36:11",NULL,"N"
"5085","321","3158","textcontent","4","A","2025-01-31 23:37:48",NULL,"Y"
"5086","321","3159","textcontent","5","A","2025-01-31 23:40:34","2025-01-31 23:01:33","Y"
"5087","321","3160","textcontent","6","A","2025-01-31 23:47:03",NULL,"Y"
"5088","321","3161","textcontent","7","A","2025-01-31 23:51:17",NULL,"Y"
"5089","321","3162","textcontent","8","A","2025-01-31 23:52:47",NULL,"Y"
"5090","321","3163","textcontent","9","A","2025-01-31 23:54:32","2025-02-11 17:02:33","Y"
"5091","321","296","course_plan","10","A","2025-01-31 23:58:37",NULL,"Y"
"5092","220","149","faculty","16","A","2025-02-08 15:36:04","2025-03-25 19:03:30","Y"
"5093","272","150","faculty","6","A","2025-02-08 16:27:07","2025-12-07 14:12:11","Y"
"5094","289","151","faculty","5","A","2025-02-08 16:36:02","2026-03-12 13:03:43","Y"
"5095","290","152","faculty","5","A","2025-02-08 16:41:41","2025-12-07 18:12:56","Y"
"5096","322","320","banner","1","A","0000-00-00 00:00:00","2025-02-10 16:02:24","N"
"5097","322","225","program_overview","2","A","2025-02-10 16:21:24",NULL,"N"
"5098","322","225","promotional_video","3","A","2025-02-10 16:21:24",NULL,"N"
"5099","322","3164","textcontent","4","A","2025-02-10 16:22:08",NULL,"Y"
"5100","322","3165","textcontent","5","A","2025-02-10 16:24:38","2025-02-10 16:02:09","Y"
"5101","322","3166","textcontent","6","A","2025-02-10 16:29:53",NULL,"Y"
"5102","322","3167","textcontent","7","A","2025-02-10 16:34:58",NULL,"Y"
"5103","322","3168","textcontent","8","A","2025-02-10 16:37:02",NULL,"Y"
"5104","322","3169","textcontent","9","A","2025-02-10 16:38:50",NULL,"Y"
"5105","323","321","banner","1","A","0000-00-00 00:00:00","2025-02-10 16:02:10","N"
"5106","323","3170","textcontent","2","A","2025-02-10 16:40:22","2025-02-10 16:02:10","Y"
"5107","323","3171","textcontent","3","A","2025-02-10 16:40:22","2025-02-10 16:02:10","Y"
"5108","323","3172","textcontent","4","A","2025-02-10 16:40:22","2025-02-10 16:02:10","Y"
"5109","323","3173","textcontent","5","A","2025-02-10 16:40:22","2025-02-10 16:02:10","Y"
"5110","323","3174","textcontent","6","A","2025-02-10 16:40:22","2025-02-10 16:02:10","Y"
"5111","323","3175","textcontent","7","A","2025-02-10 16:40:22","2025-02-10 16:02:10","Y"
"5112","323","297","course_plan","8","A","2025-02-10 16:44:06","2025-02-10 16:02:10","Y"
"5113","324","322","banner","1","A","0000-00-00 00:00:00","2025-02-14 15:02:16","N"
"5114","324","226","program_overview","2","A","2025-02-14 15:07:21",NULL,"N"
"5115","324","226","promotional_video","3","A","2025-02-14 15:07:21",NULL,"N"
"5116","324","3176","textcontent","4","A","2025-02-14 15:07:43",NULL,"Y"
"5117","324","3177","textcontent","5","A","2025-02-14 15:09:08","2025-02-14 15:02:48","Y"
"5118","324","3178","textcontent","6","A","2025-02-14 15:12:43",NULL,"Y"
"5119","324","3179","textcontent","7","A","2025-02-14 15:16:03",NULL,"Y"
"5120","324","3180","textcontent","8","A","2025-02-14 15:18:40",NULL,"Y"
"5121","324","3181","textcontent","9","A","2025-02-14 15:20:23",NULL,"Y"
"5122","324","298","course_plan","10","A","2025-02-14 15:24:58",NULL,"Y"
"5123","325","323","banner","1","A","0000-00-00 00:00:00","2025-02-14 17:02:13","N"
"5124","325","227","program_overview","2","A","2025-02-14 16:07:34",NULL,"N"
"5125","325","227","promotional_video","3","A","2025-02-14 16:07:34",NULL,"N"
"5126","325","3182","textcontent","4","A","2025-02-14 16:09:55",NULL,"Y"
"5127","325","3183","textcontent","5","A","2025-02-14 16:11:49","2025-02-14 16:02:36","Y"
"5128","325","3184","textcontent","6","A","2025-02-14 17:02:20",NULL,"Y"
"5129","325","3185","textcontent","7","A","2025-02-14 17:07:32",NULL,"Y"
"5130","325","3186","textcontent","8","A","2025-02-14 17:10:27",NULL,"Y"
"5131","325","3187","textcontent","9","D","2025-02-14 17:13:14","2025-07-12 19:07:17","Y"
"5132","325","3188","textcontent","10","A","2025-02-14 17:13:15","2025-07-12 19:07:29","Y"
"5133","325","299","course_plan","11","A","2025-02-14 17:15:54",NULL,"Y"
"5134","326","324","banner","1","A","0000-00-00 00:00:00","2025-02-18 21:02:51","N"
"5135","326","228","program_overview","2","A","2025-02-18 20:41:35",NULL,"N"
"5136","326","228","promotional_video","3","A","2025-02-18 20:41:35",NULL,"N"
"5137","326","3189","textcontent","4","A","2025-02-18 20:43:05",NULL,"Y"
"5138","326","3190","textcontent","5","A","2025-02-18 20:45:31","2025-02-18 20:02:06","Y"
"5139","326","3191","textcontent","6","A","2025-02-18 20:51:44",NULL,"Y"
"5140","326","3192","textcontent","7","A","2025-02-18 20:54:25",NULL,"Y"
"5141","326","3193","textcontent","8","A","2025-02-18 20:55:33",NULL,"Y"
"5142","326","3194","textcontent","9","A","2025-02-18 20:56:54",NULL,"Y"
"5143","326","300","course_plan","10","A","2025-02-18 21:01:49",NULL,"Y"
"5144","327","325","banner","1","A","0000-00-00 00:00:00","2025-02-19 11:02:15","N"
"5145","327","229","program_overview","2","A","2025-02-19 11:19:46",NULL,"N"
"5146","327","229","promotional_video","3","A","2025-02-19 11:19:46",NULL,"N"
"5147","327","3195","textcontent","4","A","2025-02-19 11:20:43",NULL,"Y"
"5148","327","3196","textcontent","5","A","2025-02-19 11:22:22","2025-02-19 11:02:32","Y"
"5149","327","3197","textcontent","6","A","2025-02-19 11:29:52",NULL,"Y"
"5150","327","3198","textcontent","7","A","2025-02-19 11:35:21",NULL,"Y"
"5151","327","3199","textcontent","8","A","2025-02-19 11:39:25",NULL,"Y"
"5152","327","3200","textcontent","9","A","2025-02-19 11:41:36",NULL,"Y"
"5153","327","301","course_plan","10","A","2025-02-19 11:45:37",NULL,"Y"
"5154","328","326","banner","1","A","0000-00-00 00:00:00","2025-02-21 14:02:32","N"
"5155","328","230","program_overview","2","A","2025-02-21 14:49:32",NULL,"N"
"5156","328","230","promotional_video","3","A","2025-02-21 14:49:32",NULL,"N"
"5157","328","3201","textcontent","4","A","2025-02-21 14:49:58",NULL,"Y"
"5158","328","3202","textcontent","5","A","2025-02-21 14:50:22",NULL,"Y"
"5159","328","3203","textcontent","6","A","2025-02-21 14:50:42",NULL,"Y"
"5160","328","3204","textcontent","7","A","2025-02-21 14:51:02",NULL,"Y"
"5161","328","302","course_plan","8","A","2025-02-21 14:51:14",NULL,"Y"
"5162","329","327","banner","1","A","0000-00-00 00:00:00","2025-12-07 15:12:11","N"
"5163","329","231","program_overview","2","A","2025-02-24 16:16:21","2025-12-07 15:12:11","N"
"5164","329","231","promotional_video","3","A","2025-02-24 16:16:21","2025-12-07 15:12:11","N"
"5165","329","3205","textcontent","4","A","2025-02-24 16:17:03","2025-12-07 15:12:11","Y"
"5166","329","3206","textcontent","5","A","2025-02-24 16:17:22","2025-12-07 15:12:11","Y"
"5167","329","3207","textcontent","6","A","2025-02-24 16:24:08","2025-12-07 15:12:11","Y"
"5168","329","3208","textcontent","7","A","2025-02-24 16:24:38","2025-12-07 15:12:11","Y"
"5169","329","3209","textcontent","8","A","2025-02-24 16:26:16","2025-12-07 15:12:11","Y"
"5170","329","3210","textcontent","9","A","2025-02-24 16:26:37","2025-12-07 15:12:11","Y"
"5171","329","3211","textcontent","10","A","2025-02-24 16:28:04","2025-12-07 15:12:11","Y"
"5172","329","3212","textcontent","11","A","2025-02-24 16:30:13","2026-01-25 16:01:52","Y"
"5173","329","3213","textcontent","13","A","2025-02-24 16:35:06","2025-12-07 15:12:11","Y"
"5174","329","3214","textcontent","14","A","2025-02-24 16:35:52","2025-12-07 15:12:11","Y"
"5175","329","164","syllabus","15","A","2025-02-24 16:36:25","2025-12-07 15:12:11","Y"
"5176","329","303","course_plan","16","A","2025-02-24 17:07:47","2025-12-07 15:12:11","Y"
"5177","330","328","banner","1","A","0000-00-00 00:00:00","2025-03-03 11:03:50","N"
"5178","330","232","program_overview","2","A","2025-03-03 11:30:50",NULL,"N"
"5179","330","232","promotional_video","3","A","2025-03-03 11:30:50",NULL,"N"
"5180","330","3215","textcontent","4","A","2025-03-03 11:32:46",NULL,"Y"
"5181","330","3216","textcontent","5","A","2025-03-03 11:37:11","2025-03-03 11:03:09","Y"
"5182","330","3217","textcontent","6","A","2025-03-03 11:46:53",NULL,"Y"
"5183","330","3218","textcontent","7","A","2025-03-03 11:54:40",NULL,"Y"
"5184","330","3219","textcontent","8","A","2025-03-03 11:57:07",NULL,"Y"
"5185","330","3220","textcontent","9","A","2025-03-03 12:20:20",NULL,"Y"
"5186","331","329","banner","1","A","0000-00-00 00:00:00","2025-03-03 17:03:59","Y"
"5187","331","3221","textcontent","4","P","2025-03-03 12:27:18",NULL,"Y"
"5188","331","3222","textcontent","5","A","2025-03-03 12:27:18","2025-03-03 16:03:38","Y"
"5189","331","3223","textcontent","6","A","2025-03-03 12:27:18","2025-03-03 16:03:16","Y"
"5190","331","3224","textcontent","7","A","2025-03-03 12:27:18","2025-03-03 16:03:57","Y"
"5191","331","3225","textcontent","8","A","2025-03-03 12:27:18","2025-03-03 16:03:06","Y"
"5192","331","3226","textcontent","9","A","2025-03-03 12:27:18","2025-03-03 16:03:50","Y"
"5193","331","304","course_plan","8","A","2025-03-03 17:05:53",NULL,"Y"
"5194","332","330","banner","1","A","0000-00-00 00:00:00","2025-03-05 21:03:22","N"
"5195","332","233","program_overview","2","A","2025-03-05 10:43:49",NULL,"N"
"5196","332","233","promotional_video","3","A","2025-03-05 10:43:49",NULL,"N"
"5197","332","3227","textcontent","4","A","2025-03-05 10:44:19",NULL,"Y"
"5198","332","3228","textcontent","5","A","2025-03-05 10:45:59","2025-03-05 10:03:31","Y"
"5199","332","3229","textcontent","6","A","2025-03-05 10:50:55",NULL,"Y"
"5200","332","3230","textcontent","7","A","2025-03-05 10:54:54",NULL,"Y"
"5201","332","3231","textcontent","8","A","2025-03-05 10:56:16",NULL,"Y"
"5202","332","3232","textcontent","9","A","2025-03-05 11:01:49","2025-06-11 23:06:39","Y"
"5203","332","305","course_plan","10","A","2025-03-05 11:08:55",NULL,"Y"
"5204","333","331","banner","1","A","0000-00-00 00:00:00","2025-03-05 21:03:16","N"
"5205","333","234","program_overview","2","A","2025-03-05 11:29:39",NULL,"N"
"5206","333","234","promotional_video","3","A","2025-03-05 11:29:39",NULL,"N"
"5207","333","3233","textcontent","4","A","2025-03-05 11:30:40",NULL,"Y"
"5208","333","3234","textcontent","5","A","2025-03-05 11:32:36","2025-03-05 11:03:39","Y"
"5209","333","3235","textcontent","6","A","2025-03-05 11:45:41",NULL,"Y"
"5210","333","3236","textcontent","7","A","2025-03-05 11:47:21",NULL,"Y"
"5211","333","3237","textcontent","8","A","2025-03-05 11:49:48",NULL,"Y"
"5212","333","3238","textcontent","9","A","2025-03-05 11:52:15","2025-03-12 14:03:23","Y"
"5213","333","306","course_plan","10","A","2025-03-05 20:58:10",NULL,"Y"
"5214","333","307","course_plan","11","D","2025-03-05 20:58:11","2025-03-05 21:03:31","Y"
"5215","333","308","course_plan","12","D","2025-03-05 20:58:11","2025-03-05 21:03:22","Y"
"5216","334","332","banner","1","A","0000-00-00 00:00:00","2025-03-18 18:03:06","N"
"5217","334","235","program_overview","2","A","2025-03-18 18:49:06",NULL,"N"
"5218","334","235","promotional_video","3","A","2025-03-18 18:49:06",NULL,"N"
"5219","335","333","banner","1","A","0000-00-00 00:00:00","2025-12-08 21:12:38","N"
"5220","335","236","program_overview","2","A","2025-03-18 18:54:13","2025-12-08 21:12:38","N"
"5221","335","236","promotional_video","3","A","2025-03-18 18:54:13","2025-12-08 21:12:38","N"
"5222","334","3239","textcontent","4","D","2025-03-18 18:54:21","2025-03-18 19:03:43","Y"
"5223","335","3240","textcontent","4","A","2025-03-18 18:54:35","2025-12-08 21:12:38","Y"
"5224","335","165","syllabus","5","A","2025-03-18 18:54:49","2025-12-08 21:12:38","Y"
"5225","335","309","course_plan","7","A","2025-03-18 19:53:15","2025-12-08 21:12:38","Y"
"5226","200","3241","textcontent","2","A","2025-03-23 01:32:11","2025-03-23 01:03:27","Y"
"5227","260","87","quick_overview","2","A","2025-03-27 16:21:51","2025-12-08 19:12:26","Y"
"5228","272","88","quick_overview","2","A","2025-03-27 16:26:38","2025-12-07 14:12:11","Y"
"5229","289","89","quick_overview","2","A","2025-03-27 16:28:42","2026-03-12 13:03:43","Y"
"5230","290","90","quick_overview","2","A","2025-03-27 16:48:19","2025-12-07 18:12:56","Y"
"5231","336","334","banner","1","A","0000-00-00 00:00:00","2025-12-11 15:12:28","N"
"5232","336","237","program_overview","2","A","2025-04-21 16:45:31","2025-12-11 15:12:28","N"
"5233","336","237","promotional_video","3","A","2025-04-21 16:45:31","2025-12-11 15:12:28","N"
"5234","336","3242","textcontent","5","A","2025-04-21 16:46:40","2025-12-11 15:12:28","Y"
"5235","336","3243","textcontent","6","A","2025-04-21 16:48:12","2025-12-11 15:12:28","Y"
"5236","336","3244","textcontent","7","A","2025-04-21 16:50:13","2025-12-11 15:12:28","Y"
"5237","336","3245","textcontent","8","A","2025-04-21 16:51:56","2025-12-11 15:12:28","Y"
"5238","336","3246","textcontent","10","A","2025-04-21 16:53:46","2025-12-11 15:12:28","Y"
"5239","336","3247","textcontent","11","A","2025-04-21 16:54:45","2025-12-11 15:12:28","Y"
"5240","336","3248","textcontent","12","A","2025-04-21 16:56:40","2025-12-11 15:12:28","Y"
"5241","336","3249","textcontent","13","A","2025-04-21 16:58:53","2025-12-11 15:12:28","Y"
"5242","336","3250","textcontent","14","A","2025-04-21 16:59:41","2025-12-11 15:12:28","Y"
"5243","336","3251","textcontent","15","A","2025-04-21 17:00:10","2025-12-11 15:12:28","Y"
"5244","336","3252","textcontent","16","P","2025-04-21 17:01:23","2025-12-11 15:12:28","N"
"5245","336","3253","textcontent","4","A","2025-04-21 17:03:12","2025-12-11 15:12:28","Y"
"5246","336","3254","textcontent","17","A","2025-04-21 17:09:28","2025-12-11 15:12:28","Y"
"5247","336","153","faculty","19","A","2025-04-21 17:30:37","2025-12-11 15:12:28","Y"
"5248","336","94","academia_panel","18","A","2025-04-21 17:31:31","2025-12-11 15:12:28","Y"
"5249","336","166","syllabus","20","A","2025-04-21 17:41:10","2025-12-11 15:12:28","Y"
"5250","336","310","course_plan","21","A","2025-04-21 18:17:09","2025-12-11 15:12:28","Y"
"5251","337","335","banner","1","A","0000-00-00 00:00:00","2025-05-01 13:05:18","N"
"5252","337","238","program_overview","2","A","2025-04-30 19:23:38","2025-04-30 20:04:01","N"
"5253","337","238","promotional_video","3","A","2025-04-30 19:23:38","2025-04-30 20:04:01","N"
"5254","337","3255","textcontent","4","A","2025-04-30 19:24:48","2025-04-30 20:04:01","Y"
"5255","337","3256","textcontent","5","A","2025-04-30 19:26:38","2025-04-30 20:04:01","Y"
"5256","337","3257","textcontent","6","A","2025-04-30 19:27:30","2025-04-30 20:04:01","Y"
"5257","337","3258","textcontent","7","A","2025-04-30 19:29:23","2025-04-30 20:04:01","Y"
"5258","337","3259","textcontent","9","A","2025-04-30 19:36:16","2025-04-30 20:04:01","Y"
"5259","337","3260","textcontent","10","P","2025-04-30 19:38:51","2025-04-30 20:04:01","Y"
"5260","337","3261","textcontent","11","A","2025-04-30 19:39:36","2025-04-30 20:04:01","Y"
"5261","337","3262","textcontent","12","A","2025-04-30 19:43:45","2025-04-30 20:04:01","Y"
"5262","337","3263","textcontent","13","A","2025-04-30 19:44:21","2025-04-30 20:04:01","Y"
"5263","337","3264","textcontent","14","A","2025-04-30 19:45:44","2025-04-30 20:04:01","Y"
"5264","337","3265","textcontent","15","A","2025-04-30 19:49:10","2025-04-30 20:04:01","Y"
"5265","337","3266","textcontent","16","A","2025-04-30 19:51:14","2025-04-30 20:04:01","Y"
"5266","337","3267","textcontent","17","A","2025-04-30 19:52:19","2025-04-30 20:04:01","Y"
"5267","337","3268","textcontent","18","A","2025-04-30 19:52:58","2025-04-30 20:04:01","Y"
"5268","337","3269","textcontent","18","D","2025-04-30 20:04:25","2025-04-30 20:04:55","Y"
"5269","337","117","faq","19","A","2025-04-30 20:04:44","2025-04-30 20:04:48","Y"
"5270","337","90","video_testimonials","8","A","2025-04-30 20:15:42","2025-04-30 20:04:01","Y"
"5271","337","311","course_plan","21","A","2025-04-30 20:57:58",NULL,"Y"
"5272","338","336","banner","1","A","0000-00-00 00:00:00","2025-05-01 13:05:36","N"
"5273","338","239","program_overview","2","A","2025-04-30 22:39:59",NULL,"N"
"5274","338","239","promotional_video","3","A","2025-04-30 22:39:59",NULL,"N"
"5275","338","3270","textcontent","4","A","2025-04-30 23:02:04",NULL,"Y"
"5276","338","3271","textcontent","5","A","2025-04-30 23:04:14",NULL,"Y"
"5277","338","3272","textcontent","6","A","2025-04-30 23:05:22",NULL,"Y"
"5278","338","3273","textcontent","7","A","2025-04-30 23:12:29",NULL,"Y"
"5279","338","91","video_testimonials","8","A","2025-04-30 23:19:32",NULL,"Y"
"5280","338","3274","textcontent","9","A","2025-04-30 23:26:23",NULL,"Y"
"5281","338","3275","textcontent","10","A","2025-04-30 23:27:07",NULL,"Y"
"5282","338","3276","textcontent","11","A","2025-04-30 23:27:49",NULL,"Y"
"5283","338","3277","textcontent","12","A","2025-04-30 23:31:27",NULL,"Y"
"5284","338","3278","textcontent","13","A","2025-04-30 23:32:23",NULL,"Y"
"5285","338","3279","textcontent","14","A","2025-04-30 23:33:40",NULL,"Y"
"5286","338","3280","textcontent","15","A","2025-04-30 23:39:17",NULL,"Y"
"5287","338","3281","textcontent","16","A","2025-04-30 23:42:39",NULL,"Y"
"5288","338","3282","textcontent","17","A","2025-04-30 23:43:26",NULL,"Y"
"5289","338","3283","textcontent","18","A","2025-04-30 23:44:00",NULL,"Y"
"5290","338","118","faq","19","A","2025-05-01 00:09:08",NULL,"Y"
"5291","338","312","course_plan","20","A","2025-05-01 00:13:11",NULL,"Y"
"5292","337","91","quick_overview","22","A","2025-05-01 13:17:58",NULL,"Y"
"5293","338","92","quick_overview","21","A","2025-05-01 13:35:24",NULL,"Y"
"5294","339","337","banner","1","A","0000-00-00 00:00:00","2025-05-15 18:05:20","N"
"5295","339","240","program_overview","2","A","2025-05-12 13:27:47",NULL,"N"
"5296","339","240","promotional_video","3","A","2025-05-12 13:27:47",NULL,"N"
"5297","339","3284","textcontent","4","A","2025-05-12 13:29:28",NULL,"Y"
"5298","339","3285","textcontent","5","A","2025-05-12 13:32:37",NULL,"Y"
"5299","339","3286","textcontent","6","A","2025-05-12 13:33:37",NULL,"Y"
"5300","339","3287","textcontent","7","A","2025-05-12 13:35:33",NULL,"Y"
"5301","339","92","video_testimonials","8","A","2025-05-12 13:47:11",NULL,"Y"
"5302","339","3288","textcontent","9","A","2025-05-12 13:48:15",NULL,"Y"
"5303","339","3289","textcontent","10","A","2025-05-12 13:48:56",NULL,"Y"
"5304","339","3290","textcontent","11","A","2025-05-12 13:49:28",NULL,"Y"
"5305","339","3291","textcontent","12","A","2025-05-12 13:52:54",NULL,"Y"
"5306","339","3292","textcontent","13","A","2025-05-12 13:53:39",NULL,"Y"
"5307","339","3293","textcontent","14","A","2025-05-12 13:54:57",NULL,"Y"
"5308","339","3294","textcontent","15","A","2025-05-12 13:58:34",NULL,"Y"
"5309","339","3295","textcontent","16","A","2025-05-12 14:00:26",NULL,"Y"
"5310","339","3296","textcontent","17","A","2025-05-12 14:01:59",NULL,"Y"
"5311","339","3297","textcontent","18","A","2025-05-12 14:02:53",NULL,"Y"
"5312","339","119","faq","19","A","2025-05-12 15:06:25",NULL,"Y"
"5313","339","313","course_plan","20","A","2025-05-14 12:28:45",NULL,"Y"
"5314","200","314","course_plan","7","A","2025-05-14 13:03:06",NULL,"Y"
"5315","200","95","academia_panel","8","A","2025-05-14 13:58:01",NULL,"Y"
"5316","340","338","banner","1","A","0000-00-00 00:00:00","2025-05-15 15:05:39","N"
"5317","340","241","program_overview","2","A","2025-05-15 14:51:34",NULL,"N"
"5318","340","241","promotional_video","3","A","2025-05-15 14:51:34",NULL,"N"
"5319","340","3298","textcontent","4","A","2025-05-15 14:52:04",NULL,"Y"
"5320","340","3299","textcontent","5","A","2025-05-15 14:53:48","2025-05-15 14:05:00","Y"
"5321","340","3300","textcontent","6","A","2025-05-15 14:56:38",NULL,"Y"
"5322","340","3301","textcontent","7","D","2025-05-15 14:57:20","2025-05-15 14:05:49","Y"
"5323","340","3302","textcontent","8","D","2025-05-15 14:57:30","2025-05-15 14:05:41","Y"
"5324","340","3303","textcontent","9","A","2025-05-15 14:59:03",NULL,"Y"
"5325","340","3304","textcontent","10","A","2025-05-15 15:00:11",NULL,"Y"
"5326","340","3305","textcontent","11","A","2025-05-15 15:01:49",NULL,"Y"
"5327","340","3306","textcontent","12","A","2025-05-15 15:02:17",NULL,"Y"
"5328","340","315","course_plan","13","A","2025-05-15 15:04:52",NULL,"Y"
"5329","339","93","quick_overview","21","A","2025-05-15 18:24:01",NULL,"Y"
"5330","341","339","banner","1","A","0000-00-00 00:00:00","2025-06-19 11:06:29","N"
"5331","341","242","program_overview","2","A","2025-06-19 11:09:46",NULL,"N"
"5332","341","242","promotional_video","3","A","2025-06-19 11:09:46",NULL,"N"
"5333","341","3307","textcontent","4","A","2025-06-19 11:10:20",NULL,"Y"
"5334","341","3308","textcontent","5","A","2025-06-19 11:11:33","2025-06-19 18:06:45","Y"
"5335","341","3309","textcontent","6","A","2025-06-19 11:17:53",NULL,"Y"
"5336","341","3310","textcontent","7","A","2025-06-19 11:20:09",NULL,"Y"
"5337","341","3311","textcontent","8","A","2025-06-19 11:22:30",NULL,"Y"
"5338","341","3312","textcontent","9","A","2025-06-19 11:24:08","2025-08-20 00:08:52","Y"
"5339","341","316","course_plan","10","A","2025-06-19 11:32:12",NULL,"Y"
"5340","342","340","banner","1","A","0000-00-00 00:00:00","2025-06-23 13:06:09","N"
"5341","342","243","program_overview","2","A","2025-06-20 14:02:49",NULL,"N"
"5342","342","243","promotional_video","3","A","2025-06-20 14:02:49",NULL,"N"
"5343","342","3313","textcontent","4","A","2025-06-20 14:03:20",NULL,"Y"
"5344","342","3314","textcontent","5","A","2025-06-20 14:05:21","2025-06-20 19:06:04","Y"
"5345","342","3315","textcontent","6","A","2025-06-20 14:14:31","2025-06-20 19:06:24","Y"
"5346","342","3316","textcontent","7","A","2025-06-20 14:18:05","2025-06-20 19:06:12","Y"
"5347","342","3317","textcontent","8","A","2025-06-20 14:19:32",NULL,"Y"
"5348","342","3318","textcontent","9","A","2025-06-20 14:23:07",NULL,"Y"
"5349","342","317","course_plan","10","A","2025-06-23 13:35:54",NULL,"Y"
"5350","343","341","banner","1","A","0000-00-00 00:00:00","2025-06-28 16:06:52","N"
"5351","343","244","program_overview","3","A","2025-06-26 19:09:31","2025-06-28 16:06:52","N"
"5352","343","244","promotional_video","4","A","2025-06-26 19:09:31","2025-06-28 16:06:52","N"
"5353","343","3319","textcontent","5","A","2025-06-26 21:07:59","2025-06-28 16:06:52","Y"
"5354","343","3320","textcontent","6","A","2025-06-26 21:09:14","2025-06-28 16:06:52","Y"
"5355","343","3321","textcontent","7","A","2025-06-26 21:22:01","2025-06-28 16:06:52","Y"
"5356","343","3322","textcontent","8","A","2025-06-26 21:22:54","2025-06-28 16:06:52","Y"
"5357","343","3323","textcontent","9","A","2025-06-26 21:24:01","2025-06-28 16:06:52","Y"
"5358","343","3324","textcontent","10","A","2025-06-26 21:24:44","2025-06-28 16:06:52","Y"
"5359","343","3325","textcontent","11","A","2025-06-26 21:27:40","2025-06-28 16:06:52","Y"
"5360","343","3326","textcontent","12","A","2025-06-26 21:29:18","2025-06-28 16:06:52","Y"
"5361","343","3327","textcontent","13","A","2025-06-26 21:30:11","2025-06-28 16:06:52","Y"
"5362","343","3328","textcontent","14","A","2025-06-26 21:30:27","2025-06-28 16:06:52","Y"
"5363","343","3329","textcontent","15","A","2025-06-26 21:37:44","2025-06-28 16:06:52","Y"
"5364","343","120","faq","16","A","2025-06-26 21:43:16","2025-06-28 16:06:52","Y"
"5365","343","318","course_plan","18","A","2025-06-26 21:59:11","2025-06-28 16:06:52","Y"
"5366","343","94","quick_overview","2","A","2025-06-27 17:47:22","2025-06-28 16:06:52","Y"
"5367","343","3330","textcontent","17","A","2025-06-28 16:37:35","2025-06-28 16:06:52","Y"
"5368","344","342","banner","1","A","0000-00-00 00:00:00","2025-06-30 21:06:55","N"
"5369","344","245","program_overview","2","A","2025-06-30 20:56:56",NULL,"N"
"5370","344","245","promotional_video","3","A","2025-06-30 20:56:56",NULL,"N"
"5371","344","3331","textcontent","4","A","2025-06-30 20:57:31",NULL,"Y"
"5372","344","3332","textcontent","5","A","2025-06-30 20:58:22","2025-06-30 20:06:51","Y"
"5373","344","3333","textcontent","6","A","2025-06-30 21:01:33",NULL,"Y"
"5374","344","3334","textcontent","7","A","2025-06-30 21:03:08",NULL,"Y"
"5375","344","3335","textcontent","8","A","2025-06-30 21:03:59",NULL,"Y"
"5376","344","3336","textcontent","9","A","2025-06-30 21:05:40","2025-08-20 00:08:53","Y"
"5377","344","319","course_plan","10","A","2025-06-30 21:08:47",NULL,"Y"
"5378","345","343","banner","1","A","0000-00-00 00:00:00","2025-07-07 23:07:01","N"
"5379","345","246","program_overview","2","A","2025-07-07 23:10:45",NULL,"N"
"5380","345","246","promotional_video","3","A","2025-07-07 23:10:45",NULL,"N"
"5381","345","3337","textcontent","4","A","2025-07-07 23:11:14",NULL,"Y"
"5382","345","3338","textcontent","5","A","2025-07-07 23:14:10","2025-07-07 23:07:50","Y"
"5383","345","3339","textcontent","6","A","2025-07-07 23:19:14",NULL,"Y"
"5384","345","3340","textcontent","7","A","2025-07-07 23:21:41",NULL,"Y"
"5385","345","3341","textcontent","8","A","2025-07-07 23:23:31",NULL,"Y"
"5386","345","3342","textcontent","9","A","2025-07-07 23:25:38",NULL,"Y"
"5387","345","320","course_plan","10","A","2025-07-07 23:30:23",NULL,"Y"
"5388","346","344","banner","1","A","0000-00-00 00:00:00","2025-07-14 16:07:45","N"
"5389","346","247","program_overview","2","A","2025-07-14 15:56:43",NULL,"N"
"5390","346","247","promotional_video","3","A","2025-07-14 15:56:43",NULL,"N"
"5391","346","3343","textcontent","4","A","2025-07-14 15:57:03",NULL,"Y"
"5392","346","3344","textcontent","5","A","2025-07-14 15:58:31","2025-07-14 16:07:33","Y"
"5393","346","3345","textcontent","6","A","2025-07-14 16:06:32",NULL,"Y"
"5394","346","3346","textcontent","7","A","2025-07-14 16:08:48",NULL,"Y"
"5395","346","3347","textcontent","8","A","2025-07-14 16:10:15",NULL,"Y"
"5396","346","3348","textcontent","9","A","2025-07-14 16:14:19",NULL,"Y"
"5397","346","321","course_plan","10","A","2025-07-14 16:18:42",NULL,"Y"
"5398","347","345","banner","1","A","0000-00-00 00:00:00","2025-07-23 11:07:44","N"
"5399","347","248","program_overview","2","A","2025-07-23 10:42:23",NULL,"N"
"5400","347","248","promotional_video","3","A","2025-07-23 10:42:23",NULL,"N"
"5401","347","3349","textcontent","4","A","2025-07-23 10:54:46",NULL,"Y"
"5402","347","3350","textcontent","5","A","2025-07-23 10:55:50","2025-07-24 10:07:00","Y"
"5403","347","3351","textcontent","6","A","2025-07-23 11:01:55","2025-07-24 16:07:35","Y"
"5404","347","3352","textcontent","7","A","2025-07-23 11:03:28",NULL,"Y"
"5405","347","3353","textcontent","8","A","2025-07-23 11:04:45","2025-07-24 10:07:55","Y"
"5406","347","3354","textcontent","9","A","2025-07-23 11:06:15","2025-07-24 10:07:29","Y"
"5407","347","322","course_plan","10","A","2025-07-23 11:09:41",NULL,"Y"
"5408","348","346","banner","1","A","0000-00-00 00:00:00","2026-01-22 14:01:12","N"
"5409","348","249","program_overview","2","A","2025-07-27 12:08:01",NULL,"N"
"5410","348","249","promotional_video","3","A","2025-07-27 12:08:01",NULL,"N"
"5411","348","3355","textcontent","4","A","2025-07-27 12:14:15","2025-07-27 12:07:31","Y"
"5412","348","3356","textcontent","5","A","2025-07-27 12:18:21","2025-07-27 12:07:16","Y"
"5413","348","3357","textcontent","6","A","2025-07-27 12:29:13","2025-07-27 14:07:28","Y"
"5414","348","323","course_plan","7","A","2025-07-27 12:43:42",NULL,"Y"
"5415","349","347","banner","1","A","0000-00-00 00:00:00","2025-07-29 17:07:06","N"
"5416","349","250","program_overview","2","A","2025-07-29 14:42:17",NULL,"N"
"5417","349","250","promotional_video","3","A","2025-07-29 14:42:17",NULL,"N"
"5418","349","3358","textcontent","4","A","2025-07-29 14:56:08",NULL,"Y"
"5419","349","3359","textcontent","5","A","2025-07-29 15:00:13","2025-07-29 15:07:39","Y"
"5420","349","3360","textcontent","6","A","2025-07-29 15:05:03","2025-07-29 17:07:01","Y"
"5421","349","3361","textcontent","7","A","2025-07-29 15:07:24",NULL,"Y"
"5422","349","3362","textcontent","8","A","2025-07-29 15:09:00",NULL,"Y"
"5423","349","3363","textcontent","9","A","2025-07-29 17:16:07","2025-07-29 17:07:27","Y"
"5424","349","324","course_plan","10","A","2025-07-29 17:21:17",NULL,"Y"
"5425","350","348","banner","1","A","0000-00-00 00:00:00","2025-08-01 00:08:02","N"
"5426","350","251","program_overview","2","A","2025-07-31 23:31:24",NULL,"N"
"5427","350","251","promotional_video","3","A","2025-07-31 23:31:24",NULL,"N"
"5428","350","3364","textcontent","4","A","2025-07-31 23:32:13",NULL,"Y"
"5429","350","3365","textcontent","5","A","2025-07-31 23:33:22","2025-07-31 23:07:39","Y"
"5430","350","3366","textcontent","6","A","2025-07-31 23:40:56",NULL,"Y"
"5431","350","3367","textcontent","7","A","2025-07-31 23:43:20","2025-07-31 23:07:52","Y"
"5432","350","3368","textcontent","8","A","2025-07-31 23:50:14",NULL,"Y"
"5433","350","325","course_plan","9","A","2025-07-31 23:54:11",NULL,"Y"
"5434","351","349","banner","1","A","0000-00-00 00:00:00","2025-08-20 16:08:09","N"
"5435","351","252","program_overview","2","A","2025-08-20 15:53:51",NULL,"N"
"5436","351","252","promotional_video","3","A","2025-08-20 15:53:51",NULL,"N"
"5437","351","3369","textcontent","4","A","2025-08-20 16:01:48",NULL,"Y"
"5438","351","3370","textcontent","5","A","2025-08-20 16:02:51","2025-08-20 16:08:54","Y"
"5439","351","3371","textcontent","6","A","2025-08-20 16:07:25","2025-09-09 11:09:38","Y"
"5440","351","3372","textcontent","7","A","2025-08-20 16:10:59",NULL,"Y"
"5441","351","3373","textcontent","8","A","2025-08-20 16:12:09",NULL,"Y"
"5442","351","3374","textcontent","9","A","2025-08-20 16:15:13",NULL,"Y"
"5443","351","326","course_plan","10","A","2025-08-20 16:20:14",NULL,"Y"
"5444","352","350","banner","1","A","0000-00-00 00:00:00","2025-08-31 13:08:30","N"
"5445","352","253","program_overview","2","A","2025-08-31 13:13:56",NULL,"N"
"5446","352","253","promotional_video","3","A","2025-08-31 13:13:56",NULL,"N"
"5447","352","3375","textcontent","4","A","2025-08-31 13:14:24",NULL,"Y"
"5448","352","3376","textcontent","5","A","2025-08-31 13:18:25","2025-08-31 14:08:59","Y"
"5449","352","3377","textcontent","6","A","2025-08-31 13:22:10","2025-08-31 14:08:03","Y"
"5450","352","327","course_plan","7","A","2025-08-31 13:31:31",NULL,"Y"
"5451","353","351","banner","1","A","0000-00-00 00:00:00","2025-09-05 22:09:15","N"
"5452","353","254","program_overview","2","A","2025-09-05 20:19:53",NULL,"N"
"5453","353","254","promotional_video","3","A","2025-09-05 20:19:53",NULL,"N"
"5454","353","3378","textcontent","4","A","2025-09-05 20:20:16","2025-09-06 10:09:55","Y"
"5455","353","3379","textcontent","5","A","2025-09-05 20:21:06","2025-09-05 20:09:12","Y"
"5456","353","3380","textcontent","6","A","2025-09-05 20:25:59",NULL,"Y"
"5457","353","3381","textcontent","7","A","2025-09-05 20:28:23",NULL,"Y"
"5458","353","3382","textcontent","8","A","2025-09-05 20:30:56","2025-09-06 08:09:54","Y"
"5459","353","328","course_plan","9","A","2025-09-05 20:33:39",NULL,"Y"
"5460","354","352","banner","1","A","0000-00-00 00:00:00","2025-09-06 08:09:30","N"
"5461","354","255","program_overview","2","A","2025-09-06 08:36:48",NULL,"N"
"5462","354","255","promotional_video","3","A","2025-09-06 08:36:48",NULL,"N"
"5463","354","3383","textcontent","4","A","2025-09-06 08:37:34","2025-09-06 08:09:55","Y"
"5464","354","3384","textcontent","5","A","2025-09-06 08:39:04","2025-09-06 08:09:36","Y"
"5465","354","3385","textcontent","6","A","2025-09-06 08:43:31",NULL,"Y"
"5466","354","3386","textcontent","7","A","2025-09-06 08:45:09","2025-09-06 10:09:55","Y"
"5467","354","3387","textcontent","8","A","2025-09-06 08:47:27",NULL,"Y"
"5468","354","329","course_plan","9","A","2025-09-06 08:50:29",NULL,"Y"
"5469","355","353","banner","1","A","0000-00-00 00:00:00","2025-09-13 14:09:12","N"
"5470","355","256","program_overview","2","A","2025-09-12 18:41:18","2025-09-13 14:09:12","N"
"5471","355","256","promotional_video","3","A","2025-09-12 18:41:18","2025-09-13 14:09:12","N"
"5472","355","3388","textcontent","4","A","2025-09-12 18:42:38","2025-09-13 14:09:12","Y"
"5473","355","3389","textcontent","5","A","2025-09-12 18:44:00","2025-09-16 09:09:50","Y"
"5474","355","3390","textcontent","7","A","2025-09-12 18:49:14","2025-09-13 14:09:12","Y"
"5475","355","3391","textcontent","8","A","2025-09-12 18:51:04","2025-09-13 14:09:12","Y"
"5476","355","3392","textcontent","9","A","2025-09-12 18:52:08","2025-09-13 14:09:12","Y"
"5477","355","3393","textcontent","10","A","2025-09-12 18:53:43","2025-09-13 14:09:12","Y"
"5478","355","330","course_plan","11","A","2025-09-12 19:10:32","2025-09-13 14:09:12","Y"
"5479","355","3394","textcontent","6","A","2025-09-13 14:49:26","2025-09-13 14:09:12","Y"
"5480","356","354","banner","1","A","0000-00-00 00:00:00","2025-09-17 18:09:11","N"
"5481","356","257","program_overview","2","A","2025-09-15 18:36:46",NULL,"N"
"5482","356","257","promotional_video","3","A","2025-09-15 18:36:46",NULL,"N"
"5483","356","3395","textcontent","4","A","2025-09-15 18:37:47",NULL,"Y"
"5484","356","3396","textcontent","5","A","2025-09-15 18:38:57",NULL,"Y"
"5485","356","3397","textcontent","6","A","2025-09-17 15:42:24",NULL,"Y"
"5486","356","3398","textcontent","7","A","2025-09-17 15:44:14",NULL,"Y"
"5487","356","3399","textcontent","8","A","2025-09-17 15:47:50",NULL,"Y"
"5488","356","3400","textcontent","9","A","2025-09-17 15:50:11",NULL,"Y"
"5489","356","3401","textcontent","10","A","2025-09-17 15:53:18","2025-09-17 18:09:57","Y"
"5490","356","3402","textcontent","11","A","2025-09-17 15:55:06",NULL,"Y"
"5491","356","3403","textcontent","12","A","2025-09-17 15:56:56",NULL,"Y"
"5492","356","3404","textcontent","13","A","2025-09-17 15:59:56",NULL,"Y"
"5493","356","3405","textcontent","14","A","2025-09-17 16:02:58",NULL,"Y"
"5494","356","3406","textcontent","15","A","2025-09-17 16:05:44",NULL,"Y"
"5495","356","121","faq","16","A","2025-09-17 18:19:48","2025-09-17 18:09:15","Y"
"5496","356","331","course_plan","17","A","2025-09-17 18:27:08",NULL,"Y"
"5497","357","355","banner","1","A","0000-00-00 00:00:00","2025-09-17 21:09:48","N"
"5498","357","258","program_overview","2","A","2025-09-17 20:54:10",NULL,"N"
"5499","357","258","promotional_video","3","A","2025-09-17 20:54:10",NULL,"N"
"5500","357","3407","textcontent","4","A","2025-09-17 20:54:43",NULL,"Y"
"5501","357","3408","textcontent","5","A","2025-09-17 20:56:04","2025-09-17 20:09:52","Y"
"5502","357","3409","textcontent","6","A","2025-09-17 20:59:08",NULL,"Y"
"5503","357","3410","textcontent","7","A","2025-09-17 21:01:10",NULL,"Y"
"5504","357","3411","textcontent","8","A","2025-09-17 21:02:08",NULL,"Y"
"5505","357","3412","textcontent","9","A","2025-09-17 21:04:15",NULL,"Y"
"5506","357","332","course_plan","10","A","2025-09-17 21:08:09",NULL,"Y"
"5507","358","356","banner","1","A","0000-00-00 00:00:00","2025-09-22 17:09:47","N"
"5508","358","259","program_overview","2","A","2025-09-22 17:09:26",NULL,"N"
"5509","358","259","promotional_video","3","A","2025-09-22 17:09:26",NULL,"N"
"5510","358","3413","textcontent","4","A","2025-09-22 17:09:57",NULL,"Y"
"5511","358","3414","textcontent","5","A","2025-09-22 17:10:41","2025-09-22 17:09:26","Y"
"5512","358","3415","textcontent","6","A","2025-09-22 17:15:02",NULL,"Y"
"5513","358","3416","textcontent","7","A","2025-09-22 17:16:41","2025-09-22 20:09:05","Y"
"5514","358","3417","textcontent","8","A","2025-09-22 17:18:09",NULL,"Y"
"5515","358","333","course_plan","9","A","2025-09-22 17:27:24",NULL,"Y"
"5516","359","357","banner","1","A","0000-00-00 00:00:00","2025-10-05 14:10:12","N"
"5517","359","260","program_overview","2","A","2025-10-05 13:35:52",NULL,"N"
"5518","359","260","promotional_video","3","A","2025-10-05 13:35:52",NULL,"N"
"5519","359","3418","textcontent","4","A","2025-10-05 13:36:24",NULL,"Y"
"5520","359","3419","textcontent","5","A","2025-10-05 13:39:17","2025-10-05 13:10:45","Y"
"5521","359","3420","textcontent","6","A","2025-10-05 13:48:07",NULL,"Y"
"5522","359","3421","textcontent","7","A","2025-10-05 13:52:06","2025-10-14 22:10:13","Y"
"5523","359","3422","textcontent","8","A","2025-10-05 13:57:44",NULL,"Y"
"5524","359","334","course_plan","9","A","2025-10-05 14:08:39",NULL,"Y"
"5525","360","358","banner","1","A","0000-00-00 00:00:00","2025-10-10 13:10:14","N"
"5526","360","261","program_overview","2","A","2025-10-10 12:45:53",NULL,"N"
"5527","360","261","promotional_video","3","A","2025-10-10 12:45:53",NULL,"N"
"5528","360","3423","textcontent","4","A","2025-10-10 12:46:27",NULL,"Y"
"5529","360","3424","textcontent","5","A","2025-10-10 12:47:48","2025-10-10 12:10:21","Y"
"5530","360","3425","textcontent","6","A","2025-10-10 13:03:16","2025-10-10 17:10:57","Y"
"5531","360","3426","textcontent","7","A","2025-10-10 13:04:27",NULL,"Y"
"5532","360","3427","textcontent","8","A","2025-10-10 13:09:27",NULL,"Y"
"5533","360","335","course_plan","9","A","2025-10-10 13:16:58",NULL,"Y"
"5534","361","359","banner","1","A","0000-00-00 00:00:00","2025-10-17 10:10:08","N"
"5535","361","262","program_overview","2","A","2025-10-17 10:07:47",NULL,"N"
"5536","361","262","promotional_video","3","A","2025-10-17 10:07:47",NULL,"N"
"5537","361","3428","textcontent","4","A","2025-10-17 10:08:11",NULL,"Y"
"5538","361","3429","textcontent","5","A","2025-10-17 10:08:58","2025-10-17 10:10:53","Y"
"5539","361","3430","textcontent","6","A","2025-10-17 10:12:06",NULL,"Y"
"5540","361","3431","textcontent","7","A","2025-10-17 10:16:23",NULL,"Y"
"5541","361","3432","textcontent","8","A","2025-10-17 10:18:49",NULL,"Y"
"5542","361","336","course_plan","9","A","2025-10-17 10:29:14",NULL,"Y"
"5543","362","360","banner","1","A","0000-00-00 00:00:00","2025-10-23 22:10:38","N"
"5544","362","263","program_overview","2","A","2025-10-23 22:34:38",NULL,"N"
"5545","362","263","promotional_video","3","A","2025-10-23 22:34:38",NULL,"N"
"5546","362","3433","textcontent","4","A","2025-10-23 22:36:11",NULL,"Y"
"5547","362","3434","textcontent","5","A","2025-10-23 22:39:12","2025-10-23 22:10:19","Y"
"5548","362","3435","textcontent","6","A","2025-10-23 22:42:57",NULL,"Y"
"5549","362","3436","textcontent","7","A","2025-10-23 22:44:29",NULL,"Y"
"5550","362","3437","textcontent","8","A","2025-10-23 22:45:46",NULL,"Y"
"5551","362","3438","textcontent","9","A","2025-10-23 22:47:10",NULL,"Y"
"5552","362","337","course_plan","10","A","2025-10-23 22:51:19",NULL,"Y"
"5553","363","361","banner","1","A","0000-00-00 00:00:00","2025-11-02 11:11:36","N"
"5554","363","264","program_overview","2","A","2025-11-02 11:58:36",NULL,"N"
"5555","363","264","promotional_video","3","A","2025-11-02 11:58:36",NULL,"N"
"5556","363","3439","textcontent","4","A","2025-11-02 11:59:02",NULL,"Y"
"5557","363","3440","textcontent","5","A","2025-11-02 12:00:11","2025-11-02 12:11:10","Y"
"5558","363","3441","textcontent","6","A","2025-11-02 12:04:06",NULL,"Y"
"5559","363","3442","textcontent","7","A","2025-11-02 12:05:07",NULL,"Y"
"5560","363","3443","textcontent","8","A","2025-11-02 12:15:01",NULL,"Y"
"5561","363","3444","textcontent","9","A","2025-11-02 12:17:12",NULL,"Y"
"5562","363","3445","textcontent","10","A","2025-11-02 12:21:20",NULL,"Y"
"5563","364","362","banner","1","A","0000-00-00 00:00:00","2025-11-02 12:11:55","N"
"5564","364","3446","textcontent","2","P","2025-11-02 12:25:15","2025-11-02 12:11:55","Y"
"5565","364","3447","textcontent","3","A","2025-11-02 12:25:15","2025-11-02 12:11:55","Y"
"5566","364","3448","textcontent","4","A","2025-11-02 12:25:15","2025-11-02 12:11:55","Y"
"5567","364","3449","textcontent","5","A","2025-11-02 12:25:15","2025-11-02 12:11:55","Y"
"5568","364","3450","textcontent","6","A","2025-11-02 12:25:15","2025-11-02 12:11:55","Y"
"5569","364","3451","textcontent","7","A","2025-11-02 12:25:15","2025-11-02 12:11:55","Y"
"5570","364","3452","textcontent","8","A","2025-11-02 12:25:15","2025-12-01 16:12:59","Y"
"5571","364","338","course_plan","9","A","2025-11-02 12:37:41","2025-11-02 12:11:55","Y"
"5572","365","363","banner","1","A","0000-00-00 00:00:00","2025-11-02 20:11:21","N"
"5573","365","265","program_overview","2","A","2025-11-02 19:18:10",NULL,"N"
"5574","365","265","promotional_video","3","A","2025-11-02 19:18:10",NULL,"N"
"5575","365","3453","textcontent","4","A","2025-11-02 19:19:16",NULL,"Y"
"5576","365","3454","textcontent","5","A","2025-11-02 19:25:30","2025-11-02 19:11:53","Y"
"5577","365","3455","textcontent","6","A","2025-11-02 19:28:21",NULL,"Y"
"5578","365","3456","textcontent","7","A","2025-11-02 19:31:28",NULL,"Y"
"5579","365","3457","textcontent","8","A","2025-11-02 20:03:57",NULL,"Y"
"5580","365","3458","textcontent","9","A","2025-11-02 20:05:28",NULL,"Y"
"5581","365","339","course_plan","10","A","2025-11-02 20:09:55",NULL,"Y"
"5582","366","364","banner","1","A","0000-00-00 00:00:00","2025-11-02 21:11:16","N"
"5583","366","266","program_overview","2","A","2025-11-02 20:44:35",NULL,"N"
"5584","366","266","promotional_video","3","A","2025-11-02 20:44:35",NULL,"N"
"5585","366","3459","textcontent","4","A","2025-11-02 20:45:25",NULL,"Y"
"5586","366","3460","textcontent","5","A","2025-11-02 20:47:00","2025-11-02 20:11:20","Y"
"5587","366","3461","textcontent","6","A","2025-11-02 20:50:18","2025-11-02 20:11:41","Y"
"5588","366","3462","textcontent","7","A","2025-11-02 20:53:48",NULL,"Y"
"5589","366","3463","textcontent","8","A","2025-11-02 20:56:57",NULL,"Y"
"5590","366","340","course_plan","9","A","2025-11-02 20:59:23",NULL,"Y"
"5591","367","365","banner","1","A","0000-00-00 00:00:00","2025-11-05 17:11:11","N"
"5592","367","267","program_overview","2","A","2025-11-05 15:53:29","2025-11-05 16:11:44","N"
"5593","367","267","promotional_video","3","A","2025-11-05 15:53:29","2025-11-05 16:11:44","N"
"5594","367","3464","textcontent","4","A","2025-11-05 15:54:18","2025-11-06 13:11:15","Y"
"5595","367","3465","textcontent","5","A","2025-11-05 15:55:11","2025-11-06 13:11:01","Y"
"5596","367","3466","textcontent","6","A","2025-11-05 15:56:19","2025-11-06 14:11:56","Y"
"5597","367","3467","textcontent","7","A","2025-11-05 15:58:12","2026-01-30 18:01:21","Y"
"5598","367","3468","textcontent","8","A","2025-11-05 15:59:39","2025-11-05 16:11:44","Y"
"5599","367","3469","textcontent","10","A","2025-11-05 16:03:04","2025-11-05 16:11:44","Y"
"5600","367","3470","textcontent","11","A","2025-11-05 16:03:25","2025-11-06 13:11:47","Y"
"5601","367","3471","textcontent","12","A","2025-11-05 16:03:54","2025-11-05 16:11:44","Y"
"5602","367","3472","textcontent","13","A","2025-11-05 16:04:16","2025-11-05 16:11:44","Y"
"5603","367","3473","textcontent","14","A","2025-11-05 16:09:24","2026-02-23 17:02:37","Y"
"5604","367","3474","textcontent","15","A","2025-11-05 16:09:50","2025-11-05 16:11:44","Y"
"5605","367","154","faculty","16","A","2025-11-05 16:10:29","2025-11-05 16:11:44","Y"
"5606","367","73","industry","9","A","2025-11-05 16:11:50","2025-11-05 16:11:44","Y"
"5607","367","167","syllabus","17","A","2025-11-05 16:28:58",NULL,"Y"
"5608","367","341","course_plan","18","A","2025-11-05 16:46:10",NULL,"Y"
"5609","368","366","banner","1","A","0000-00-00 00:00:00","2025-11-20 13:11:30","N"
"5610","368","268","program_overview","2","A","2025-11-09 16:41:06","2025-11-20 14:11:03","N"
"5611","368","268","promotional_video","3","A","2025-11-09 16:41:06","2025-11-20 12:11:53","N"
"5612","368","3475","textcontent","6","A","2025-11-09 16:48:38","2025-11-20 12:11:53","Y"
"5613","368","3476","textcontent","7","A","2025-11-09 17:04:42","2025-11-20 12:11:53","Y"
"5614","368","3477","textcontent","8","A","2025-11-09 17:06:38","2025-11-20 12:11:53","Y"
"5615","368","3478","textcontent","9","A","2025-11-09 17:08:37","2025-11-20 12:11:53","Y"
"5616","368","3479","textcontent","10","A","2025-11-09 17:09:57","2025-11-20 12:11:53","Y"
"5617","368","3480","textcontent","11","A","2025-11-09 19:31:19","2025-11-20 12:11:53","Y"
"5618","368","3481","textcontent","12","A","2025-11-09 19:32:39","2025-11-20 12:11:53","Y"
"5619","368","3482","textcontent","13","A","2025-11-09 19:33:19","2025-11-26 11:11:41","Y"
"5620","368","155","faculty","14","A","2025-11-09 19:34:24","2025-11-20 12:11:53","Y"
"5621","368","168","syllabus","15","A","2025-11-09 19:34:31","2025-11-20 12:11:53","Y"
"5622","368","342","course_plan","16","A","2025-11-09 20:02:39","2025-11-20 12:11:53","Y"
"5623","368","3483","textcontent","5","A","2025-11-10 08:50:52","2025-11-20 12:11:53","Y"
"5624","369","367","banner","1","A","0000-00-00 00:00:00","2025-11-22 11:11:49","N"
"5625","369","269","program_overview","2","A","2025-11-19 21:51:47",NULL,"N"
"5626","369","269","promotional_video","3","A","2025-11-19 21:51:47",NULL,"N"
"5627","369","3484","textcontent","4","A","2025-11-19 21:52:45",NULL,"Y"
"5628","369","3485","textcontent","5","A","2025-11-19 21:56:34","2025-11-19 21:11:45","Y"
"5629","369","3486","textcontent","6","A","2025-11-19 22:09:00",NULL,"Y"
"5630","369","3487","textcontent","7","A","2025-11-19 22:12:18",NULL,"Y"
"5631","369","3488","textcontent","8","A","2025-11-19 22:13:48",NULL,"Y"
"5632","369","3489","textcontent","9","A","2025-11-19 22:17:13",NULL,"Y"
"5633","369","343","course_plan","10","A","2025-11-19 22:47:15",NULL,"Y"
"5634","368","3490","textcontent","4","A","2025-11-20 12:32:26","2025-11-20 13:11:53","Y"
"5635","370","368","banner","1","A","0000-00-00 00:00:00","2025-12-04 17:12:53","N"
"5636","370","270","program_overview","2","A","2025-12-04 14:32:29","2025-12-04 17:12:53","N"
"5637","370","270","promotional_video","3","A","2025-12-04 14:32:29","2025-12-04 17:12:53","N"
"5638","370","3491","textcontent","4","A","2025-12-04 16:52:00","2025-12-04 17:12:53","Y"
"5639","370","3492","textcontent","5","A","2025-12-04 16:52:20","2025-12-04 17:12:53","Y"
"5640","370","3493","textcontent","6","A","2025-12-04 16:53:48","2025-12-04 17:12:53","Y"
"5641","370","3494","textcontent","7","A","2025-12-04 16:54:20","2025-12-04 17:12:53","Y"
"5642","370","3495","textcontent","8","A","2025-12-04 16:54:39","2025-12-04 17:12:53","Y"
"5643","370","3496","textcontent","9","A","2025-12-04 16:57:20","2025-12-04 17:12:53","Y"
"5644","370","3497","textcontent","10","A","2025-12-04 17:00:19","2025-12-04 17:12:53","Y"
"5645","370","169","syllabus","12","A","2025-12-04 17:00:48","2025-12-04 17:12:53","Y"
"5646","370","3498","textcontent","11","A","2025-12-04 17:04:43","2025-12-04 17:12:53","Y"
"5647","370","3499","textcontent","13","A","2025-12-04 17:05:10","2025-12-05 12:12:57","Y"
"5648","370","3500","textcontent","14","A","2025-12-04 17:08:27","2025-12-04 17:12:53","Y"
"5649","370","3501","textcontent","15","A","2025-12-04 17:10:01","2025-12-04 17:12:53","Y"
"5650","370","3502","textcontent","16","A","2025-12-04 17:10:29","2025-12-04 17:12:53","Y"
"5651","370","3503","textcontent","17","A","2025-12-04 17:11:15","2025-12-04 17:12:53","Y"
"5652","370","3504","textcontent","18","A","2025-12-04 17:12:07","2025-12-04 17:12:53","Y"
"5653","370","3505","textcontent","19","A","2025-12-04 17:13:18","2025-12-04 17:12:53","Y"
"5654","370","3506","textcontent","20","A","2025-12-04 17:13:43","2025-12-04 17:12:53","Y"
"5655","370","3507","textcontent","21","A","2025-12-04 17:14:01","2025-12-04 17:12:53","Y"
"5656","370","156","faculty","22","A","2025-12-04 17:14:36","2025-12-04 17:12:53","Y"
"5657","370","3508","textcontent","23","A","2025-12-04 17:15:45","2025-12-05 12:12:11","Y"
"5658","370","3509","textcontent","24","A","2025-12-04 17:16:56","2025-12-04 17:12:53","Y"
"5659","370","344","course_plan","25","A","2025-12-04 17:22:23","2025-12-04 17:12:53","Y"
"5660","272","3510","textcontent","8","A","2025-12-07 14:12:51","2025-12-07 14:12:25","Y"
"5661","226","3511","textcontent","9","P","2025-12-07 15:24:31","2026-01-22 20:01:47","Y"
"5662","329","3512","textcontent","12","P","2025-12-07 15:32:55","2026-01-22 20:01:44","Y"
"5663","208","3513","textcontent","14","A","2025-12-07 15:52:03","2026-03-12 14:03:01","Y"
"5664","268","3514","textcontent","9","P","2025-12-07 15:56:01","2026-01-22 20:01:10","Y"
"5665","299","3515","textcontent","11","A","2025-12-07 16:25:27","2026-03-12 12:03:42","Y"
"5666","249","3516","textcontent","7","P","2025-12-07 17:33:58","2026-01-22 20:01:28","Y"
"5667","290","3517","textcontent","7","P","2025-12-07 18:13:18","2026-01-22 20:01:56","Y"
"5668","300","3518","textcontent","13","A","2025-12-07 18:17:15","2025-12-07 18:12:44","Y"
"5669","289","3519","textcontent","6","A","2025-12-07 19:47:24","2026-03-12 13:03:43","N"
"5670","287","3520","textcontent","7","P","2025-12-07 21:04:39","2026-01-22 20:01:09","Y"
"5671","307","3521","textcontent","5","P","2025-12-07 21:18:48","2026-01-22 20:01:19","Y"
"5672","304","3522","textcontent","5","P","2025-12-07 21:33:06","2026-01-22 20:01:38","Y"
"5673","264","3523","textcontent","9","P","2025-12-08 19:17:07","2026-01-22 20:01:18","Y"
"5674","302","3524","textcontent","6","P","2025-12-08 19:19:50","2026-01-22 20:01:00","N"
"5675","229","3525","textcontent","9","P","2025-12-08 19:24:05","2026-01-22 20:01:49","Y"
"5676","222","3526","textcontent","11","P","2025-12-08 19:26:23","2026-01-22 20:01:36","Y"
"5677","221","3527","textcontent","10","A","2025-12-08 19:28:35","2026-03-12 13:03:16","Y"
"5678","313","3528","textcontent","9","P","2025-12-08 19:30:00","2026-01-22 20:01:21","Y"
"5679","260","3529","textcontent","7","P","2025-12-08 19:45:12","2026-01-22 20:01:33","Y"
"5680","296","3530","textcontent","6","P","2025-12-08 19:57:16","2026-01-22 20:01:06","Y"
"5681","72","3531","textcontent","13","P","2025-12-08 19:58:39","2026-01-22 20:01:50","Y"
"5682","281","3532","textcontent","15","P","2025-12-08 20:01:35","2026-01-22 20:01:21","Y"
"5683","316","3533","textcontent","6","P","2025-12-08 21:20:57","2026-01-22 20:01:03","Y"
"5684","335","3534","textcontent","6","P","2025-12-08 21:25:28","2026-01-22 20:01:33","Y"
"5685","371","369","banner","1","A","0000-00-00 00:00:00","2025-12-09 16:12:05","N"
"5686","371","271","program_overview","2","A","2025-12-09 16:14:27",NULL,"N"
"5687","371","271","promotional_video","3","A","2025-12-09 16:14:27",NULL,"N"
"5688","371","3535","textcontent","4","A","2025-12-09 16:15:06",NULL,"Y"
"5689","371","3536","textcontent","5","A","2025-12-09 16:16:26","2025-12-09 16:12:00","Y"
"5690","371","3537","textcontent","6","A","2025-12-09 16:20:26",NULL,"Y"
"5691","371","3538","textcontent","7","A","2025-12-09 16:21:48",NULL,"Y"
"5692","371","3539","textcontent","8","A","2025-12-09 16:23:47",NULL,"Y"
"5693","371","345","course_plan","9","A","2025-12-09 16:29:34",NULL,"Y"
"5694","372","370","banner","1","A","0000-00-00 00:00:00","2025-12-12 14:12:27","N"
"5695","372","272","program_overview","2","A","2025-12-10 18:08:49",NULL,"N"
"5696","372","272","promotional_video","3","A","2025-12-10 18:08:49",NULL,"N"
"5697","336","3540","textcontent","9","P","2025-12-11 15:19:34","2026-01-22 20:01:59","Y"
"5698","181","3541","textcontent","12","P","2025-12-11 15:24:16","2026-01-22 20:01:33","Y"
"5699","372","3542","textcontent","4","A","2025-12-12 13:47:30","2025-12-12 14:12:05","Y"
"5700","372","3543","textcontent","5","A","2025-12-12 13:48:09","2025-12-12 13:12:47","Y"
"5701","372","3544","textcontent","6","A","2025-12-12 13:50:40",NULL,"Y"
"5702","372","3545","textcontent","7","A","2025-12-12 13:51:53",NULL,"Y"
"5703","372","3546","textcontent","8","A","2025-12-12 13:53:02",NULL,"Y"
"5704","372","3547","textcontent","9","A","2025-12-12 13:56:02",NULL,"Y"
"5705","372","3548","textcontent","10","A","2025-12-12 14:02:03",NULL,"Y"
"5706","372","3549","textcontent","11","A","2025-12-12 14:04:19",NULL,"Y"
"5707","372","3550","textcontent","12","A","2025-12-12 14:05:03",NULL,"Y"
"5708","372","3551","textcontent","13","A","2025-12-12 14:06:16",NULL,"Y"
"5709","372","3552","textcontent","14","A","2025-12-12 14:06:42",NULL,"Y"
"5710","372","170","syllabus","15","A","2025-12-12 14:07:44",NULL,"Y"
"5711","372","3553","textcontent","16","A","2025-12-12 14:16:26",NULL,"Y"
"5712","372","3554","textcontent","17","A","2025-12-12 14:16:55",NULL,"Y"
"5713","372","3555","textcontent","18","A","2025-12-12 14:18:33",NULL,"Y"
"5714","372","157","faculty","19","A","2025-12-12 14:19:07","2025-12-12 14:12:43","Y"
"5715","372","3556","textcontent","20","A","2025-12-12 14:24:39","2025-12-12 16:12:43","Y"
"5716","373","371","banner","1","A","0000-00-00 00:00:00","2025-12-12 15:12:57","N"
"5717","373","273","program_overview","2","A","2025-12-12 14:26:12",NULL,"N"
"5718","373","273","promotional_video","3","A","2025-12-12 14:26:12",NULL,"N"
"5719","373","3557","textcontent","4","A","2025-12-12 14:26:55",NULL,"Y"
"5720","372","346","course_plan","21","A","2025-12-12 14:30:34",NULL,"Y"
"5721","372","3558","textcontent","22","A","2025-12-12 14:30:58",NULL,"Y"
"5722","373","3559","textcontent","5","A","2025-12-12 14:58:59","2025-12-12 15:12:50","Y"
"5723","373","3560","textcontent","6","A","2025-12-12 15:04:58",NULL,"Y"
"5724","373","3561","textcontent","7","A","2025-12-12 15:08:16","2025-12-12 15:12:08","Y"
"5725","373","3562","textcontent","8","A","2025-12-12 15:14:47","2025-12-12 15:12:16","Y"
"5726","373","347","course_plan","9","A","2025-12-12 15:40:40",NULL,"Y"
"5727","374","372","banner","1","A","0000-00-00 00:00:00","2025-12-12 17:12:46","N"
"5728","374","274","program_overview","2","A","2025-12-12 16:32:05","2025-12-12 17:12:13","N"
"5729","374","274","promotional_video","3","A","2025-12-12 16:32:05","2025-12-12 17:12:13","N"
"5730","374","3563","textcontent","4","A","2025-12-12 16:32:35","2025-12-12 17:12:13","Y"
"5731","374","3564","textcontent","5","A","2025-12-12 16:32:59","2025-12-12 17:12:13","Y"
"5732","374","3565","textcontent","6","A","2025-12-12 16:34:12","2025-12-12 17:12:13","Y"
"5733","374","3566","textcontent","7","A","2025-12-12 16:46:20","2025-12-12 17:12:13","Y"
"5734","374","3567","textcontent","8","A","2025-12-12 16:47:27","2025-12-12 17:12:13","Y"
"5735","374","3568","textcontent","9","A","2025-12-12 16:50:45","2025-12-12 17:12:13","Y"
"5736","374","3569","textcontent","10","A","2025-12-12 16:56:10","2025-12-12 17:12:13","Y"
"5737","374","348","course_plan","11","A","2025-12-12 17:09:05","2025-12-12 17:12:13","Y"
"5738","375","373","banner","1","A","0000-00-00 00:00:00","2026-01-16 16:01:11","N"
"5739","375","275","program_overview","2","A","2026-01-16 13:30:19",NULL,"N"
"5740","375","275","promotional_video","3","A","2026-01-16 13:30:19",NULL,"N"
"5741","375","3570","textcontent","4","A","2026-01-16 13:30:45",NULL,"Y"
"5742","375","3571","textcontent","5","A","2026-01-16 13:32:51","2026-01-16 13:01:52","Y"
"5743","375","3572","textcontent","6","A","2026-01-16 13:51:31","2026-01-22 13:01:10","Y"
"5744","375","3573","textcontent","7","A","2026-01-16 14:05:22","2026-01-22 13:01:03","Y"
"5745","375","3574","textcontent","8","A","2026-01-16 14:07:40",NULL,"Y"
"5746","375","3575","textcontent","9","A","2026-01-16 14:11:24","2026-01-22 13:01:52","Y"
"5747","375","349","course_plan","10","A","2026-01-16 14:16:07",NULL,"Y"
"5748","376","374","banner","1","A","0000-00-00 00:00:00","2026-01-23 10:01:48","N"
"5749","376","276","program_overview","2","A","2026-01-23 09:58:58",NULL,"N"
"5750","376","276","promotional_video","3","A","2026-01-23 09:58:58",NULL,"N"
"5751","376","3576","textcontent","4","A","2026-01-23 10:00:00",NULL,"Y"
"5752","376","3577","textcontent","5","A","2026-01-23 10:01:00","2026-01-23 10:01:37","Y"
"5753","376","3578","textcontent","6","A","2026-01-23 10:05:39",NULL,"Y"
"5754","376","3579","textcontent","7","A","2026-01-23 10:06:56",NULL,"Y"
"5755","376","3580","textcontent","8","A","2026-01-23 10:09:27",NULL,"Y"
"5756","376","350","course_plan","9","A","2026-01-23 10:12:06",NULL,"Y"
"5757","377","375","banner","1","A","0000-00-00 00:00:00","2026-01-23 10:01:19","N"
"5758","377","277","program_overview","2","A","2026-01-23 10:36:29",NULL,"N"
"5759","377","277","promotional_video","3","A","2026-01-23 10:36:29",NULL,"N"
"5760","377","3581","textcontent","4","A","2026-01-23 10:37:13",NULL,"Y"
"5761","377","3582","textcontent","5","A","2026-01-23 10:38:29","2026-01-23 10:01:58","Y"
"5762","377","3583","textcontent","6","A","2026-01-23 10:40:46","2026-01-23 12:01:20","Y"
"5763","377","3584","textcontent","7","A","2026-01-23 10:42:07",NULL,"Y"
"5764","377","3585","textcontent","8","A","2026-01-23 10:42:49","2026-01-23 12:01:00","Y"
"5765","377","351","course_plan","9","A","2026-01-23 10:47:53",NULL,"Y"
"5766","163","3586","textcontent","4","A","2026-01-29 21:28:29","2026-01-29 21:01:45","Y"
"5767","163","3587","textcontent","5","A","2026-01-29 21:33:40","2026-01-29 21:01:45","Y"
"5768","163","42","testimonials","16","A","2026-01-29 21:56:33","2026-01-29 22:01:13","Y"
"5769","378","376","banner","1","A","0000-00-00 00:00:00","2026-02-06 11:02:02","N"
"5770","378","278","program_overview","2","A","2026-02-06 07:26:28","2026-02-06 11:02:13","N"
"5771","378","278","promotional_video","3","A","2026-02-06 07:26:28","2026-02-06 11:02:13","N"
"5772","378","3588","textcontent","4","A","2026-02-06 07:27:09","2026-02-06 11:02:13","Y"
"5773","378","3589","textcontent","5","A","2026-02-06 07:34:01","2026-02-06 11:02:13","Y"
"5774","378","3590","textcontent","6","A","2026-02-06 07:37:10","2026-02-06 11:02:13","Y"
"5775","378","3591","textcontent","7","A","2026-02-06 07:40:09","2026-02-06 11:02:13","Y"
"5776","378","3592","textcontent","8","A","2026-02-06 07:41:25","2026-02-06 11:02:13","Y"
"5777","378","3593","textcontent","9","A","2026-02-06 07:42:35","2026-02-06 11:02:13","Y"
"5778","378","352","course_plan","10","A","2026-02-06 11:20:35","2026-02-06 11:02:13","Y"
"5779","379","377","banner","1","A","0000-00-00 00:00:00","2026-02-19 14:02:25","N"
"5780","379","279","program_overview","2","A","2026-02-19 14:45:25",NULL,"N"
"5781","379","279","promotional_video","3","A","2026-02-19 14:45:25",NULL,"N"
"5782","379","3594","textcontent","4","A","2026-02-19 14:46:04",NULL,"Y"
"5783","379","3595","textcontent","5","A","2026-02-19 14:47:31","2026-02-19 14:02:08","Y"
"5784","379","3596","textcontent","6","A","2026-02-19 14:54:46",NULL,"Y"
"5785","379","3597","textcontent","7","A","2026-02-19 14:59:47",NULL,"Y"
"5786","379","3598","textcontent","8","A","2026-02-19 15:05:04",NULL,"Y"
"5787","379","3599","textcontent","9","A","2026-02-19 15:06:55",NULL,"Y"
"5788","380","378","banner","1","A","0000-00-00 00:00:00","2026-02-19 15:02:41","N"
"5789","380","3600","textcontent","2","P","2026-02-19 15:15:13","2026-02-19 15:02:41","Y"
"5790","380","3601","textcontent","3","A","2026-02-19 15:15:13","2026-02-19 15:02:41","Y"
"5791","380","3602","textcontent","4","A","2026-02-19 15:15:13","2026-02-19 15:02:45","Y"
"5792","380","3603","textcontent","5","A","2026-02-19 15:15:13","2026-02-19 15:02:41","Y"
"5793","380","3604","textcontent","6","A","2026-02-19 15:15:13","2026-02-19 15:02:41","Y"
"5794","380","3605","textcontent","7","A","2026-02-19 15:15:13","2026-02-19 15:02:41","Y"
"5795","380","353","course_plan","8","A","2026-02-19 15:29:18","2026-02-19 15:02:41","Y"
"5796","99","3606","textcontent","86","A","2026-02-19 17:53:24","2026-02-23 15:02:28","Y"
"5797","381","379","banner","1","A","0000-00-00 00:00:00","2026-02-23 13:02:21","N"
"5798","381","280","program_overview","2","A","2026-02-23 13:40:24",NULL,"N"
"5799","381","280","promotional_video","3","A","2026-02-23 13:40:24",NULL,"N"
"5800","381","3607","textcontent","4","A","2026-02-23 13:40:46","2026-02-23 13:02:55","Y"
"5801","381","3608","textcontent","5","A","2026-02-23 13:41:38","2026-02-23 13:02:30","Y"
"5802","381","3609","textcontent","6","A","2026-02-23 13:44:27",NULL,"Y"
"5803","381","3610","textcontent","7","A","2026-02-23 13:45:59",NULL,"Y"
"5804","381","3611","textcontent","8","A","2026-02-23 13:47:39",NULL,"Y"
"5805","381","3612","textcontent","9","A","2026-02-23 13:51:27",NULL,"Y"
"5806","381","354","course_plan","10","A","2026-02-23 13:53:41",NULL,"Y"
"5807","249","95","quick_overview","13","A","2026-03-12 17:01:48",NULL,"Y"
"5808","99","3613","textcontent","87","A","2026-03-12 17:11:13",NULL,"Y"
"5809","382","380","banner","1","A","0000-00-00 00:00:00","2026-04-09 10:04:55","N"
"5810","382","281","program_overview","2","A","2026-04-09 10:02:21",NULL,"N"
"5811","382","281","promotional_video","3","A","2026-04-09 10:02:21",NULL,"N"
"5812","382","3614","textcontent","4","A","2026-04-09 10:03:10",NULL,"Y"
"5813","382","3615","textcontent","5","A","2026-04-09 10:04:18","2026-04-09 10:04:05","Y"
"5814","382","3616","textcontent","6","A","2026-04-09 10:10:34",NULL,"Y"
"5815","382","3617","textcontent","7","A","2026-04-09 10:12:47","2026-04-09 12:04:58","Y"
"5816","382","3618","textcontent","8","A","2026-04-09 10:17:07",NULL,"Y"
"5817","382","355","course_plan","9","A","2026-04-09 10:30:55",NULL,"Y"
"5818","383","381","banner","1","A","0000-00-00 00:00:00","2026-04-09 12:04:30","N"
"5819","383","282","program_overview","2","A","2026-04-09 10:51:43",NULL,"N"
"5820","383","282","promotional_video","3","A","2026-04-09 10:51:43",NULL,"N"
"5821","383","3619","textcontent","4","A","2026-04-09 11:43:19",NULL,"Y"
"5822","383","3620","textcontent","5","A","2026-04-09 11:58:28","2026-04-09 12:04:53","Y"
"5823","383","3621","textcontent","6","A","2026-04-09 12:02:41","2026-04-09 12:04:52","Y"
"5824","383","3622","textcontent","7","A","2026-04-09 12:03:53",NULL,"Y"
"5825","383","3623","textcontent","8","A","2026-04-09 12:05:28","2026-04-09 12:04:10","Y"
"5826","383","3624","textcontent","9","A","2026-04-09 12:09:30","2026-04-09 12:04:33","Y"
"5827","383","356","course_plan","10","A","2026-04-09 12:15:51",NULL,"Y"
"5828","384","382","banner","1","A","0000-00-00 00:00:00","2026-05-06 15:05:13","N"
"5829","384","283","program_overview","2","A","2026-05-06 15:08:43",NULL,"N"
"5830","384","283","promotional_video","3","A","2026-05-06 15:08:43",NULL,"N"
"5831","384","3625","textcontent","4","A","2026-05-06 15:09:28",NULL,"Y"
"5832","384","3626","textcontent","5","A","2026-05-06 15:10:07","2026-05-06 15:05:36","Y"
"5833","384","3627","textcontent","6","A","2026-05-06 15:22:26","2026-05-06 18:05:37","Y"
"5834","384","3628","textcontent","7","A","2026-05-06 15:23:24","2026-05-06 18:05:46","Y"
"5835","384","3629","textcontent","8","A","2026-05-06 15:24:39","2026-05-07 21:05:25","Y"
"5836","384","357","course_plan","9","A","2026-05-06 15:29:05",NULL,"Y"
"5837","385","383","banner","1","A","0000-00-00 00:00:00","2026-05-06 19:05:15","N"
"5838","385","284","program_overview","2","A","2026-05-06 18:34:46",NULL,"N"
"5839","385","284","promotional_video","3","A","2026-05-06 18:34:46",NULL,"N"
"5840","385","3630","textcontent","4","A","2026-05-06 18:36:05",NULL,"Y"
"5841","385","3631","textcontent","5","A","2026-05-06 18:52:57",NULL,"Y"
"5842","385","3632","textcontent","6","A","2026-05-06 19:07:40","2026-05-06 20:05:50","Y"
"5843","385","3633","textcontent","7","A","2026-05-06 19:12:33",NULL,"Y"
"5844","385","3634","textcontent","8","A","2026-05-06 19:24:38","2026-05-06 20:05:25","Y"
"5845","385","3635","textcontent","9","D","2026-05-06 19:24:39","2026-05-06 19:05:16","Y"
"5846","385","358","course_plan","10","A","2026-05-06 19:34:39",NULL,"Y"
"5847","386","384","banner","1","A","0000-00-00 00:00:00","2026-05-14 20:05:50","N"
"5848","386","285","program_overview","2","A","2026-05-14 18:39:08",NULL,"N"
"5849","386","285","promotional_video","3","A","2026-05-14 18:39:08",NULL,"N"
"5850","386","3636","textcontent","4","A","2026-05-14 18:40:54","2026-05-14 19:05:51","Y"
"5851","386","3637","textcontent","5","A","2026-05-14 19:14:53",NULL,"Y"
"5852","386","3638","textcontent","6","A","2026-05-14 19:19:11",NULL,"Y"
"5853","386","3639","textcontent","7","A","2026-05-14 19:33:05",NULL,"Y"
"5854","386","359","course_plan","8","A","2026-05-14 19:57:49",NULL,"Y"
"5855","387","385","banner","1","A","0000-00-00 00:00:00","2026-05-26 01:05:23","N"
"5856","387","286","program_overview","2","A","2026-05-26 01:04:41",NULL,"N"
"5857","387","286","promotional_video","3","A","2026-05-26 01:04:41",NULL,"N"
"5858","387","3640","textcontent","4","A","2026-05-26 01:05:55",NULL,"Y"
"5859","387","3641","textcontent","5","A","2026-05-26 01:10:30","2026-05-26 02:05:56","Y"
"5860","387","3642","textcontent","6","A","2026-05-26 01:11:21",NULL,"Y"
"5861","387","3643","textcontent","7","A","2026-05-26 01:13:41","2026-05-26 02:05:55","Y"
"5862","387","3644","textcontent","8","A","2026-05-26 01:26:50",NULL,"Y"
"5863","387","3645","textcontent","9","A","2026-05-26 01:28:11","2026-05-26 02:05:31","Y"
"5864","387","3646","textcontent","10","A","2026-05-26 01:33:00","2026-05-26 01:05:02","Y"
"5865","387","3647","textcontent","11","D","2026-05-26 01:33:48","2026-05-26 01:05:41","Y"
"5866","387","360","course_plan","12","A","2026-05-26 01:46:44","2026-05-26 02:05:04","Y"
"5867","161","3648","textcontent","14","A","2026-05-28 09:57:20","2026-05-28 10:05:50","Y"
"5868","161","3649","textcontent","20","A","2026-05-28 10:44:42","2026-05-28 10:05:50","Y"
"5869","161","3650","textcontent","21","A","2026-05-28 10:45:01","2026-05-28 10:05:50","Y"
"5870","161","3651","textcontent","22","A","2026-05-28 10:45:33","2026-05-28 10:05:50","Y"
"5871","6","3652","textcontent","5","A","2026-06-02 14:03:35","2026-06-02 14:06:41","Y"
"5872","388","386","banner","1","A","0000-00-00 00:00:00","2026-06-04 17:06:42","N"
"5873","388","287","program_overview","2","A","2026-06-04 16:49:15",NULL,"N"
"5874","388","287","promotional_video","3","A","2026-06-04 16:49:15",NULL,"N"
"5875","388","3653","textcontent","4","P","2026-06-04 16:50:26","2026-06-04 17:06:16","Y"
"5876","388","3654","textcontent","5","A","2026-06-04 17:11:12",NULL,"Y"
"5877","388","3655","textcontent","6","A","2026-06-04 17:15:41","2026-06-04 17:06:28","Y"
"5878","388","3656","textcontent","7","A","2026-06-04 17:22:27",NULL,"Y"
"5879","388","3657","textcontent","8","A","2026-06-04 17:25:10",NULL,"Y"
"5880","388","361","course_plan","9","A","2026-06-04 17:32:14",NULL,"Y"
"5881","389","387","banner","1","A","0000-00-00 00:00:00","2026-06-09 16:06:36","N"
"5882","389","288","program_overview","2","A","2026-06-09 15:57:17",NULL,"N"
"5883","389","288","promotional_video","3","A","2026-06-09 15:57:17",NULL,"N"
"5884","389","3658","textcontent","4","A","2026-06-09 15:58:57",NULL,"Y"
"5885","389","3659","textcontent","5","A","2026-06-09 16:01:51","2026-06-17 11:06:43","Y"
"5886","389","3660","textcontent","6","A","2026-06-09 16:16:41","2026-06-09 22:06:44","Y"
"5887","389","3661","textcontent","7","A","2026-06-09 16:20:28",NULL,"Y"
"5888","389","3662","textcontent","8","A","2026-06-09 16:22:40",NULL,"Y"
"5889","389","362","course_plan","9","A","2026-06-09 16:27:37",NULL,"Y"
"5890","390","388","banner","1","A","0000-00-00 00:00:00","2026-06-13 11:06:02","Y"
"5891","390","3663","textcontent","6","P","2026-06-13 10:46:03",NULL,"Y"
"5892","390","3664","textcontent","7","P","2026-06-13 10:46:03",NULL,"Y"
"5893","390","3665","textcontent","8","P","2026-06-13 10:46:03",NULL,"Y"
"5894","390","3666","textcontent","9","P","2026-06-13 10:46:03",NULL,"Y"
"5895","390","3667","textcontent","10","P","2026-06-13 10:46:03",NULL,"Y"
"5896","390","3668","textcontent","11","P","2026-06-13 10:46:03",NULL,"Y"
"5897","390","3669","textcontent","12","P","2026-06-13 10:46:03",NULL,"Y"
"5898","390","3670","textcontent","13","P","2026-06-13 10:46:03",NULL,"Y"
"5899","390","158","faculty","14","P","2026-06-13 10:46:03",NULL,"Y"
"5900","390","171","syllabus","15","P","2026-06-13 10:46:03",NULL,"Y"
"5901","390","363","course_plan","16","P","2026-06-13 10:46:03",NULL,"Y"
"5902","390","3671","textcontent","5","P","2026-06-13 10:46:03",NULL,"Y"
"5903","390","3672","textcontent","4","P","2026-06-13 10:46:03",NULL,"Y"
"5904","391","389","banner","1","A","0000-00-00 00:00:00","2026-06-15 18:06:54","N"
"5905","391","289","program_overview","2","A","2026-06-13 11:24:15","2026-06-15 16:06:52","N"
"5906","391","289","promotional_video","3","A","2026-06-13 11:24:15",NULL,"N"
"5907","391","3673","textcontent","4","A","2026-06-13 18:00:21",NULL,"Y"
"5908","391","3674","textcontent","5","A","2026-06-13 18:04:17",NULL,"Y"
"5909","391","3675","textcontent","6","A","2026-06-13 18:04:52",NULL,"Y"
"5910","391","3676","textcontent","7","A","2026-06-13 18:05:23",NULL,"Y"
"5911","391","3677","textcontent","8","A","2026-06-13 18:05:49",NULL,"Y"
"5912","391","3678","textcontent","9","A","2026-06-13 18:06:20",NULL,"Y"
"5913","391","3679","textcontent","10","A","2026-06-13 18:07:00",NULL,"Y"
"5914","391","3680","textcontent","11","A","2026-06-13 18:07:30",NULL,"Y"
"5915","391","3681","textcontent","12","A","2026-06-13 18:14:33",NULL,"Y"
"5916","391","3682","textcontent","13","A","2026-06-13 18:15:05",NULL,"Y"
"5917","391","3683","textcontent","14","A","2026-06-13 18:15:46",NULL,"Y"
"5918","391","159","faculty","15","A","2026-06-13 18:16:41",NULL,"Y"
"5919","391","172","syllabus","16","A","2026-06-13 18:17:11",NULL,"Y"
"5920","391","3684","textcontent","17","D","2026-06-13 21:58:48","2026-06-15 17:06:44","Y"
"5921","391","364","course_plan","18","A","2026-06-15 17:55:37",NULL,"Y"
"5922","392","390","banner","1","A","0000-00-00 00:00:00","2026-06-17 12:06:53","N"
"5923","392","290","program_overview","2","A","2026-06-17 11:03:07",NULL,"N"
"5924","392","290","promotional_video","3","A","2026-06-17 11:03:07",NULL,"N"
"5925","392","3685","textcontent","4","A","2026-06-17 11:04:42",NULL,"Y"
"5926","392","3686","textcontent","5","A","2026-06-17 11:41:50","2026-06-25 19:06:17","Y"
"5927","392","3687","textcontent","6","A","2026-06-17 11:48:54","2026-06-17 11:06:46","Y"
"5928","392","3688","textcontent","7","A","2026-06-17 11:55:01",NULL,"Y"
"5929","392","3689","textcontent","8","A","2026-06-17 12:04:20",NULL,"Y"
"5930","392","365","course_plan","9","A","2026-06-17 12:08:58",NULL,"Y"
"5931","393","391","banner","1","A","0000-00-00 00:00:00","2026-06-20 14:06:49","N"
"5932","393","291","program_overview","2","A","2026-06-20 14:55:49",NULL,"N"
"5933","393","291","promotional_video","3","A","2026-06-20 14:55:49",NULL,"N"
"5934","393","3690","textcontent","4","A","2026-06-20 15:04:07",NULL,"Y"
"5935","393","3691","textcontent","5","A","2026-06-20 15:10:54","2026-06-20 15:06:12","Y"
"5936","393","3692","textcontent","6","A","2026-06-20 16:40:32","2026-06-22 12:06:00","Y"
"5937","393","3693","textcontent","7","A","2026-06-22 14:06:17",NULL,"Y"
"5938","393","3694","textcontent","8","A","2026-06-22 14:09:05","2026-06-23 23:06:46","Y"
"5939","394","392","banner","1","A","0000-00-00 00:00:00","2026-06-23 23:06:36","N"
"5940","394","292","program_overview","2","A","2026-06-23 23:33:50",NULL,"N"
"5941","394","292","promotional_video","3","A","2026-06-23 23:33:50",NULL,"N"
"5942","394","3695","textcontent","4","A","2026-06-23 23:35:49",NULL,"Y"
"5943","394","3696","textcontent","5","A","2026-06-23 23:38:29","2026-06-23 23:06:39","Y"
"5944","394","3697","textcontent","6","A","2026-06-23 23:44:00",NULL,"Y"
"5945","394","3698","textcontent","7","A","2026-06-23 23:49:18",NULL,"Y"
"5946","394","3699","textcontent","8","A","2026-06-23 23:51:56","2026-06-23 23:06:27","Y"
"5947","393","366","course_plan","9","A","2026-06-24 12:03:24",NULL,"Y"
"5948","394","367","course_plan","9","A","2026-06-24 12:08:10",NULL,"Y"
"5949","395","393","banner","1","A","0000-00-00 00:00:00","2026-06-26 18:06:48","N"
"5950","395","293","program_overview","2","A","2026-06-25 19:22:12",NULL,"N"
"5951","395","293","promotional_video","3","A","2026-06-25 19:22:12",NULL,"N"
"5952","395","3700","textcontent","4","A","2026-06-25 19:23:01",NULL,"Y"
"5953","395","3701","textcontent","5","A","2026-06-25 19:23:49","2026-06-25 19:06:00","Y"
"5954","395","3702","textcontent","6","A","2026-06-25 19:28:44",NULL,"Y"
"5955","395","3703","textcontent","7","D","2026-06-26 18:19:57","2026-06-26 18:06:12","Y"
"5956","395","3704","textcontent","8","A","2026-06-26 18:19:59",NULL,"Y"
"5957","395","3705","textcontent","9","A","2026-06-26 18:24:37","2026-06-28 00:06:48","Y"
"5958","395","368","course_plan","10","A","2026-06-26 18:27:18",NULL,"Y"
