"id","course_id","module_name","added_date","modified_date","status"
"1","1","Structuring a Business","2019-10-17 03:03:35",NULL,"A"
"2","1","Taxation, basic accounting and import-export","2019-10-17 03:06:21",NULL,"A"
"3","2","ORIENTATION AND TOOLS FOR EFFECTIVE CONTRACT DRAFTING","2019-10-19 01:40:41","2019-10-23 05:31:49","A"
"22","7","TAX ON BUSINESS INCOME","2019-10-22 12:42:49",NULL,"A"
"23","7","TAX ON EXECUTIVE REMUNERATION","2019-10-22 12:45:10",NULL,"A"
"24","7","TAX DEDUCTION AT SOURCE/ WITHHOLDING TAX","2019-10-22 12:46:32",NULL,"A"
"25","7","DEDUCTIBILITY OF BUSINESS AND PROFESSIONAL EXPENSE","2019-10-22 12:48:21",NULL,"A"
"26","7","TAX ON M&A AND OTHER BUSINESS TRANSACTIONS","2019-10-22 12:50:02",NULL,"A"
"27","7","BENAMI TRANSACTIONS AND BLACK MONEY LAW","2019-10-22 12:52:02",NULL,"A"
"28","7","HOW TO COMPLY WITH TAX LAWS","2019-10-22 12:58:14",NULL,"A"
"29","7","CONSEQUENCES OF VIOLATION OF TAX LAWS","2019-10-22 12:59:19",NULL,"A"
"30","7","INTERNATIONAL TAXATION AND DTAAS","2019-10-22 01:01:34",NULL,"A"
"31","7","TAX HAVENS AND STRUCTURING","2019-10-22 01:05:07",NULL,"A"
"32","7","ADVANCED ISSUES IN INTERNATIONAL TAX","2019-10-22 01:08:22",NULL,"A"
"33","6","M&A TRANSACTION STRUCTURES AND M&A CONCEPTS","2019-10-22 01:10:12",NULL,"A"
"34","7","INTERNATIONAL TAX: PENALTIES & DISPUTE RESOLUTION","2019-10-22 01:10:41",NULL,"A"
"35","7","INTERNATIONAL TRANSFER PRICING","2019-10-22 01:12:46",NULL,"A"
"36","7","STAMP DUTY","2019-10-22 01:15:26",NULL,"A"
"37","7","GOODS AND SERVICES TAX","2019-10-22 01:17:01",NULL,"A"
"38","6","SHARE ACQUISITIONS AND INVESTMENT TRANSACTIONS","2019-10-22 01:17:44",NULL,"A"
"39","7","TAX LITIGATION: DRAFTING AND FILING BEFORE DIFFERENT AUTHORITIES","2019-10-22 01:20:46",NULL,"A"
"40","6","FDI AND CROSS-BORDER M&A TRANSACTIONS","2019-10-22 01:22:43",NULL,"A"
"41","6","PUBLIC COMPANY M&A: TAKEOVER CODE","2019-10-22 01:26:41",NULL,"A"
"42","6","COURT-APPROVED M&AS AND DEMERGERS","2019-10-22 01:29:48",NULL,"A"
"43","6","EMPLOYMENT ISSUES IN M&A TRANSACTIONS","2019-10-22 01:31:14",NULL,"A"
"44","6","REGULATORY AND TAX ISSUES IN M&A TRANSACTIONS","2019-10-22 01:33:23",NULL,"A"
"45","6","DELISTING","2019-10-22 01:36:37",NULL,"A"
"46","6","DUE DILIGENCE: THE ESSENTIAL PRECURSOR TO AN M&A TRANSACTION","2019-10-22 01:37:55",NULL,"A"
"47","6","DISPUTES AND EXIT","2019-10-22 01:40:30",NULL,"A"
"48","6","INSTITUTIONAL AND DEBT FINANCE","2019-10-22 01:41:24","2019-10-22 01:44:41","A"
"49","5","INTRODUCTION TO INFORMATION TECHNOLOGY LAW","2019-10-22 02:23:30",NULL,"A"
"50","5","INTRODUCTION TO TECHNOLOGY CONTRACTS","2019-10-22 03:26:16","2019-10-22 03:31:37","A"
"51","5","CRITICAL INTERESTS TO BE PROTECTED IN TECHNOLOGY CONTRACTS","2019-10-22 03:31:59",NULL,"A"
"52","5","WEBSITE RELATED AGREEMENTS","2019-10-22 03:37:57",NULL,"A"
"53","8","HOW TO START A COMPANY","2019-10-22 03:39:46",NULL,"A"
"54","5","SOFTWARE DEVELOPMENT, LICENSING AND ACQUISITION","2019-10-22 03:41:56",NULL,"A"
"55","5","E-COMMERCE LAW & CONTRACTS","2019-10-22 03:45:55",NULL,"A"
"56","5","OTHER TECHNOLOGY CONTRACTS","2019-10-22 03:53:53",NULL,"A"
"57","5","PLATFORM AND INTERMEDIARY LIABILITY","2019-10-22 03:56:15","2019-10-22 04:00:57","A"
"58","8","COMPANY OFFICERS AND KEY MANAGERIAL PERSONNEL","2019-10-22 03:59:31",NULL,"A"
"59","5","FINTECH, ARTIFICIAL INTELLIGENCE, MACHINE LEARNING AND THE LAW","2019-10-22 04:01:29","2019-10-22 04:18:39","A"
"61","8","LIABILITIES OF DIRECTORS","2019-10-22 04:15:03",NULL,"A"
"65","5","GDPR, PRIVACY AND DATA SECURITY","2019-10-22 04:20:17",NULL,"A"
"67","5","CYBER CRIMES AND BANKING FRAUDS","2019-10-22 04:26:47",NULL,"A"
"71","5","ONLINE REPUTATION MANAGEMENT","2019-10-22 04:32:03",NULL,"A"
"75","5","ELECTRONIC CONTRACTS AND DIGITAL SIGNATURE","2019-10-22 04:34:24","2019-10-22 04:43:30","A"
"77","5","OUTSOURCING AND LAW","2019-10-22 04:47:57","2020-01-23 04:34:44","A"
"78","8","HOW TO RUN A COMPANY: MANAGEMENT AND ADMINISTRATION","2019-10-22 05:03:15",NULL,"A"
"79","8","CAPITAL MARKETS AND SHARE RELATED DEALINGS","2019-10-22 05:14:56",NULL,"A"
"80","8","MERGERS AND ACQUISITIONS","2019-10-22 05:20:22",NULL,"A"
"81","8","INTER-CORPORATE TRANSACTIONS AND RPTS","2019-10-22 05:26:26","2019-10-22 05:34:41","A"
"82","8","CORPORATE ACCOUNTS AND AUDITORS","2019-10-22 05:34:54",NULL,"A"
"83","8","CORPORATE SOCIAL RESPONSIBILITY","2019-10-22 05:41:00",NULL,"A"
"84","8","HOW TO OBTAIN INFORMATION ABOUT A COMPANY","2019-10-22 05:42:03",NULL,"A"
"85","8","ADMINISTRATIVE AND APPELLATE AUTHORITIES","2019-10-22 05:43:40",NULL,"A"
"86","11","REGULATORY FRAMEWORK FOR THE MEDIA SECTOR","2019-10-22 05:45:10","2019-10-22 05:52:51","A"
"87","8","MINORITY RIGHTS, OPPRESSION & MISMANAGEMENT","2019-10-22 05:45:25",NULL,"A"
"88","8","INSOLVENCY, BANKRUPTCY AND WINDING UP OF A COMPANY","2019-10-22 05:48:01","2019-11-16 05:06:35","A"
"89","11","CONTRACTS AND LICENSING IN MUSIC AND FILM INDUSTRY","2019-10-22 05:55:20",NULL,"A"
"90","11","OTHER CONTRACTS FOR IP MONETIZATION","2019-10-22 05:58:18",NULL,"A"
"91","11","DISPUTES IN THE MEDIA & ENTERTAINMENT SECTOR","2019-10-22 05:59:48",NULL,"A"
"92","12","VISION, GOALS AND EXPANSION OF LAW PRACTICE","2019-10-22 06:16:21",NULL,"A"
"93","9","COPYRIGHTABILITY AND REGISTRATION","2019-10-22 06:21:22",NULL,"A"
"94","9","COPYRIGHT MONETIZATION AND LICENSING","2019-10-22 06:23:15","2019-10-22 06:25:56","A"
"95","9","COPYRIGHT INFRINGEMENT AND PRACTICAL REMEDIES","2019-10-22 06:26:17",NULL,"A"
"97","9","Concepts of copyright under media law","2019-10-22 06:31:52","2021-05-13 05:25:54","A"
"105","12","SKILLS AND EXPERTISE","2019-10-22 06:48:56",NULL,"A"
"106","12","HOW TO BUILD YOUR REPUTATION","2019-10-22 06:50:58",NULL,"A"
"109","12","BUILDING AWESOME CUSTOMER EXPERIENCE FOR YOUR CLIENTS","2019-10-22 06:52:21",NULL,"A"
"110","12","REALIGNING AND PREPARING YOUR PRACTICE FOR BREAKTHROUGH IN REVENUES AND PROFITABILITY","2019-10-22 06:53:42",NULL,"A"
"112","12","HOW TO BUILD UP THE UNDERLYING ORGANIZATION OF YOUR PRACTICE","2019-10-22 06:55:16",NULL,"A"
"114","12","HOW TO BUILD A TOP NOTCH PROFESSIONAL NETWORK","2019-10-22 06:56:54",NULL,"A"
"116","14","JURISDICTION OF NCLT UNDER COMPANY LAW","2019-10-22 07:08:26","2019-10-22 07:09:25","A"
"117","14","TYPES OF COMPANIES AND MATTERS RELATING TO EXISTENCE OR DISSOLUTION OF COMPANIES","2019-10-22 07:09:36","2019-10-22 07:18:51","A"
"118","14","BASIC CONCEPTS OF SECURITIES AND MATTERS RELATED TO CHANGE IN CAPITAL","2019-10-22 07:12:48",NULL,"A"
"119","14","BASIC CONCEPTS RELATED TO THE MANAGEMENT OF COMPANIES AND MATTERS RELATED TO OPPRESSION AND MISMANAGEMENT","2019-10-22 07:13:50","2019-10-22 07:17:28","A"
"120","14","OTHER MATTERS ADJUDICATED BY NCLT","2019-10-22 07:17:41","2019-10-22 07:18:16","A"
"121","14","OVERVIEW OF INSOLVENCY LAWS IN INDIA","2019-10-22 07:19:14","2019-10-22 07:20:26","A"
"122","14","INITIATION OF INSOLVENCY BY A FINANCIAL CREDITOR","2019-10-22 07:20:48",NULL,"A"
"123","14","INITIATION OF INSOLVENCY AS AN OPERATIONAL CREDITORS","2019-10-22 07:21:34",NULL,"A"
"124","14","INITIATION OF INSOLVENCY BY CORPORATE DEBTOR","2019-10-22 07:22:34",NULL,"A"
"125","14","AFTERMATH OF FILING AN APPLICATION FOR INITIATION OF INSOLVENCY","2019-10-22 07:23:12",NULL,"A"
"126","14","CONSTITUTION OF COMMITTEE OF CREDITORS AND FILING OF CLAIMS","2019-10-22 07:23:43",NULL,"A"
"127","14","ADMISSION / REJECTION OF CLAIMS","2019-10-22 07:24:13",NULL,"A"
"128","14","MEETINGS OF COC AND THEIR DUTIES","2019-10-22 07:24:42",NULL,"A"
"129","14","ROLE AND DUTIES OF THE RESOLUTION PROFESSIONAL","2019-10-22 07:25:01",NULL,"A"
"130","14","INVITING PROSPECTIVE RESOLUTION APPLICANTS","2019-10-22 07:25:28",NULL,"A"
"131","14","APPROVAL / REJECTION OF RESOLUTION PLAN BY COMMITTEE OF CREDITORS (COC)","2019-10-22 07:26:11",NULL,"A"
"132","14","APPROVAL / REJECTION OF RESOLUTION PLAN BY NCLT","2019-10-22 07:26:43",NULL,"A"
"133","14","APPEALS FROM NCLT ORDERS UNDER COMPANIES ACT AND IBC TO NCLAT","2019-10-22 07:27:10",NULL,"A"
"134","14","FILING A SPECIAL LEAVE PETITION BEFORE THE SUPREME COURT","2019-10-22 07:27:54",NULL,"A"
"135","13","ARBITRATION AGREEMENT AND CLAUSE","2019-10-22 07:52:45",NULL,"A"
"136","13","INITIATION OF ARBITRATION PROCEEDINGS","2019-10-22 07:54:08",NULL,"A"
"137","13","INTERIM MEASURES","2019-10-22 08:03:21","2021-03-26 06:53:03","A"
"138","13","DRAFTING AND FILING A PETITION FOR APPOINTMENT OF ARBITRATOR","2019-10-22 08:05:05",NULL,"A"
"139","13","STATEMENT OF CLAIMS","2019-10-22 08:55:15",NULL,"A"
"140","13","STATEMENT OF DEFENSE AND COUNTERCLAIM","2019-10-22 08:55:43",NULL,"A"
"141","13","EVIDENCE BY PARTIES","2019-10-22 08:57:48",NULL,"A"
"142","13","EXAMINATION","2019-10-22 08:59:43",NULL,"A"
"143","13","EXECUTION OF ARBITRAL AWARDS","2019-10-22 09:00:34",NULL,"A"
"144","13","CHALLENGE OF ARBITRAL AWARDS","2019-10-22 09:01:02",NULL,"A"
"145","13","APPEALS","2019-10-22 09:01:39",NULL,"A"
"146","13","CONCILIATION AND MEDIATION","2019-10-22 09:02:44",NULL,"A"
"147","15","OVERVIEW OF TRADEMARKS","2019-10-23 12:38:11","2020-07-25 01:48:21","A"
"148","15","REGISTRATION AND PROTECTION OF TRADEMARKS","2019-10-23 12:39:50","2020-07-25 01:58:27","A"
"149","15","TRADEMARK MONETIZATION TECHNIQUES, CONTRACTS AND CASE STUDIES","2019-10-23 12:42:19",NULL,"A"
"150","15","TRADEMARK INFRINGEMENT AND LITIGATION PROCESS","2019-10-23 12:45:48","2019-11-30 08:10:13","A"
"151","15","TRADEMARK INFRINGEMENT IN CYBERSPACE","2019-10-23 12:47:40",NULL,"A"
"154","18","INTERPLAY BETWEEN SEBI, STOCK AND COMMODITY EXCHANGES, LISTED ENTITIES AND INTERMEDIARIES","2019-10-23 01:00:54",NULL,"A"
"155","18","INTRODUCTION TO CAPITAL MARKETS","2019-10-23 01:02:41",NULL,"A"
"156","18","PUBLIC ISSUES AND LISTING","2019-10-23 01:03:32",NULL,"A"
"157","18","OTHER TYPES OF ISSUES AND METHODS TO INVITE CAPITAL","2019-10-23 01:04:49",NULL,"A"
"159","18","INTERACTION WITH SEBI / STOCK EXCHANGES","2019-10-23 01:05:40",NULL,"A"
"160","18","REQUIREMENTS FOR BEING CONTINUOUSLY LISTED","2019-10-23 01:06:56",NULL,"A"
"162","18","HOW TO HANDLE TAKEOVERS: VIOLATIONS WHICH COULD RESULT IN ACTION AND PITFALLS","2019-10-23 01:08:24",NULL,"A"
"165","18","HOW TO AVOID OR DEAL WITH REGULATORY ACTION IN RELATION TO INSIDER TRADING","2019-10-23 01:12:49",NULL,"A"
"167","18","FRAUDULENT AND UNFAIR TRADE PRACTICES IN SECURITIES MARKET AND PROCEEDINGS AGAINST THESE","2019-10-23 01:14:05",NULL,"A"
"168","18","INTERMEDIARIES REGULATED BY SEBI: WHO, WHAT AND HOW","2019-10-23 01:15:00",NULL,"A"
"169","18","HOW DELISTING CAN RESULT IN LITIGATION","2019-10-23 01:15:49",NULL,"A"
"171","18","PROCEEDINGS BEFORE SEBI: NOTICE, RESPONSE AND SETTLEMENT","2019-10-23 01:16:45",NULL,"A"
"172","17","PRELIMINARY STEPS FOR LITIGATION DRAFTS, FILING AND COURT MACHINERY","2019-10-23 01:18:15",NULL,"A"
"173","18","SECURITIES APPELLATE TRIBUNAL AND ITS JURISDICTION","2019-10-23 01:18:32",NULL,"A"
"174","18","APPEAL BEFORE THE SECURITIES APPELLATE TRIBUNAL AND HEARING","2019-10-23 01:19:20",NULL,"A"
"175","18","WHAT TO DO NEXT AFTER A SAT ORDER","2019-10-23 01:20:47",NULL,"A"
"176","17","PLAINT, WRITTEN STATEMENT (INCLUDING SET-OFF & COUNTERCLAIM) AND REPLY","2019-10-23 01:23:01",NULL,"A"
"177","17","HOW TO DRAFT VARIOUS APPLICATIONS","2019-10-23 01:27:27",NULL,"A"
"178","17","TRIAL AND EVIDENCE","2019-10-23 01:30:46",NULL,"A"
"179","17","ARGUMENTS AND HEARINGS","2019-10-23 01:34:03",NULL,"A"
"180","17","EXECUTION, APPEALS AND REVISION","2019-10-23 01:35:34",NULL,"A"
"181","17","NEGOTIABLE INSTRUMENTS ACT","2019-10-23 01:36:48",NULL,"A"
"182","17","LITIGATION STRATEGY AND CASE MANAGEMENT","2019-10-23 01:37:42",NULL,"A"
"184","20","SCOPE OF THE COURSE, LABOUR LAW TOOLS AND COMPLIANCE FUNDAMENTALS","2019-10-23 01:41:25",NULL,"A"
"185","17","CONSUMER LITIGATION","2019-10-23 01:41:38",NULL,"A"
"188","17","RIGHT TO INFORMATION ACT","2019-10-23 01:42:42",NULL,"A"
"191","20","DRAFTING FOR MANAGERS","2019-10-23 01:44:01",NULL,"A"
"193","20","TYPES OF CONTRACTS WITH WORKFORCE AND ORGANIZATIONAL POLICIES","2019-10-23 01:45:22",NULL,"A"
"196","20","LAWS REGULATING REMUNERATION, MISCONDUCT AND TERMINATION","2019-10-23 01:50:04",NULL,"A"
"198","20","DISCIPLINARY PROCEEDINGS","2019-10-23 01:52:47",NULL,"A"
"199","20","LABOUR LAWS APPLICABLE TO MANUFACTURING SECTOR AND SERVICE SECTOR","2019-10-23 01:54:39",NULL,"A"
"200","20","LABOUR WELFARE, EMPLOYMENT BENEFITS & RELATED COMPLIANCES","2019-10-23 01:57:47",NULL,"A"
"201","20","TRADE UNIONS, LABOUR-MANAGEMENT DISPUTES AND COLLECTIVE BARGAINING","2019-10-23 02:00:15",NULL,"A"
"202","20","LEGAL PROCEEDINGS, GOVERNMENT INSPECTIONS AND RAIDS","2019-10-23 02:02:48",NULL,"A"
"203","20","PREVENTION OF SEXUAL HARASSMENT AT WORKPLACE","2019-10-23 02:05:18",NULL,"A"
"204","19","SEXUAL HARASSMENT IN AN ORGANISATIONAL CONTEXT","2019-10-23 03:04:03",NULL,"A"
"205","19","CREATION AND IMPLEMENTATION OF AN ANTI-SEXUAL HARASSMENT POLI","2019-10-23 03:32:52",NULL,"A"
"206","19","SENSITISATION AND TRAINING OF EMPLOYEES","2019-10-23 03:36:00","2019-10-23 03:46:17","A"
"207","19","CREATION OF ICC & CAPACITY BUILDING PROGRAMS","2019-10-23 03:47:03",NULL,"A"
"208","19","HEARINGS AND DECISION-MAKING PROCESS BY THE ICC","2019-10-23 03:50:23",NULL,"A"
"209","19","ADVANCED TOPICS IN WORKPLACE DIVERSITY GENDER NEUTRAL WORKPLACES, WORKPLACE HARASSMENT AND ENSURING WORKPLACE DIVERSITY","2019-10-23 03:55:21",NULL,"A"
"210","23","SCOPE OF THE COURSE, LABOUR LAW TOOLS AND COMPLIANCE FUNDAMENTALS","2019-10-23 04:18:20",NULL,"A"
"211","23","WORKING ARRANGEMENTS AND CONTRACTS","2019-10-23 04:22:08",NULL,"A"
"212","23","EMPLOYMENT AGREEMENTS FOR TOP EXECUTIVES","2019-10-23 04:25:07","2019-10-30 08:51:52","A"
"213","23","LEGAL REGULATION OF REMUNERATION, MISCONDUCT AND TERMINATION","2019-10-23 04:27:17",NULL,"A"
"214","23","HOW TO PREPARE EMPLOYMENT POLICIES","2019-10-23 04:31:14",NULL,"A"
"215","23","LABOUR LAWS FOR INDUSTRIES AND MANUFACTURING SECTOR","2019-10-23 04:35:44",NULL,"A"
"216","23","HOW TO HANDLE TRADE UNIONS AND LABOUR DISPUTES","2019-10-23 04:39:35",NULL,"A"
"217","23","LABOUR LAWS FOR OFFICES, SHOPS AND COMMERCIAL ESTABLISHMENTS","2019-10-23 04:41:47",NULL,"A"
"218","23","LABOUR LAW COMPLIANCES AND BENEFITS","2019-10-23 04:43:04",NULL,"A"
"219","23","HOW TO ENGAGE CONTRACT LABOUR","2019-10-23 04:44:46",NULL,"A"
"220","23","SPECIAL LAWS APPLICABLE TO PARTICULAR OCCUPATIONS","2019-10-23 04:46:41",NULL,"A"
"221","23","PREVENTION OF SEXUAL HARASSMENT AT WORKPLACE","2019-10-23 04:47:34",NULL,"A"
"222","2","INTRODUCTION TO PARTS OF CONTRACT AND INTRODUCTORY CLAUSES","2019-10-23 05:32:09",NULL,"A"
"223","2","OPERATIVE CLAUSES OF A CONTRACT","2019-10-23 05:33:32",NULL,"A"
"224","2","HOW TO DRAFT RISK MITIGATION AND BOILERPLATE CLAUSES","2019-10-23 05:37:14",NULL,"A"
"225","2","CONTRACT BREACH AND EXECUTION","2019-10-23 05:39:04",NULL,"A"
"226","2","CONTRACT NEGOTIATION","2019-10-23 05:40:28",NULL,"A"
"227","2","GENERAL CONTRACTS","2019-10-23 05:43:03",NULL,"A"
"228","2","COMMERCIAL AGREEMENTS","2019-10-23 05:48:02",NULL,"A"
"229","2","CORPORATE CONTRACTS","2019-10-23 05:49:42","2021-04-16 02:44:39","A"
"230","22","STRUCTURING A BUSINESS","2019-10-23 05:51:53",NULL,"A"
"231","22","TAXATION, BASIC ACCOUNTING AND IMPORT-EXPORT","2019-10-23 05:55:39",NULL,"A"
"232","22","CORPORATE GOVERNANCE","2019-10-23 05:57:49",NULL,"A"
"233","22","NEGOTIATION AND CONTRACT DRAFTING","2019-10-23 06:04:45",NULL,"A"
"234","22","RAISING INVESTMENT; ANGEL ROUNDS, VC & PE DEALS","2019-10-23 06:07:13",NULL,"A"
"236","2","LENDING AND SECURITY DOCUMENTS","2019-10-23 06:11:30",NULL,"A"
"237","2","INTELLECTUAL PROPERTY AGREEMENTS","2019-10-23 06:14:01",NULL,"A"
"240","2","INTRODUCTION TO TECHNOLOGY CONTRACTS","2019-10-23 06:19:03","2020-01-16 04:30:28","D"
"242","2","COMMON INTERNET AND TECHNOLOGY CONTRACTS","2019-10-23 06:20:53","2020-01-16 04:25:46","A"
"244","2","E-COMMERCE CONTRACTS","2019-10-23 06:24:41",NULL,"A"
"246","2","CONTRACT-RELATED DOCUMENTS & POST CONTRACTUAL MATTERS","2019-10-23 06:27:57",NULL,"A"
"248","2","DISPUTE RESOLUTION, ENFORCEMENT AND LITIGATION STRATEGY","2019-10-23 06:30:04",NULL,"A"
"251","24","Essential tools before you begin preparation","2019-10-24 05:16:05",NULL,"A"
"252","24","BCI sample and previous year questions","2019-10-24 05:21:46",NULL,"A"
"253","24","Constitutional Law (10 marks)","2019-10-24 05:25:39",NULL,"A"
"254","24","Criminal Procedure Code (CrPC) (10 marks)","2019-10-24 05:26:13",NULL,"A"
"255","24","Indian Penal Code (8 marks)","2019-10-24 05:26:36",NULL,"A"
"256","24","Civil Procedure Code (10 marks)","2019-10-24 05:27:11",NULL,"A"
"257","24","Evidence (8 marks)","2019-10-24 05:27:36",NULL,"A"
"258","24","Contract, Property, Specific Relief, NI Act (8 marks) : 1","2019-10-24 05:28:00",NULL,"A"
"259","24","Contract, Property, Specific Relief, NI Act (8 marks) : 2","2019-10-24 05:28:25",NULL,"A"
"260","24","Contract, Property, Specific Relief, NI Act (8 marks) : 3","2019-10-24 05:29:00",NULL,"A"
"261","24","Contract, Property, Specific Relief, NI Act (8 marks) : 4","2019-10-24 05:29:22",NULL,"A"
"262","24","Family Law (8 Marks)","2019-10-24 05:29:52",NULL,"A"
"263","24","Torts, MV Act, Consumer Protection (5 marks)","2019-10-24 05:30:28",NULL,"A"
"264","24","Alternate Dispute Resolution (4 marks)","2019-10-24 05:31:00",NULL,"A"
"265","24","Professional Ethics (4 marks)","2019-10-24 05:31:51",NULL,"A"
"266","24","Labour and Industrial Law (4 marks)","2019-10-24 05:32:15",NULL,"A"
"267","24","Law related to Taxation ( 4 marks)","2019-10-24 05:32:35",NULL,"A"
"268","24","Public Interest Litigation ( 4 Marks)","2019-10-24 05:34:07",NULL,"A"
"269","24","Company Law ( 2 marks)","2019-10-24 05:34:30",NULL,"A"
"270","24","Cyber law ( 2 marks)","2019-10-24 05:35:01",NULL,"A"
"271","24","Land Acquisition Act (2 Marks)","2019-10-24 05:35:34",NULL,"A"
"272","24","Intellectual Property Laws ( 2 Marks)","2019-10-24 05:36:08",NULL,"A"
"273","24","Corporate Social Responsibility","2019-10-24 05:37:15",NULL,"A"
"274","24","Public International Law (not in AIBE syllabus anymore)","2019-10-24 05:37:42",NULL,"A"
"275","24","Jurisprudence (not in AIBE syllabus anymore)","2019-10-24 05:38:07",NULL,"A"
"276","24","HackSheets","2019-10-24 05:39:02",NULL,"A"
"277","24","Bare Act Soft Copies","2019-10-24 05:39:55",NULL,"A"
"278","26","OVERVIEW AND PRE-LITIGATION STEPS","2019-10-25 03:17:16","2019-10-25 03:17:58","A"
"279","26","CONSUMER COMPLAINT, WRITTEN STATEMENT AND REJOINDER","2019-10-25 03:19:25",NULL,"A"
"280","26","HEARINGS, TRIAL AND EVIDENCE PROCESS","2019-10-25 03:20:28",NULL,"A"
"281","26","EXECUTION","2019-10-25 03:21:46",NULL,"A"
"282","26","CONSUMER APPEALS","2019-10-25 03:22:12","2019-11-11 04:32:34","A"
"283","28","Introduction To International Taxation And Transfer Pricing","2019-11-12 07:25:28",NULL,"A"
"284","28","Legal Framework For International Taxation","2019-11-12 07:27:15",NULL,"A"
"285","28","Guiding Concepts For Transfer Pricing","2019-11-12 07:32:07",NULL,"A"
"286","28","International Tax Planning","2019-11-12 07:36:39",NULL,"A"
"287","28","Penalties & Dispute Resolution","2019-11-12 07:39:26",NULL,"A"
"288","29","Energy Sector Business And Regulation Under Electricity Act","2019-11-12 11:43:30",NULL,"A"
"289","29","Generation, Transmission And Distribution Of Electricity","2019-11-12 11:46:44",NULL,"A"
"290","29","Electricity Trading And Power Exchanges, Regulation And Functioning","2019-11-12 11:51:38",NULL,"A"
"291","29","Tariff Determination","2019-11-12 11:54:02",NULL,"A"
"292","29","Open Access System In Power Sector","2019-11-12 11:56:03",NULL,"A"
"293","29","Administrative And Appellate Mechanism In Energy Sector","2019-11-12 11:57:43",NULL,"A"
"294","29","Sample Documents","2019-11-12 11:59:38",NULL,"A"
"295","30","Introduction To Technology Contracts","2019-11-13 12:17:30",NULL,"A"
"296","30","Software Licensing Contracts","2019-11-13 12:21:00",NULL,"A"
"297","30","Website Related Agreements","2019-11-13 12:22:48",NULL,"A"
"298","30","Website Related Agreement","2019-11-13 12:25:59",NULL,"A"
"299","30","Critical Interests To Be Protected In Technology Contracts","2019-11-13 12:27:52",NULL,"A"
"300","30","How To Deal With Boilerplate Clauses","2019-11-13 12:31:14",NULL,"A"
"301","31","Customs Duties & Import-Export Procedure","2019-11-13 02:08:36","2019-11-13 02:11:57","A"
"302","31","Import-Export Finance","2019-11-13 02:12:22",NULL,"A"
"303","31","SEZs and Incentives Available to Exporters Under Customs Law","2019-11-13 02:14:02",NULL,"A"
"304","31","Strategic Applications Of Customs Laws","2019-11-13 02:15:07",NULL,"A"
"305","31","GST And Income Tax In Import-Export","2019-11-13 02:16:01",NULL,"A"
"306","31","Customs Intermediaries","2019-11-13 02:16:41",NULL,"A"
"307","31","International Trade Law","2019-11-13 02:17:54",NULL,"A"
"308","32","E-Commerce And Its Regulation","2019-11-13 02:44:06","2019-11-13 03:05:43","A"
"309","32","Fintech Sector And Its Regulation","2019-11-13 03:11:14",NULL,"A"
"310","32","General Data Protection Regulation (GDPR)","2019-11-13 03:16:53",NULL,"A"
"311","33","Secrets To Building A Powerful Trademark Strategy","2019-11-13 03:44:18",NULL,"A"
"312","33","Steps for Registering a Trademark","2019-11-13 03:46:07",NULL,"A"
"313","33","International Registration of Trademarks","2019-11-13 03:47:35",NULL,"A"
"314","33","What are the Different Techniques for Trademark Exploitation?","2019-11-13 03:48:25",NULL,"A"
"315","33","How To Enforce Your Trademark","2019-11-13 03:49:37",NULL,"A"
"316","33","Trademark Infringement on The Internet","2019-11-13 03:51:10",NULL,"A"
"317","34","Structural Framework For Corporate Governance","2019-11-13 11:53:45",NULL,"A"
"318","34","How To Build Checks Or Allocate Responsibility","2019-11-13 11:56:13",NULL,"A"
"319","34","Boardroom Practices And Board Independence","2019-11-13 11:58:07",NULL,"A"
"320","34","Corporate Governance And Employee Compensation","2019-11-14 12:01:51",NULL,"A"
"321","34","Corporate Fraud, Oppression And Shareholder Rights","2019-11-14 12:02:44",NULL,"A"
"322","34","Sample Documents","2019-11-14 12:04:03",NULL,"A"
"323","35","Entry Into India And FDI Norms","2019-11-14 12:30:55",NULL,"A"
"324","35","Continuous Compliance Requirements","2019-11-14 12:33:52",NULL,"A"
"325","35","Exit And Repatriation","2019-11-14 12:35:03",NULL,"A"
"326","35","FDI Approvals And Other Advanced Issues","2019-11-14 12:36:12",NULL,"A"
"327","35","Sample Documents","2019-11-14 12:37:40",NULL,"A"
"328","36","Introduction To FCRA","2019-11-14 01:01:38",NULL,"A"
"329","36","How To Obtain FCRA Registration Or Prior Permission?","2019-11-14 01:03:21",NULL,"A"
"330","36","How To Obtain FCRA Registration Or Prior Permission?Use Of Money Received As Foreign Contribution","2019-11-14 01:05:13",NULL,"A"
"331","36","Compliance For Entities Receiving Foreign Donations","2019-11-14 01:06:06",NULL,"A"
"332","36","Cancellation Of Registration","2019-11-14 01:07:20",NULL,"A"
"333","36","FCRA Penalty And Compounding","2019-11-14 01:07:44",NULL,"A"
"334","37","Strategic Relevance Of Competition Law For Businessmen And Professionals","2019-11-14 01:57:48",NULL,"A"
"335","37","Anti-Competitive Agreements","2019-11-14 02:00:47",NULL,"A"
"336","37","Abuse Of Dominance","2019-11-14 02:05:39",NULL,"A"
"337","37","Inquiry And Investigation In Enforcement Cases","2019-11-14 02:09:30",NULL,"A"
"338","37","Competition Law And IP","2019-11-14 02:11:05",NULL,"A"
"339","37","M&A & Competition Law","2019-11-14 02:15:15",NULL,"A"
"340","37","International And Comparative Competition Law","2019-11-14 02:17:40",NULL,"A"
"341","38","Introduction To Government Procurement Forms Of Gambling, Betting And Lottery Business","2019-11-14 02:44:43",NULL,"A"
"342","38","Online Gambling And Gaming","2019-11-14 02:47:16",NULL,"A"
"343","38","Online Gambling Licenses","2019-11-14 02:49:11",NULL,"A"
"344","38","Taxation Of Gaming And Lotteries","2019-11-14 02:49:53",NULL,"A"
"345","38","Career In Gambling Laws","2019-11-14 02:51:51",NULL,"A"
"346","38","Issues And Developments In Gambling Laws","2019-11-14 02:53:15",NULL,"A"
"347","38","Starting A Gaming Business In India","2019-11-14 02:53:49",NULL,"A"
"348","38","Acts And Materials","2019-11-14 02:54:21",NULL,"A"
"349","39","Arbitration Concepts","2019-11-15 12:20:25",NULL,"A"
"350","39","Practical Arbitration Procedures","2019-11-15 12:21:58",NULL,"A"
"351","39","Introduction To International Commercial Arbitration","2019-11-15 12:23:42",NULL,"A"
"352","39","International Commercial Arbitration Procedures","2019-11-15 12:26:02",NULL,"A"
"353","39","Conciliation And Expert Determination","2019-11-15 12:26:51",NULL,"A"
"354","39","Mediation","2019-11-15 12:28:19",NULL,"A"
"355","39","Video Tutorials Of Sample Documents For Drafting Guidance","2019-11-15 12:29:22",NULL,"A"
"356","40","Introduction To Intellectual Property Law","2019-11-15 12:46:41",NULL,"A"
"357","40","Copyright Law","2019-11-15 12:47:08",NULL,"A"
"358","40","Trademark Law","2019-11-15 12:48:22",NULL,"A"
"359","40","Patent Law","2019-11-15 12:49:33",NULL,"A"
"360","40","Geographical Indications, Trade Secrets And Designs","2019-11-15 12:50:27",NULL,"A"
"361","40","Technology Transfer- A Primer","2019-11-15 12:51:19",NULL,"A"
"362","40","Employees And Intellectual Property","2019-11-15 12:51:48",NULL,"A"
"363","41","Basic Concepts","2019-11-15 01:07:33",NULL,"A"
"364","41","Different Types Of GST And Legislative Framework","2019-11-15 01:08:13",NULL,"A"
"365","41","Registration Requirements","2019-11-15 01:09:01",NULL,"A"
"366","41","Input Tax Credit","2019-11-15 01:10:44",NULL,"A"
"367","41","Composition Scheme","2019-11-15 01:11:13",NULL,"A"
"368","41","Tax Deduction And Collection","2019-11-15 01:11:43",NULL,"A"
"369","41","Tax Calculation And Payment, Refund And Rebates","2019-11-15 01:12:35",NULL,"A"
"370","41","Compliance: Returns And Filing Requirements","2019-11-15 01:13:52",NULL,"A"
"371","41","Compliance: Returns And Filing Requirement","2019-11-15 01:15:10",NULL,"A"
"372","41","GST In Exports And Imports","2019-11-15 01:15:56",NULL,"A"
"373","41","Other Specific Aspects Under GST","2019-11-15 01:16:34",NULL,"A"
"374","41","Sample Documents","2019-11-15 01:17:25",NULL,"A"
"375","42","Introduction To Government Procurement","2019-11-15 02:41:56",NULL,"A"
"376","42","Types Of Government Contracts","2019-11-15 02:44:02",NULL,"A"
"377","42","Tenders And Bidding Process","2019-11-15 02:46:02",NULL,"A"
"378","42","Regulation Of Unfair Bidding Practices","2019-11-15 02:49:27",NULL,"A"
"379","42","Sample Document","2019-11-15 02:51:19",NULL,"A"
"380","61","How to read and understand Indian Laws and Regulations","2019-11-21 09:03:00",NULL,"A"
"381","61","Consequences of violation of Law","2019-11-21 09:03:58",NULL,"A"
"382","61","Civil suits and courts","2019-11-21 09:04:52",NULL,"A"
"383","61","Criminal cases and courts","2019-11-21 09:07:28",NULL,"A"
"384","61","Administrative and Specialised Tribunals","2019-11-21 09:09:40",NULL,"A"
"385","61","Private dispute resolution mechanism","2019-11-21 09:10:11",NULL,"A"
"386","61","Know your case and litigation strategy","2019-11-21 09:11:45",NULL,"A"
"387","61","Costs of litigation","2019-11-21 09:14:42",NULL,"A"
"388","61","All you need to know about contracts","2019-11-21 09:15:31",NULL,"A"
"389","61","Regulatory Laws and Business","2019-11-21 09:16:03",NULL,"A"
"390","61","International Law and Business","2019-11-21 09:16:57",NULL,"A"
"391","62","Creation of Commercial Contracts","2019-11-21 11:48:13",NULL,"A"
"392","62","Remedies For Breach / Event Of Default","2019-11-21 11:49:46",NULL,"A"
"393","62","How To Draft A Commercial Contract?","2019-11-21 11:53:36",NULL,"A"
"394","62","Operative Clauses In A Contract","2019-11-21 11:57:05",NULL,"A"
"395","62","How To Draft Risk Mitigation Clauses","2019-11-21 11:58:28",NULL,"A"
"396","62","How To Draft Boilerplate Clauses","2019-11-21 11:59:33",NULL,"A"
"397","62","Key Commercial Contracts","2019-11-22 12:05:52","2019-11-22 12:12:17","A"
"398","62","How To Effectively Negotiate Contracts?","2019-11-22 12:12:32",NULL,"A"
"399","67","Strategic Preparation","2019-12-10 02:28:24",NULL,"A"
"400","67","Analysis of past years papers","2019-12-10 02:32:04",NULL,"A"
"401","67","How to solve legal reasoning questions","2019-12-10 02:33:04",NULL,"A"
"402","67","Law of Torts","2019-12-10 02:34:28",NULL,"A"
"403","67","Law of contracts","2019-12-10 02:40:18","2019-12-10 02:49:24","A"
"404","67","Criminal Law","2019-12-10 02:50:01",NULL,"A"
"405","67","Constitutional Law","2019-12-10 02:53:36",NULL,"A"
"406","67","Basics of procedural law","2019-12-10 02:56:09",NULL,"A"
"407","67","Legal terminology and maxims","2019-12-10 02:57:25",NULL,"A"
"408","67","Family Law","2019-12-10 03:14:41",NULL,"A"
"409","67","Intellectual Property Law","2019-12-10 03:15:28",NULL,"A"
"410","67","Property Law","2019-12-10 03:16:32",NULL,"A"
"411","67","Environmental Law","2019-12-10 03:17:03",NULL,"A"
"412","67","Companies Law","2019-12-10 03:17:29",NULL,"A"
"413","67","Social Welfare","2019-12-10 03:18:09",NULL,"A"
"414","67","International Law","2019-12-10 03:18:50",NULL,"A"
"415","67","Miscellaneous Topics","2019-12-10 03:19:21",NULL,"A"
"416","68","WHY YOU SHOULD KNOW EVERYTHING ABOUT FINANCIAL STATEMENTS","2019-12-10 03:49:03",NULL,"A"
"417","68","HOW TO FIND FINANCIAL STATEMENTS","2019-12-10 03:49:41",NULL,"A"
"418","68","HOW TO READ FINANCIAL STATEMENTS","2019-12-10 03:50:23","2019-12-10 03:51:41","A"
"419","69","Essential tools before you begin preparation","2019-12-10 05:25:36",NULL,"A"
"420","69","PAST  YEARS’ AIBE QUESTION PAPERS","2019-12-10 05:28:23","2020-07-30 01:32:09","A"
"421","69","Constitutional Law (10 marks)","2019-12-10 05:30:32",NULL,"A"
"422","69","Criminal Procedure Code (CrPC) (10 marks)","2019-12-10 05:31:11",NULL,"A"
"423","69","Indian Penal Code (8 marks)","2019-12-10 05:31:43",NULL,"A"
"424","69","Civil Procedure Code (10 marks)","2019-12-10 05:32:04",NULL,"A"
"425","69","Evidence (8 marks)","2019-12-10 05:32:28",NULL,"A"
"426","69","Contract, Property, Specific Relief, NI Act (8 marks): 1","2019-12-10 05:33:01","2020-05-30 03:14:39","A"
"427","69","Contract, Property, Specific Relief, NI Act (8 marks): 2","2019-12-10 05:33:27","2020-05-30 03:14:29","A"
"428","69","Contract, Property, Specific Relief, NI Act (8 marks): 3","2019-12-10 05:33:57","2020-05-30 03:15:09","A"
"429","69","Contract, Property, Specific Relief, NI Act (8 marks): 4","2019-12-10 05:34:22","2020-05-30 03:15:36","A"
"430","69","Family Law (8 Marks)","2019-12-10 05:34:50",NULL,"A"
"431","69","Torts, MV Act, Consumer Protection (5 marks)","2019-12-10 05:35:12",NULL,"A"
"432","69","Alternate Dispute Resolution (4 marks)","2019-12-10 05:35:42",NULL,"A"
"433","69","PROFESSIONAL ETHICS AND CASES OF PROFESSIONAL MISCONDUCT UNDER BCI RULES (4 MARKS)","2019-12-10 05:36:30","2020-05-30 03:20:06","A"
"434","69","Labour and Industrial Law (4 marks)","2019-12-10 05:36:55",NULL,"A"
"435","69","Law related to Taxation (4 marks)","2019-12-10 05:37:25","2020-05-30 03:21:14","A"
"436","69","Public Interest Litigation (4 Marks)","2019-12-10 05:38:03","2020-05-30 03:21:55","A"
"437","69","Company Law (2 marks)","2019-12-10 05:38:59","2020-05-30 03:22:32","A"
"438","69","Cyber law ( 2 marks)","2019-12-10 05:39:44",NULL,"A"
"439","69","Land Acquisition Act (2 Marks)","2019-12-10 05:40:13",NULL,"A"
"440","69","Intellectual Property Laws (2 Marks)","2019-12-10 05:40:37","2020-05-30 03:25:27","A"
"441","69","ADMINISTRATIVE LAW (3 MARKS)","2019-12-10 05:41:59","2020-05-30 03:26:48","A"
"444","69","HackSheets","2019-12-10 05:45:22",NULL,"A"
"445","69","Bare Act Soft Copies","2019-12-10 06:17:25",NULL,"A"
"446","70","CRIMINAL DRAFTING","2019-12-10 07:15:10",NULL,"A"
"447","70","CIVIL DRAFTING","2019-12-10 07:18:00",NULL,"A"
"448","72","INTRODUCTION TO COMPETITION LAW","2020-01-20 02:12:20",NULL,"A"
"449","72","ANTI-COMPETITIVE AGREEMENTS","2020-01-20 02:14:14",NULL,"A"
"450","72","ABUSE OF DOMINANCE","2020-01-20 02:17:54",NULL,"A"
"451","72","INQUIRY AND INVESTIGATION IN ENFORCEMENT CASES","2020-01-20 02:20:13",NULL,"A"
"452","72","COMPETITION LAW AND IP","2020-01-20 02:22:48",NULL,"A"
"453","72","M&A & COMPETITION LAW","2020-01-20 02:24:26",NULL,"A"
"454","72","INTERNATIONAL AND COMPARATIVE COMPETITION LAW","2020-01-20 02:28:54",NULL,"A"
"455","5","Online gaming, casinos and fantasy sports","2020-01-23 04:35:57",NULL,"A"
"456","73","CIVIL PROCEDURE CODE","2020-02-21 04:29:21",NULL,"A"
"457","73","CRIMINAL PROCEDURE CODE","2020-02-21 04:39:56",NULL,"A"
"458","73","INDIAN PENAL CODE","2020-02-21 04:59:40",NULL,"A"
"459","73","CONSTITUTION OF INDIA","2020-02-21 05:14:18",NULL,"A"
"460","73","LAW OF TORTS","2020-02-21 05:25:02",NULL,"A"
"461","73","LAW OF CONTRACTS","2020-02-21 05:29:11",NULL,"A"
"462","73","INDIAN EVIDENCE ACT","2020-02-21 05:34:02",NULL,"A"
"463","73","TRANSFER OF PROPERTY ACT","2020-02-21 05:39:17",NULL,"A"
"464","73","SALE OF GOODS ACT","2020-02-21 05:42:21",NULL,"A"
"465","73","INTERNATIONAL LAW","2020-02-21 05:44:37",NULL,"A"
"466","73","HINDU LAW","2020-02-21 06:18:51",NULL,"A"
"467","73","MUSLIM LAW","2020-02-21 06:22:16",NULL,"A"
"468","73","JURISPRUDENCE","2020-02-21 06:25:13",NULL,"A"
"469","73","NEGOTIABLE INSTRUMENT ACT","2020-02-21 06:27:06",NULL,"A"
"470","73","INDIAN LIMITATION ACT","2020-02-21 06:29:12",NULL,"A"
"471","73","SPECIFIC RELIEF ACT","2020-02-21 06:30:41",NULL,"A"
"472","73","INDIAN PARTNERSHIP ACT","2020-02-21 06:31:57",NULL,"A"
"473","73","INTELLECTUAL PROPERTY RIGHTS","2020-02-21 06:35:31",NULL,"A"
"474","73","CRIMINAL DRAFTING","2020-02-21 06:37:36",NULL,"A"
"475","73","CIVIL DRAFTING","2020-02-21 06:39:05",NULL,"A"
"476","73","ARBITRATION AND CONCILIATION ACT","2020-02-21 06:40:14",NULL,"A"
"477","73","PROTECTION OF WOMEN AGAINST DOMESTIC VIOLENCE ACT","2020-02-21 06:42:33",NULL,"A"
"478","73","INDIAN FOREST ACT","2020-02-21 06:42:59",NULL,"A"
"479","73","WILDLIFE PROTECTION ACT","2020-02-21 06:43:29",NULL,"A"
"480","73","JUVENILE JUSTICE CARE AND PROTECTION ACT","2020-02-21 06:44:00",NULL,"A"
"481","73","ENGLISH LANGUAGE","2020-02-21 06:45:06","2020-02-21 06:45:39","A"
"482","73","HINDI","2020-02-21 06:45:49",NULL,"A"
"483","74","INTRODUCTION TO TECHNOLOGY CONTRACTS","2020-03-25 07:49:42","2020-04-02 12:25:24","A"
"484","74","CRITICAL INTERESTS TO BE PROTECTED IN TECHNOLOGY CONTRACTS","2020-03-25 07:52:33","2020-04-02 12:30:42","A"
"485","74","HOW TO DEAL WITH BOILERPLATE CLAUSES","2020-03-25 07:54:19",NULL,"A"
"486","74","SOFTWARE LICENSING CONTRACTS","2020-03-25 07:56:28","2020-03-26 10:07:37","A"
"487","74","WEBSITE RELATED AGREEMENTS","2020-03-25 08:03:05",NULL,"A"
"488","74","E-COMMERCE CONTRACTS","2020-03-25 08:04:06","2020-03-26 10:08:45","A"
"489","74","OTHER TECHNOLOGICAL AGREEMENTS","2020-03-25 08:07:23",NULL,"A"
"490","74","DATA PRIVACY AND PROTECTION","2020-03-25 08:08:33",NULL,"A"
"491","74","CONTRACT AMENDMENT & CONTRACTUAL LETTERS","2020-03-25 08:09:33",NULL,"A"
"492","74","DISPUTE RESOLUTION","2020-03-25 08:11:05",NULL,"A"
"493","75","Introduction to drafting and formatting","2020-04-08 07:46:27",NULL,"A"
"494","75","Anatomy and Execution of Commercial Contracts","2020-04-08 07:49:20",NULL,"A"
"495","75","Contract negotiation","2020-04-08 07:54:02",NULL,"A"
"496","75","Lending and related concepts","2020-04-08 07:55:36",NULL,"A"
"497","75","Loan and security documentation","2020-04-08 08:00:04",NULL,"A"
"498","75","Contractual terms in loan documents","2020-04-08 08:02:29",NULL,"A"
"499","75","Statutory Aspects of Lending","2020-04-08 08:04:28",NULL,"A"
"500","75","Recovery Litigation under SARFAESI Act and RDB Act","2020-04-08 08:06:29",NULL,"A"
"501","75","Recovery Litigation Under IBC","2020-04-08 08:10:12",NULL,"A"
"502","75","Recovery Litigation other than Insolvency and Bankruptcy Code","2020-04-08 08:13:51",NULL,"A"
"503","75","Recovery litigation: Civil suits","2020-04-08 08:15:38",NULL,"A"
"504","75","Other enforcement mechanisms","2020-04-08 08:16:51",NULL,"A"
"505","75","Specialized Loans: Legal Framework and Recovery","2020-04-08 08:19:08",NULL,"A"
"506","76","INTRODUCTION TO CONTRACT DRAFTING","2020-04-10 04:59:43",NULL,"A"
"507","76","INTRODUCTION TO CRIMINAL LITIGATION","2020-04-10 05:03:13",NULL,"A"
"508","76","INTRODUCTION TO CIVIL LITIGATION","2020-04-10 05:05:20","2020-04-14 03:58:00","A"
"509","76","INTRODUCTION TO WRITING AND RESEARCH","2020-04-10 05:08:46",NULL,"A"
"510","78","Month 1","2020-05-04 03:25:30",NULL,"A"
"511","78","Month 2","2020-05-04 03:27:17",NULL,"A"
"512","78","Month 3","2020-05-04 03:29:18",NULL,"A"
"513","78","Month 4","2020-05-04 03:32:53",NULL,"A"
"514","78","Month 5","2020-05-04 03:34:08",NULL,"A"
"515","78","Month 6","2020-05-04 03:35:16",NULL,"A"
"516","78","Month 7","2020-05-04 03:36:31",NULL,"A"
"517","78","Month 8","2020-05-04 03:37:30",NULL,"A"
"518","78","Month 9","2020-05-04 03:40:56",NULL,"A"
"519","78","Month 10","2020-05-04 03:42:43",NULL,"A"
"520","78","Month 11","2020-05-04 03:43:34",NULL,"A"
"521","78","Month 12","2020-05-04 03:44:28",NULL,"A"
"523","69","EVOLUTION OF AIBE","2020-05-30 03:46:35",NULL,"A"
"524","69","MOCK TESTS","2020-05-30 03:51:40",NULL,"A"
"525","80","Study Material","2020-06-05 02:13:56","2020-06-05 03:58:20","A"
"526","80","TEMPLATES","2020-06-05 03:58:39",NULL,"A"
"527","81","Study Materials","2020-06-08 06:09:56",NULL,"A"
"528","82","Reference Materials","2020-06-09 01:45:36",NULL,"A"
"529","83","Syllabus","2020-06-09 07:05:49","2021-01-25 07:16:50","A"
"530","84","Reference Materials","2020-06-17 11:18:30",NULL,"A"
"531","85","Reference Materials","2020-06-17 11:40:53",NULL,"A"
"532","86","Reference Materials","2020-06-17 11:53:54",NULL,"A"
"533","87","Reference Materials","2020-06-17 12:30:37",NULL,"A"
"534","88","Reference Materials","2020-06-17 12:41:52",NULL,"A"
"535","22","Mergers and Acquisitions","2020-06-22 06:37:22",NULL,"A"
"536","22","Institutional finance, Loans and ECBs","2020-06-22 06:39:05",NULL,"A"
"537","22","Foreign direct investment and regulatory issues","2020-06-22 06:42:17",NULL,"A"
"538","22","Arbitration and Dispute Resolution","2020-06-22 06:46:05",NULL,"A"
"539","22","Information Technology and Law","2020-06-22 06:48:51",NULL,"A"
"540","22","Intellectual Property Rights and IP monetisation","2020-06-22 06:51:56",NULL,"A"
"541","22","Employee Management, Labour Law and Business licenses","2020-06-22 06:53:35",NULL,"A"
"542","22","Management Practices and Laws","2020-06-22 06:55:47",NULL,"A"
"543","22","Overview of major sectoral and industry-specific legislations","2020-06-22 06:58:21",NULL,"A"
"544","22","Government Tenders and Contracts","2020-06-22 07:02:55",NULL,"A"
"545","22","White collar crime","2020-06-22 07:04:36",NULL,"A"
"546","22","Litigation Management","2020-06-22 07:05:31",NULL,"A"
"547","89","Company law","2020-06-25 03:25:59",NULL,"A"
"548","89","Securities Laws","2020-06-25 03:31:35","2020-09-07 04:08:43","A"
"549","89","Constitutional law","2020-06-25 03:34:54",NULL,"A"
"550","89","Law of Contracts","2020-06-25 03:40:29",NULL,"A"
"551","89","Civil and Criminal Litigation","2020-06-25 03:41:49","2020-09-07 04:15:01","A"
"552","89","Administrative law and principles of jurisprudence","2020-06-25 03:44:16",NULL,"A"
"553","89","Torts, consumer protection and arbitration","2020-06-25 03:45:41",NULL,"A"
"554","90","English Language","2020-06-29 08:49:49",NULL,"A"
"555","90","Legal Reasoning","2020-06-29 08:54:29",NULL,"A"
"556","90","Logical Reasoning","2020-06-29 08:55:06",NULL,"A"
"557","90","Quantitative Techniques","2020-06-29 08:56:12","2020-06-29 08:59:48","A"
"558","91","module","2020-07-08 09:07:17","2022-08-08 04:00:12","A"
"559","92","module name","2020-07-10 09:20:37",NULL,"A"
"560","93","module one","2020-07-18 03:54:17",NULL,"A"
"562","94","Module","2020-07-20 04:00:13","2020-07-20 04:05:20","A"
"563","95","Scope of the course, labour law tools and compliance fundamentals","2020-07-22 01:22:52","2020-07-22 01:29:38","A"
"564","95","Drafting for Managers","2020-07-22 01:29:52","2022-01-13 05:28:09","D"
"565","95","Types of contracts with workforce and organizational policies","2020-07-22 01:32:30",NULL,"A"
"566","95","Laws regulating remuneration, misconduct and termination","2020-07-22 01:42:58",NULL,"A"
"567","95","Disciplinary Proceedings","2020-07-22 01:59:29","2021-02-24 03:35:01","A"
"568","95","Labour Laws Applicable to Manufacturing Sector and Service Sector","2020-07-22 02:02:50","2021-02-24 03:36:14","A"
"569","95","Labour Welfare, Employment Benefits & Related Compliances","2020-07-22 02:05:23","2021-02-24 03:35:53","A"
"570","95","Trade Unions, Labour-Management Disputes and Collective Bargaining","2020-07-22 02:07:26","2021-02-24 03:36:48","A"
"571","95","Legal Proceedings, Government Inspections and Raids","2020-07-22 02:10:56",NULL,"A"
"572","95","Prevention of Sexual Harassment at workplace","2020-07-22 02:12:54",NULL,"A"
"573","71","SEXUAL HARASSMENT IN AN ORGANISATIONAL CONTEXT","2020-07-24 03:10:59",NULL,"A"
"574","71","COMPLIANCE REQUIREMENTS AND EMPLOYER'S DUTIES UNDER POSH ACT","2020-07-24 03:16:42","2020-07-24 03:20:39","A"
"575","71","CREATION AND IMPLEMENTATION OF AN ANTI-SEXUAL HARASSMENT POLICY","2020-07-24 03:20:49",NULL,"A"
"576","71","SENSITISATION AND TRAINING OF EMPLOYEES","2020-07-24 03:23:36",NULL,"A"
"577","71","CREATION OF ICC & CAPACITY BUILDING PROGRAMS","2020-07-24 03:26:52",NULL,"A"
"578","71","HEARINGS AND DECISION-MAKING PROCESS BY THE ICC","2020-07-24 03:29:39",NULL,"A"
"579","71","ADVANCED TOPICS IN WORKPLACE DIVERSITY GENDER NEUTRAL WORKPLACES, WORKPLACE HARASSMENT AND ENSURING WORKPLACE DIVERSITY","2020-07-24 03:33:20","2020-07-24 03:39:44","A"
"580","71","The Experts Toolkit","2020-07-24 05:24:41",NULL,"A"
"581","75","Restructuring of Debt in India","2020-08-11 05:32:04",NULL,"A"
"582","75","Fintech, Artificial Intelligence, Machine Learning and the law","2020-08-11 06:26:24",NULL,"A"
"583","16","INTRODUCTION TO GENERAL CORPORATE PRACTICE","2020-08-12 03:01:22","2021-07-25 04:24:37","A"
"584","16","BASICS OF COMPANY LAW","2020-08-12 03:03:28","2021-07-25 04:25:03","A"
"585","16","UNDERSTANDING HOW A COMPANY WORKS","2020-08-12 03:11:36","2021-07-25 04:31:10","A"
"586","16","GOVERNANCE IN COMPANIES","2020-08-12 03:19:51","2021-07-25 04:31:18","A"
"587","16","Investment and Debt Finance","2020-08-12 03:24:32","2021-07-25 04:34:52","A"
"588","16","Capital Markets and Share related dealings","2020-08-12 03:30:27","2021-07-25 04:40:07","A"
"589","16","Mergers and Acquisitions","2020-08-12 03:36:02","2021-07-25 04:42:03","A"
"590","16","Inter-corporate transactions and RPTs","2020-08-12 03:39:45","2021-07-25 04:43:56","A"
"591","16","Corporate Accounts and Auditors","2020-08-12 03:41:15","2021-07-25 04:45:52","A"
"592","16","Corporate Social Responsibility","2020-08-12 03:43:27","2021-07-25 04:47:24","A"
"593","16","How to obtain information about a company","2020-08-12 04:40:16","2021-07-25 04:48:56","A"
"594","16","How to appear before the NCLT/NCLAT","2020-08-12 04:43:33","2021-07-25 04:50:28","A"
"595","16","Minority rights, oppression & mismanagement","2020-08-12 04:46:51","2021-07-25 04:53:28","A"
"596","4","Introduction to Real Estate Industry","2020-08-21 12:49:07","2020-08-21 12:59:19","A"
"597","4","Components of real estate industry and how they are regulated","2020-08-21 01:00:15",NULL,"A"
"598","4","Real Estate Due Diligence and Transfer","2020-08-21 01:05:55","2022-06-17 02:49:33","A"
"599","4","Agreements / Documents required for different kinds of transactions","2020-08-21 01:10:00","2022-06-17 02:19:02","A"
"600","4","Real-estate zoning and bye-laws","2020-08-21 01:16:27",NULL,"A"
"601","4","FDI and NRI investment in real estate","2020-08-21 01:18:39",NULL,"A"
"602","4","Land Ceiling, Land Acquisition and RWAs and rights of tenants","2020-08-21 01:21:03",NULL,"A"
"603","4","Administrative Authorities under RERA","2020-08-21 01:26:18",NULL,"A"
"604","4","Dispute resolution under RERA, arbitration and consumer laws","2020-08-21 01:27:15","2022-06-17 03:00:13","A"
"605","4","Interaction of RERA with other legislations","2020-08-21 01:29:41",NULL,"A"
"607","10","Overview of Insolvency Laws in India","2020-08-25 01:47:21",NULL,"A"
"608","10","Initiation of Insolvency as a Financial Creditor","2020-08-25 01:58:15",NULL,"A"
"609","10","Initiation of Insolvency as an Operational Creditor","2020-08-25 02:04:29",NULL,"A"
"610","10","Initiation of Insolvency by Corporate Debtor","2020-08-25 02:06:57",NULL,"A"
"611","10","Aftermath of Initiation of Insolvency","2020-08-25 02:08:43",NULL,"A"
"612","10","Constitution of Committee of Creditors and Filing of Claims","2020-08-25 02:11:53",NULL,"A"
"613","10","Admission/Rejection of a Claim","2020-08-25 02:14:06",NULL,"A"
"614","10","Meetings of CoC and their Duties","2020-08-25 02:15:29",NULL,"A"
"615","10","Role and Duties of the Resolution Professional","2020-08-25 02:17:08",NULL,"A"
"616","10","Inviting Prospective Resolution Applicants","2020-08-25 02:20:03",NULL,"A"
"617","10","Approval/Rejection of Resolution Plan by CoC","2020-08-25 02:22:37",NULL,"A"
"618","10","Approval/Rejection of Resolution Plan by NCLT","2020-08-25 02:24:17",NULL,"A"
"619","98","INTRODUCTION TO LITIGATION RELATED DRAFTING","2020-09-01 02:28:12",NULL,"A"
"620","98","DOMESTIC TAX PROCEEDINGS UNDER INCOME TAX ACT","2020-09-01 02:30:50",NULL,"A"
"621","98","INTERNATIONAL TAXATION AND INCOME TAX ACT","2020-09-01 02:36:34",NULL,"A"
"622","98","INDIRECT TAX LITIGATION","2020-09-01 02:37:30",NULL,"A"
"628","102","General Paper","2020-09-15 02:14:06","2024-04-05 04:02:32","D"
"629","102","LAW","2020-09-15 02:23:06","2024-04-05 04:02:24","D"
"630","103","module","2020-09-18 01:35:45",NULL,"A"
"631","104","Copyright-related enforcement work","2020-09-25 02:18:28","2020-11-02 02:01:05","A"
"632","104","Trademark Registration & Prosecution Work","2020-09-25 02:20:11",NULL,"A"
"633","104","Introduction to patent law","2020-09-25 02:23:55","2020-09-25 02:28:55","A"
"634","104","Patent Specification, Claims and Application","2020-09-25 02:29:13",NULL,"A"
"635","104","Patent Prosecution","2020-09-25 02:33:55","2020-11-02 02:35:56","A"
"636","104","Patent law in the U.S. and international filing of patents","2020-09-25 02:39:21","2020-11-02 02:39:49","A"
"637","105","Introduction to International Commercial Arbitration","2020-10-03 01:27:10",NULL,"A"
"638","105","Seat and Venue in Arbitration","2020-10-03 01:32:40",NULL,"A"
"639","105","How to draft an Arbitration Clause in ICA","2020-10-03 01:33:39",NULL,"A"
"640","105","How to draft a statement of Claim and Defence","2020-10-03 01:34:56","2021-03-27 02:18:02","A"
"641","105","Challenge Procedures and Grandmaster Level Defense Strategies","2020-10-03 01:37:42","2021-03-27 02:47:27","A"
"642","105","Enforcement procedures","2020-10-03 01:38:40",NULL,"A"
"643","105","Latest trends in arbitration proceedings - emergency arbitrations and appellate arbitrations","2020-10-03 01:39:13","2021-03-27 02:54:50","A"
"644","105","How to file petitions in courts of Singapore, United Kingdom, Dubai International Financial Centre, US and Hong Kong for international arbitrations","2020-10-03 01:41:39","2021-03-27 02:56:57","A"
"645","105","Implications of choice of contract law","2020-10-03 01:43:20",NULL,"A"
"646","105","Introduction to Mediation/ conciliation","2020-10-03 01:45:06","2020-10-03 01:47:51","A"
"647","105","Institutional mediation/ conciliation and procedure","2020-10-03 01:48:00",NULL,"A"
"648","120","Introduction to functioning of the Supreme Court","2020-12-26 11:20:51","2021-04-11 01:47:29","A"
"649","120","Different kinds of Supreme Court practices and Role of Lawyers at the Supreme Court","2020-12-26 11:26:06",NULL,"A"
"650","120","Building a Supreme Court Practice","2020-12-26 11:27:53",NULL,"A"
"651","120","Researching and Studying Impugned Order and Judgments","2020-12-26 11:28:57",NULL,"A"
"652","120","Drafting","2020-12-26 11:30:28",NULL,"A"
"653","120","Filing & other procedures","2020-12-26 11:35:18",NULL,"A"
"655","120","Professional Ethics","2020-12-26 11:40:41",NULL,"A"
"656","120","Leading Cases","2020-12-26 11:41:49","2020-12-26 11:43:21","A"
"657","120","Templates","2020-12-26 11:43:35",NULL,"A"
"658","121","Starting Module","2021-01-26 01:10:37","2021-02-04 10:17:29","A"
"659","122","Introduction to Legal Systems","2021-02-03 04:40:32",NULL,"A"
"660","122","International conflict negotiation and resolution","2021-02-03 04:41:56",NULL,"A"
"661","122","Advanced Contract Drafting","2021-02-03 04:43:56","2021-03-12 10:38:26","A"
"662","122","International Commercial Arbitration","2021-02-03 04:48:33",NULL,"A"
"663","122","Doing business with China","2021-02-03 04:51:10","2021-02-03 04:53:44","A"
"664","122","Doing business in the United Kingdom (UK)","2021-02-03 04:53:51",NULL,"A"
"665","122","Doing business in the United States of America (US)","2021-02-03 04:56:19","2021-03-18 03:34:50","A"
"666","122","Doing business in the Middle East","2021-02-03 04:58:51",NULL,"A"
"671","122","Doing business in Singapore","2021-03-17 02:07:43",NULL,"A"
"672","122","Doing business in Japan","2021-03-17 02:11:18",NULL,"A"
"673","122","Doing business in Brazil","2021-03-17 02:13:35",NULL,"A"
"674","122","International taxation and transfer pricing","2021-03-17 02:22:54","2021-03-17 02:26:00","A"
"676","122","How to enter a foreign market","2021-03-17 02:31:24",NULL,"A"
"677","122","Doing business in European Union","2021-03-18 06:04:52","2021-06-14 05:05:33","A"
"678","122","Doing business in Canada","2021-03-18 11:18:53",NULL,"A"
"679","122","Doing business in Russia","2021-03-18 11:22:39",NULL,"A"
"687","120","Preparation for Hearings including Briefing a Senior Advocate","2021-04-11 02:16:16",NULL,"A"
"688","120","Constitutional Matters before the High Courts","2021-04-11 02:18:16",NULL,"A"
"689","130","How to Approach Advocate on Record Exam","2021-04-11 03:08:26",NULL,"A"
"690","130","Drafting","2021-04-11 03:14:12",NULL,"A"
"691","130","Practice and Procedure","2021-04-11 03:21:05","2021-04-11 03:35:44","A"
"692","130","Professional Ethics and Advocacy","2021-04-11 03:35:54",NULL,"A"
"693","130","Leading Cases","2021-04-11 03:40:32",NULL,"A"
"694","130","Question Bank and Past Year Analysis","2021-04-11 03:46:00",NULL,"A"
"695","130","Templates","2021-04-11 03:50:51",NULL,"A"
"696","131","American Legal System, Courts and Regulatory Authorities","2021-04-16 10:03:33",NULL,"A"
"697","131","US Contract Law","2021-04-16 10:04:43",NULL,"A"
"698","131","How to draft contracts under US law","2021-04-16 10:08:34","2022-08-31 06:06:05","D"
"699","131","How to draft various clauses of a general contract","2021-04-16 10:09:41",NULL,"A"
"700","131","General Commercial Contracts and Business Agreements useful for US paralegal work","2021-04-16 10:14:24",NULL,"A"
"701","131","How to Draft US Business Formation Agreements / By laws","2021-04-16 10:16:06",NULL,"A"
"702","131","How to Draft US IP License Agreements","2021-04-16 10:18:26",NULL,"A"
"703","131","How to draft US Technology Agreements","2021-04-16 10:20:44","2021-04-16 10:39:35","A"
"704","131","Contract Enforcement in US","2021-04-16 10:22:41",NULL,"A"
"705","131","Steps in Contract Lifecycle Management","2021-04-16 10:26:47",NULL,"A"
"706","131","Navigating and using freelancing platforms","2021-04-16 10:28:48",NULL,"A"
"707","132","Introduction to the International Legal Regime","2021-04-17 03:30:22",NULL,"A"
"708","132","International Contract Enforcement - Singapore","2021-04-17 03:31:41","2021-04-17 03:33:35","A"
"709","132","Contract Enforcement in the US","2021-04-17 03:33:43",NULL,"A"
"710","132","Contract Enforcement in UK","2021-04-17 03:36:01",NULL,"A"
"711","132","Contract Enforcement in Dubai","2021-04-17 03:37:33",NULL,"A"
"712","132","Contract Enforcement in Hong Kong","2021-04-17 03:38:58",NULL,"A"
"713","132","Contract Enforcement in Canada","2021-04-17 03:40:28",NULL,"A"
"714","132","Contract Enforcement in Japan","2021-04-17 03:41:59",NULL,"A"
"715","132","Contract Enforcement in Brazil","2021-04-17 03:43:22",NULL,"A"
"716","132","Contract Enforcement in Netherlands","2021-04-17 03:44:50",NULL,"A"
"717","132","International Conflict Management and Negotiation","2021-04-17 03:46:07",NULL,"A"
"718","132","Maneuvering Through International Negotiations, Mediations and Conciliations: A Guide for Lawyers","2021-04-17 03:47:12",NULL,"A"
"719","132","Understanding the Anatomy of Contract Drafting","2021-04-17 03:48:12",NULL,"A"
"720","132","How to draft international contracts and notices","2021-04-17 03:52:16",NULL,"A"
"721","132","International Commercial Arbitration as a mode of dispute resolution for international contracts","2021-04-17 03:53:24",NULL,"A"
"722","132","Implications of choice of contract law of Singapore, UK, US, Canada and India","2021-04-17 03:55:07",NULL,"A"
"723","132","Drafting statements of claim and defence","2021-04-17 03:56:23","2021-04-17 03:58:40","A"
"724","132","Templates","2021-04-17 03:58:51",NULL,"A"
"725","134","Research Methodology","2021-04-26 01:01:50",NULL,"A"
"726","134","Research Aptitude","2021-04-26 01:03:22",NULL,"A"
"727","134","Jurisprudence","2021-04-26 01:05:48",NULL,"A"
"728","134","Constitutional and Administrative Law","2021-04-26 01:09:07",NULL,"A"
"729","134","International Law","2021-04-26 01:12:00",NULL,"A"
"730","134","Law of Crimes","2021-04-26 01:14:43",NULL,"A"
"731","134","Law of Torts and Consumer Protection","2021-04-26 01:19:19",NULL,"A"
"732","134","Commercial Law","2021-04-26 01:24:25",NULL,"A"
"733","134","Family Law","2021-04-26 01:32:09",NULL,"A"
"734","134","Environmental and Human Rights Law","2021-04-26 01:33:38",NULL,"A"
"735","134","Intellectual Property Rights and Information Technology Law","2021-04-26 01:34:55",NULL,"A"
"736","134","Comparative Public Law System of Governance","2021-04-26 01:36:31",NULL,"A"
"737","134","Law and Justice in a Globalizing World","2021-04-26 01:38:25",NULL,"A"
"738","126","American legal system & Introduction to intellectual property law in the US","2021-05-06 08:01:54",NULL,"A"
"739","126","Trademark search, filing and prosecution in the US","2021-05-06 08:05:35","2021-05-13 02:35:06","A"
"741","126","Infringement of trademarks and copyright on the internet","2021-05-06 08:11:05",NULL,"A"
"742","126","Anti-counterfeiting mechanisms in the US","2021-05-06 08:17:42","2021-05-06 08:19:44","A"
"743","126","Basic guidelines for drafting intellectual property contracts","2021-05-06 08:19:57",NULL,"A"
"744","126","Monetisation of Intellectual property","2021-05-06 08:24:27",NULL,"A"
"745","126","Technology Contracts and how to draft these","2021-05-06 08:27:48",NULL,"A"
"746","126","Patent law and patent work for paralegals","2021-05-06 08:30:05",NULL,"A"
"747","126","Design protection in the US","2021-05-06 08:33:59",NULL,"A"
"748","126","Protection of trade secrets in the US","2021-05-06 08:35:23",NULL,"A"
"749","126","Intellectual property litigation in the US","2021-05-06 08:36:41",NULL,"A"
"750","126","Navigating and using freelancing platforms","2021-05-06 08:38:01",NULL,"A"
"751","126","Bonus Module: How to perform UK Intellectual Property Office work","2021-05-13 03:14:15",NULL,"A"
"752","9","Trademark Law and Registration","2021-05-13 05:26:51",NULL,"A"
"753","9","Trademark Monetization Techniques","2021-05-13 05:32:57",NULL,"A"
"754","9","Trademark Infringement & Litigation","2021-05-13 05:34:54",NULL,"A"
"755","9","Patent Law","2021-05-13 05:38:16",NULL,"A"
"756","9","GI & Designs Law","2021-05-13 05:54:44",NULL,"A"
"757","9","Basic Guideline for Drafting Contracts","2021-05-13 05:56:46",NULL,"A"
"758","9","IP and Business Transactions","2021-05-13 06:00:25","2021-05-13 06:03:44","A"
"759","9","Media & Policy","2021-05-13 06:03:57",NULL,"A"
"760","9","Print Media Regulatory Framework","2021-05-13 06:05:27","2021-05-13 06:06:17","A"
"761","9","Entertainment TV, News and Current Affairs","2021-05-13 06:06:27",NULL,"A"
"762","9","Television Disputes","2021-05-13 06:07:42",NULL,"A"
"763","9","Film/Online Content/ Music","2021-05-13 06:08:25",NULL,"A"
"764","9","Radio","2021-05-13 06:12:31",NULL,"A"
"765","9","Defamation, Blasphemy, Sedition & Obscenity in Media","2021-05-13 06:12:56",NULL,"A"
"766","136","Introduction to Data Collection, Processing, Protection and transfer","2021-05-26 05:21:58",NULL,"A"
"767","136","Data Processing Agreements and related work","2021-05-26 05:24:31",NULL,"A"
"768","136","Compliance and Governance requirements","2021-05-26 05:27:23",NULL,"A"
"769","136","Data protection disputes and litigation","2021-05-26 05:28:57",NULL,"A"
"770","136","Privacy Risk Management","2021-05-26 05:31:48",NULL,"A"
"771","136","Data protection legislations in the EU: EU GDPR","2021-05-26 05:33:06",NULL,"A"
"772","136","Data protection laws in European Countries","2021-05-26 05:35:58",NULL,"A"
"773","136","Data Protection in UK post Brexit","2021-05-26 05:38:01",NULL,"A"
"774","136","Data protection laws in the US: Federal and State laws","2021-05-26 05:38:57",NULL,"A"
"775","136","Data Protection Law in Canada","2021-05-26 05:40:13",NULL,"A"
"776","136","Data Protection Law in South East Asia","2021-05-26 05:42:32","2022-12-14 06:43:14","A"
"777","136","Data Protection Regime: Middle East and India","2021-05-26 05:45:03","2023-09-21 04:49:03","A"
"779","137","USA (CIPP/US) (September - October 2021)","2021-05-27 08:25:21",NULL,"A"
"782","140","The American Legal System and Corporate Sector","2021-06-11 10:31:45",NULL,"A"
"783","140","Registering an entity in the US and Conversions","2021-06-11 10:37:56","2021-06-11 10:47:02","A"
"784","140","Officers, decision making and governance in US companies","2021-06-11 10:49:03",NULL,"A"
"785","140","Changes in capital, share transactions and borrowing transactions","2021-06-11 11:00:30",NULL,"A"
"786","140","Funding methods and investment process","2021-06-11 11:07:14",NULL,"A"
"787","140","Mergers and acquisitions","2021-06-11 11:13:10",NULL,"A"
"788","140","Foreign Corporations","2021-06-12 05:24:20",NULL,"A"
"789","140","US Bankruptcy and insolvency","2021-06-12 05:27:03",NULL,"A"
"790","140","Capital markets and listing","2021-06-12 05:29:57",NULL,"A"
"791","140","Takeovers (including hostile takeovers)","2021-06-12 05:35:31",NULL,"A"
"792","140","Corporate litigation","2021-06-12 05:39:55",NULL,"A"
"793","140","Navigating through various platforms to get corporate paralegal opportunities","2021-06-12 05:43:00",NULL,"A"
"794","141","Glimpse of technology laws around the world","2021-06-25 07:50:47",NULL,"A"
"795","141","Technology Licensing and Transfers","2021-06-25 07:53:47",NULL,"A"
"796","141","Overview of data protection laws and notification requirements around the world","2021-06-25 07:54:46",NULL,"A"
"797","141","Legal work in e-commerce industry","2021-06-25 07:57:24",NULL,"A"
"798","141","Regulation of payments and FinTech around the world","2021-06-25 07:58:49",NULL,"A"
"799","141","Types of Cybercrimes and Cybercrime laws around the world","2021-06-25 08:02:19",NULL,"A"
"800","141","Artificial intelligence and Robotics","2021-06-25 08:03:24",NULL,"A"
"801","141","How are cryptocurrency businesses regulated across the world","2021-06-25 08:04:43",NULL,"A"
"802","141","What is Internet of Things (IoT) and how do businesses use IoT?","2021-06-25 08:06:52",NULL,"A"
"803","142","Introduction to American Legal System and Technology Law","2021-06-26 12:50:07",NULL,"A"
"804","142","Basics of Technology Contracts","2021-06-26 01:03:27",NULL,"A"
"805","142","Technology Licensing and Transfers","2021-06-26 01:04:50",NULL,"A"
"806","142","How to assist US lawyers with software patent filing and documentation work","2021-06-26 01:29:46",NULL,"A"
"807","142","Electronic Signatures","2021-06-26 01:31:07",NULL,"A"
"808","142","Data Protection and Privacy laws","2021-06-26 01:32:50",NULL,"A"
"809","142","Regulation of Blockchain and Cryptocurrency in US","2021-06-26 01:34:33",NULL,"A"
"810","142","Cybercrimes and Cybersecurity","2021-06-26 01:37:38",NULL,"A"
"811","142","How is use of Artificial Intelligence regulated in the US","2021-06-26 01:38:57",NULL,"A"
"812","142","How do cloud computing companies work?","2021-06-26 01:39:59",NULL,"A"
"813","142","How do data centres work?","2021-06-26 01:41:07",NULL,"A"
"814","142","FinTech Regulation in the US","2021-06-26 01:42:09","2021-06-26 01:43:28","A"
"815","142","LegalTech Sector in the US","2021-06-26 01:43:36",NULL,"A"
"816","142","How does the gaming sector work and what are the regulations applicable to it?","2021-06-26 01:44:48",NULL,"A"
"817","142","Overview of work in the US e-commerce industry","2021-06-26 01:46:53",NULL,"A"
"818","142","Business Models, Agreements and other work in the FoodTech industry","2021-06-26 01:48:32",NULL,"A"
"819","142","Business Models, Agreements and other work in the HealthTech industry","2021-06-26 01:50:47",NULL,"A"
"820","142","Emerging technologies and their regulation","2021-06-26 01:52:05",NULL,"A"
"821","142","Navigating different platforms to secure technology law and contract work","2021-06-26 01:56:16",NULL,"A"
"822","143","Overview of Trademarks","2021-06-30 01:53:20",NULL,"A"
"823","143","Registration and Protection of Trademarks","2021-06-30 01:55:55",NULL,"A"
"824","143","Trademark Monetization Techniques, Contracts and Case Studies","2021-06-30 02:02:05",NULL,"A"
"825","143","Trademark Infringement and Litigation Process","2021-06-30 02:04:13",NULL,"A"
"826","143","Trademark and copyright infringement in cyberspace","2021-06-30 02:06:41",NULL,"A"
"827","143","Patent Law","2021-06-30 02:08:21",NULL,"A"
"828","143","GI & Designs Law","2021-06-30 02:21:58",NULL,"A"
"829","143","IP and Business Transactions","2021-06-30 02:24:15",NULL,"A"
"830","99","Overview of Trademarks","2021-06-30 03:01:26",NULL,"A"
"831","99","Registration and Protection of Trademarks","2021-06-30 03:02:43",NULL,"A"
"832","145","Regulatory Framework for the Media Sector","2021-06-30 03:39:52",NULL,"A"
"833","145","Contracts and Licensing in Music and Film Industry","2021-06-30 03:43:13",NULL,"A"
"834","145","Other Contracts for IP Monetization","2021-06-30 03:46:18",NULL,"A"
"835","145","Disputes in the Media & Entertainment Sector","2021-06-30 03:47:06",NULL,"A"
"836","142","Test","2021-07-21 08:54:21",NULL,"D"
"837","99","Test Module","2021-07-21 08:56:09",NULL,"A"
"838","147","INTRODUCTION TO COMPETITION LAW","2021-07-24 01:59:59",NULL,"A"
"839","147","ANTI-COMPETITIVE AGREEMENTS","2021-07-24 02:01:29",NULL,"A"
"840","147","ABUSE OF DOMINANCE","2021-07-24 02:04:47",NULL,"A"
"841","147","INQUIRY AND INVESTIGATION IN ENFORCEMENT CASES","2021-07-24 02:06:56",NULL,"A"
"842","147","COMPETITION LAW AND IP","2021-07-24 02:09:34",NULL,"A"
"843","147","M&A & COMPETITION LAW","2021-07-24 02:11:13",NULL,"A"
"844","147","INTERNATIONAL AND COMPARATIVE COMPETITION LAW","2021-07-24 02:14:46",NULL,"A"
"845","148","Interplay between SEBI, Stock and Commodity Exchanges, Listed entities and intermediaries","2021-07-24 03:57:12",NULL,"A"
"846","148","Introduction to capital markets","2021-07-24 04:00:21",NULL,"A"
"847","148","Public issues and listing","2021-07-24 04:01:47",NULL,"A"
"848","148","Other types of issues and methods to invite capital","2021-07-24 04:03:36",NULL,"A"
"849","148","Interaction with SEBI / Stock Exchanges","2021-07-24 04:04:42",NULL,"A"
"850","148","Requirements for being continuously listed","2021-07-24 04:05:46",NULL,"A"
"851","148","How to handle takeovers: violations which could result in action and pitfalls","2021-07-24 04:21:12",NULL,"A"
"852","148","How to avoid or deal with regulatory action in relation to insider trading","2021-07-24 04:29:01",NULL,"A"
"853","148","Fraudulent and unfair trade practices in securities market and proceedings against these","2021-07-24 04:33:10",NULL,"A"
"854","148","Intermediaries regulated by SEBI: Who, What and How","2021-07-24 04:34:10",NULL,"A"
"855","148","How delisting can result in litigation","2021-07-24 04:40:18",NULL,"A"
"856","148","Proceedings before SEBI: Notice, response and settlement","2021-07-24 04:42:39",NULL,"A"
"857","148","Securities Appellate Tribunal and its Jurisdiction","2021-07-24 04:45:48",NULL,"A"
"858","148","Appeal before the Securities Appellate Tribunal and hearing","2021-07-24 04:47:37",NULL,"A"
"859","148","What to do next after a SAT Order","2021-07-24 04:49:57",NULL,"A"
"860","149","Introduction to Law Firm Practice","2021-07-24 05:20:03",NULL,"A"
"861","149","General Corporate, Investment, M&A and Financing","2021-07-24 05:21:52",NULL,"A"
"862","149","Dispute Resolution and Taxation","2021-07-24 05:23:27",NULL,"A"
"863","149","Emerging areas in  a Law Firm Practice","2021-07-24 05:25:30",NULL,"A"
"864","16","Winding up of a company","2021-07-25 04:54:11",NULL,"A"
"865","16","Insolvency and Bankruptcy","2021-07-25 04:54:59",NULL,"A"
"866","16","SEBI regulations applicable to listed entities","2021-07-25 04:56:25",NULL,"A"
"867","16","Securities Appellate Tribunal","2021-07-25 04:58:51",NULL,"A"
"868","150","Introduction to the International Legal Regime","2021-07-25 05:19:34",NULL,"A"
"869","150","International Conflict Management and Negotiation","2021-07-25 05:20:30",NULL,"A"
"870","150","Understanding the Anatomy of Contract Drafting","2021-07-25 05:23:54",NULL,"A"
"871","150","International Commercial Arbitration","2021-07-25 05:27:22",NULL,"A"
"872","150","Doing business with China","2021-07-25 05:32:12",NULL,"A"
"873","150","Doing business in the United Kingdom (UK)","2021-07-25 05:34:01",NULL,"A"
"874","150","Doing business in the United States of America (US)","2021-07-25 05:36:50",NULL,"A"
"875","150","Doing business in the Middle East","2021-07-25 05:40:21",NULL,"A"
"876","150","Doing business in Singapore","2021-07-25 05:42:18",NULL,"A"
"877","150","Doing business in Japan","2021-07-25 05:45:32",NULL,"A"
"878","150","Doing business in Brazil","2021-07-25 05:48:43",NULL,"A"
"879","150","International taxation and transfer","2021-07-25 05:51:50",NULL,"A"
"880","150","How to enter a foreign market","2021-07-25 05:56:05",NULL,"A"
"881","150","Doing business in European Union","2021-07-25 05:56:47",NULL,"A"
"882","150","Doing business in Canada","2021-07-25 06:00:00",NULL,"A"
"883","150","Doing business in Russia","2021-07-25 06:02:48",NULL,"A"
"884","152","INTRODUCTION TO DRAFTING AND FORMATTING","2021-08-13 04:29:45",NULL,"A"
"885","152","ANATOMY AND EXECUTION OF COMMERCIAL CONTRACTS","2021-08-13 04:31:04",NULL,"A"
"886","152","CONTRACT NEGOTIATION","2021-08-13 04:33:31",NULL,"A"
"887","152","LENDING AND RELATED CONCEPTS","2021-08-13 04:34:29",NULL,"A"
"888","152","LOAN AND SECURITY DOCUMENTATION","2021-08-13 04:35:38",NULL,"A"
"889","152","CONTRACTUAL TERMS IN LOAN DOCUMENTS","2021-08-13 04:39:32",NULL,"A"
"890","152","STATUTORY ASPECTS OF LENDING","2021-08-13 04:40:49",NULL,"A"
"891","152","RECOVERY LITIGATION UNDER SARFAESI ACT AND RDB ACT","2021-08-13 04:42:37",NULL,"A"
"892","152","RECOVERY LITIGATION UNDER IBC","2021-08-13 04:43:43",NULL,"A"
"893","152","RECOVERY LITIGATION OTHER THAN INSOLVENCY AND BANKRUPTCY CODE","2021-08-13 04:46:20",NULL,"A"
"894","152","RECOVERY LITIGATION: CIVIL SUITS","2021-08-13 04:47:50",NULL,"A"
"895","152","OTHER ENFORCEMENT MECHANISMS","2021-08-13 04:48:55",NULL,"A"
"896","152","SPECIALIZED LOANS: LEGAL FRAMEWORK AND RECOVERY","2021-08-13 04:50:12",NULL,"A"
"897","152","RESTRUCTURING OF DEBT IN INDIA","2021-08-13 04:51:37",NULL,"A"
"898","152","FINTECH, ARTIFICIAL INTELLIGENCE, MACHINE LEARNING AND THE LAW","2021-08-13 04:53:17",NULL,"A"
"899","153","JURISDICTION OF NCLT UNDER COMPANY LAW","2021-08-14 11:34:55",NULL,"A"
"900","153","TYPES OF COMPANIES AND MATTERS RELATING TO EXISTENCE OR DISSOLUTION OF COMPANIES","2021-08-14 11:35:27",NULL,"A"
"901","153","BASIC CONCEPTS OF SECURITIES AND MATTERS RELATED TO CHANGE IN CAPITAL","2021-08-14 11:36:49","2021-09-22 05:08:14","A"
"902","153","BASIC CONCEPTS RELATED TO THE MANAGEMENT OF COMPANIES AND MATTERS RELATED TO OPPRESSION AND MISMANAGEMENT","2021-08-14 11:39:38",NULL,"A"
"903","153","OTHER MATTERS ADJUDICATED BY NCLT","2021-08-14 11:41:59","2021-09-22 05:12:22","A"
"904","153","OVERVIEW OF INSOLVENCY LAWS IN INDIA","2021-08-14 11:42:37",NULL,"A"
"905","153","INITIATION OF INSOLVENCY BY A FINANCIAL CREDITOR","2021-08-14 11:43:34","2021-08-14 11:45:05","A"
"906","153","INITIATION OF INSOLVENCY AS AN OPERATIONAL CREDITORS","2021-08-14 11:45:17",NULL,"A"
"907","153","INITIATION OF INSOLVENCY BY CORPORATE DEBTOR","2021-08-14 11:46:04",NULL,"A"
"908","153","AFTERMATH OF FILING AN APPLICATION FOR INITIATION OF INSOLVENCY","2021-08-14 11:46:27",NULL,"A"
"909","153","CONSTITUTION OF COMMITTEE OF CREDITORS AND FILING OF CLAIMS","2021-08-14 11:46:52","2021-09-22 05:22:03","A"
"910","153","ADMISSION / REJECTION OF CLAIMS","2021-08-14 11:47:16","2021-09-22 05:22:37","A"
"911","153","MEETINGS OF COC AND THEIR DUTIES","2021-08-14 11:47:55",NULL,"A"
"912","153","ROLE AND DUTIES OF THE RESOLUTION PROFESSIONAL","2021-08-14 11:48:12",NULL,"A"
"913","153","INVITING PROSPECTIVE RESOLUTION APPLICANTS","2021-08-14 11:48:31",NULL,"A"
"914","153","APPROVAL / REJECTION OF RESOLUTION PLAN BY COMMITTEE OF CREDITORS (COC)","2021-08-14 11:49:01","2021-09-22 05:24:28","A"
"915","153","APPROVAL / REJECTION OF RESOLUTION PLAN BY NCLT","2021-08-14 11:49:25",NULL,"A"
"916","153","APPEALS FROM NCLT ORDERS UNDER COMPANIES ACT AND IBC TO NCLAT","2021-08-14 11:49:54",NULL,"A"
"917","153","FILING A SPECIAL LEAVE PETITION BEFORE THE SUPREME COURT","2021-08-14 11:50:39","2021-09-22 05:25:15","A"
"918","155","EUROPE - (CIPP/E)  (July - August 2021)","2021-08-24 02:58:35",NULL,"A"
"919","156","CANADA - (CIPP/C)","2021-08-25 10:58:10","2021-08-27 02:42:12","A"
"920","157","ASIA (CIPP/A)","2021-08-27 02:59:33","2022-05-22 12:54:31","D"
"921","160","Goal-setting and planning for an LLM","2021-08-28 03:58:21",NULL,"A"
"922","160","Crafting your CV","2021-08-28 03:59:45","2021-08-28 05:35:31","A"
"923","160","How to create your Statement Of Purpose","2021-08-28 04:02:33",NULL,"A"
"924","160","Scholarships and scholarship letters","2021-08-28 04:06:37",NULL,"A"
"925","160","Reference Letters for Foreign LLMs","2021-08-28 04:08:15",NULL,"A"
"926","160","Legal Writing & Research","2021-08-28 04:09:50",NULL,"A"
"927","6","REVIEW AND PROOFREAD LEGAL DOCUMENTS","2021-09-09 06:01:12","2022-08-08 03:56:22","A"
"928","6","MAINTENANCE OF RECORDS AND DOCUMENTATION IN A LAW FIRM","2021-09-09 06:02:38","2022-08-08 03:56:10","A"
"929","5","MAINTENANCE OF RECORDS AND DOCUMENTATION IN A LAW FIRM","2021-09-09 06:24:55","2022-08-08 03:53:20","A"
"930","95","Principles of Professional Practice and Knowledge Management","2021-09-09 06:43:16","2022-08-08 03:52:26","A"
"931","2","DOCUMENT DESIGN AND STRUCTURE","2021-09-09 07:32:51","2022-07-16 02:27:55","A"
"932","2","DEVELOPMENT OF LEGAL DOCUMENTS","2021-09-09 07:34:17","2022-07-16 02:28:55","A"
"933","3","Initiation of Criminal Proceedings","2021-09-13 01:11:45",NULL,"A"
"934","3","Post FIR Proceedings","2021-09-13 01:20:49",NULL,"A"
"935","3","Arrest and Bail","2021-09-13 01:43:54",NULL,"A"
"936","3","Investigations","2021-09-13 01:46:21",NULL,"A"
"937","3","Trials","2021-09-13 01:53:39",NULL,"A"
"938","3","Evidence","2021-09-13 01:55:21",NULL,"A"
"939","3","Cross-Examination","2021-09-13 01:57:31",NULL,"A"
"940","3","Appeals and Revision","2021-09-13 01:59:22","2021-09-13 02:03:02","A"
"941","3","Drafting work in criminal litigation","2021-09-13 02:03:21",NULL,"A"
"942","3","Special Legislations","2021-09-13 02:04:43",NULL,"A"
"943","3","Litigation Strategy, Filing and Case Management","2021-09-13 02:06:07",NULL,"A"
"944","3","How to thrive as a criminal lawyer","2021-09-13 02:08:05",NULL,"A"
"945","3","Templates","2021-09-13 02:10:29",NULL,"A"
"946","76","DOCUMENT DESIGN AND STRUCTURE","2021-09-18 01:05:10","2022-08-08 03:50:06","A"
"947","76","DEVELOPMENT OF LEGAL DOCUMENTS","2021-09-18 01:06:25","2022-08-08 03:50:16","A"
"948","166","The American Legal System and Corporate Sector","2021-10-08 03:44:16",NULL,"A"
"949","166","Registering an entity in the US and Conversions","2021-10-08 03:45:53",NULL,"A"
"950","166","Officers, decision making and governance in US companies","2021-10-08 03:50:38",NULL,"A"
"951","166","Changes in capital, share transactions and borrowing transactions","2021-10-08 03:54:01",NULL,"A"
"952","166","Funding methods and investment process","2021-10-08 03:55:45",NULL,"A"
"953","166","Mergers and acquisitions","2021-10-08 03:57:46",NULL,"A"
"954","166","Foreign Corporations","2021-10-08 03:59:48",NULL,"A"
"955","166","US Bankruptcy and insolvency","2021-10-08 04:01:43",NULL,"A"
"956","166","Capital markets and listing","2021-10-08 04:03:13","2021-10-08 04:12:23","A"
"957","166","Takeovers (including hostile takeovers)","2021-10-08 04:06:20",NULL,"A"
"958","166","Corporate litigation","2021-10-08 04:08:36",NULL,"A"
"959","166","Navigating through various platforms to get corporate paralegal opportunities","2021-10-08 04:09:19",NULL,"A"
"960","168","राजस्थान, मध्य प्रदेश, झारखंड, उत्तर प्रदेश, उत्तराखंड, छत्तीसगढ़, बिहार के पेपर पैटर्न पर फोकस है।","2021-11-26 01:16:45","2021-11-26 01:21:17","A"
"961","172","Tax on Business Income","2022-01-07 05:37:11",NULL,"A"
"962","172","Tax on Executive Remuneration: Assessment and Litigation Proceedings","2022-01-07 05:42:08","2024-02-03 07:44:46","A"
"963","172","Tax Deduction at Source/ Withholding Tax: Key litigious issues in domestic and international tax","2022-01-07 05:43:16","2024-02-03 07:45:40","A"
"964","172","Deductibility of business and professional expense","2022-01-07 05:44:46",NULL,"A"
"965","172","Tax on M&A and Other Business Transactions","2022-01-07 05:45:30",NULL,"A"
"966","172","Benami Transactions and Black Money Law","2022-01-07 05:46:33",NULL,"A"
"967","172","How to comply with tax laws","2022-01-07 05:48:32",NULL,"A"
"968","172","Consequences of violation of tax laws","2022-01-07 05:49:21",NULL,"A"
"969","172","International taxation and DTAAs","2022-01-07 05:50:46",NULL,"A"
"970","172","Tax Havens and Structuring","2022-01-07 05:52:42",NULL,"A"
"971","172","Advanced Issues in International Tax","2022-01-07 05:55:43",NULL,"A"
"972","172","International Tax: Penalties & Dispute Resolution","2022-01-07 05:57:10",NULL,"A"
"973","172","International Transfer Pricing","2022-01-07 05:58:59",NULL,"A"
"974","172","Stamp duty","2022-01-07 06:00:52",NULL,"A"
"975","172","Goods and Services Tax","2022-01-07 06:02:07",NULL,"A"
"976","172","Tax Litigation: Drafting and Filing Before Different Authorities","2022-01-07 06:04:37",NULL,"A"
"977","172","Introduction Of Litigation Related Drafting","2022-01-07 06:05:18",NULL,"A"
"978","172","Domestic Tax Proceedings Under Income Tax Act","2022-01-07 06:07:39",NULL,"A"
"979","172","International Taxation And Income Tax Act","2022-01-07 06:09:16",NULL,"A"
"980","172","Indirect Tax Litigation","2022-01-07 06:10:46",NULL,"A"
"981","173","Overview of legal framework for CSR","2022-01-13 05:04:36",NULL,"A"
"982","173","Understanding CSR implementation for different organizations","2022-01-13 05:05:37",NULL,"A"
"983","173","Role of HR Managers, CHROs and HR directors in conceptualisation and implementation of CSR initiatives","2022-01-13 05:06:41",NULL,"A"
"984","173","How to draft a CSR policy","2022-01-13 05:09:31",NULL,"A"
"985","173","CSR compliance as per ISO 26000 standards","2022-01-13 05:10:49",NULL,"A"
"986","173","Creation and functioning of the CSR Committee","2022-01-13 05:11:56",NULL,"A"
"987","173","Taxation of CSR activities","2022-01-13 05:12:46",NULL,"A"
"988","174","Drafting for HR Managers","2022-01-13 06:32:24",NULL,"A"
"989","174","Introduction to Contract Drafting for HR Managers","2022-01-13 06:33:14",NULL,"A"
"990","174","How to respond to Government notices and orders","2022-01-13 06:34:32",NULL,"A"
"991","174","How to draft important contractual instruments","2022-01-13 06:35:03",NULL,"A"
"992","174","How to draft employee handbook and policies","2022-01-13 06:35:53","2023-03-07 12:49:06","A"
"993","175","Concept and Framework of Corporate Governance","2022-01-13 08:06:07",NULL,"A"
"994","175","Board Effectiveness, Ethics and Governance","2022-01-13 08:07:02",NULL,"A"
"995","175","How to obtain information about a company","2022-01-13 08:10:23",NULL,"A"
"996","175","Directors and Key Managerial Personnel & their liability","2022-01-13 08:12:11",NULL,"A"
"997","175","Liability of Directors","2022-01-13 08:14:45",NULL,"A"
"998","175","Inter-corporate transactions and RPTs","2022-01-13 08:16:09",NULL,"A"
"999","175","Capital Markets and Share related dealings","2022-01-13 08:18:22",NULL,"A"
"1000","175","SEBI regulations applicable to listed entities","2022-01-13 08:20:10",NULL,"A"
"1001","175","Role of Auditors and Corporate Fraud","2022-01-13 08:22:43",NULL,"A"
"1002","176","Role of HR in an organisation - a startup founder/ CXOs perspective","2022-01-13 08:44:17",NULL,"A"
"1003","176","Key strategic HR initiatives from a startup’s perspective","2022-01-13 08:45:58",NULL,"A"
"1004","176","HR and data protection-related work in respect of tech startups","2022-01-13 08:46:55",NULL,"A"
"1005","176","How to engage with lawyers on HR-related projects and initiatives","2022-01-13 08:48:51",NULL,"A"
"1006","176","How to find international remote work projects around strategic HR","2022-01-13 08:50:51",NULL,"A"
"1007","177","Companies Act","2022-01-13 09:33:46","2022-11-23 04:51:49","A"
"1008","177","Securities Law","2022-01-13 09:34:43","2022-11-23 04:52:24","A"
"1009","177","Basic Accountancy","2022-01-13 09:35:07","2022-11-23 04:52:41","A"
"1010","177","Governance","2022-01-13 09:35:37","2022-11-23 04:53:25","A"
"1011","178","Syllabus for how to use right to information  like and expert","2022-01-19 12:41:48","2022-01-19 12:52:16","A"
"1012","180","Arbitration Agreement and Clause","2022-02-18 08:13:54",NULL,"A"
"1013","180","Commencement of arbitral  proceedings","2022-02-18 08:17:26",NULL,"A"
"1014","180","Interim measures","2022-02-18 08:21:35",NULL,"A"
"1015","180","Drafting and filing a petition for appointment of arbitrator","2022-02-18 08:26:13",NULL,"A"
"1016","180","Statement of Claims","2022-02-18 08:27:10",NULL,"A"
"1017","180","Statement of Defense and Counterclaim","2022-02-18 08:28:06",NULL,"A"
"1018","180","Evidence by Parties","2022-02-18 08:28:58",NULL,"A"
"1019","180","Cross Examination","2022-02-18 08:31:48",NULL,"A"
"1020","180","Execution of arbitral awards","2022-02-18 08:32:39",NULL,"A"
"1021","180","Challenge of arbitral awards","2022-02-18 08:33:40",NULL,"A"
"1022","180","Appeals","2022-02-18 08:34:36",NULL,"A"
"1023","180","Conciliation and Mediation","2022-02-18 08:35:47",NULL,"A"
"1024","180","INTERNATIONAL COMMERCIAL ARBITRATION","2022-02-18 08:38:22",NULL,"A"
"1025","180","Introduction to International Commercial Arbitration","2022-02-18 08:38:43",NULL,"A"
"1026","180","Seat and Venue in Arbitration","2022-02-18 08:40:56",NULL,"A"
"1027","180","How to draft an Arbitration Clause in ICA","2022-02-18 08:41:48",NULL,"A"
"1028","180","Latest trends in arbitration proceedings - emergency arbitrations and appellate arbitrations","2022-02-18 08:43:35",NULL,"A"
"1029","180","How to draft a statement of Claim and Defense","2022-02-18 08:45:31",NULL,"A"
"1030","180","Appointment and Challenge mechanism of Arbitral Tribunal","2022-02-18 08:48:09",NULL,"A"
"1031","180","Jurisdiction of Arbitral Tribunal","2022-02-18 08:50:00",NULL,"A"
"1032","180","Evidence and Hearings in International Commercial Arbitration","2022-02-18 08:51:18",NULL,"A"
"1033","180","Challenge Procedures and Grandmaster Level Defense Strategies","2022-02-18 08:52:40",NULL,"A"
"1034","180","Enforcement procedures","2022-02-18 08:53:39",NULL,"A"
"1035","180","How to file petitions in courts of Singapore, United Kingdom, Dubai International Financial Centre, US and Hong Kong for international arbitrations","2022-02-18 08:55:24",NULL,"A"
"1036","180","Investment Arbitration","2022-02-18 08:57:07",NULL,"A"
"1037","180","Implications of choice of contract law of Singapore, UK, US, Canada and India","2022-02-18 08:57:53",NULL,"A"
"1038","180","Introduction to Mediation/Conciliation","2022-02-18 08:59:37",NULL,"A"
"1039","180","Institutional mediation/ conciliation","2022-02-18 09:01:21",NULL,"A"
"1040","181","Introduction to functioning of the Supreme Court","2022-02-19 12:31:18",NULL,"A"
"1041","181","Different kinds of Supreme Court practises and Role of Lawyers at the Supreme Court","2022-02-19 12:33:26",NULL,"A"
"1042","181","Building a Supreme Court Practice","2022-02-19 12:37:30",NULL,"A"
"1043","181","Researching and Studying Impugned Order and Judgments","2022-02-19 12:38:41",NULL,"A"
"1044","181","Drafting","2022-02-19 12:39:43",NULL,"A"
"1045","181","Filing & other procedures","2022-02-19 12:44:55",NULL,"A"
"1046","181","Preparation for Hearings including Briefing a Senior Advocate","2022-02-19 12:46:27",NULL,"A"
"1047","181","Webinars with Supreme Court practitioners","2022-02-19 12:47:29",NULL,"A"
"1048","181","Professional Ethics","2022-02-19 12:49:13",NULL,"A"
"1049","181","Leading Cases","2022-02-19 12:51:46",NULL,"A"
"1050","181","Question Bank and Past Year Analysis","2022-02-19 12:53:52",NULL,"A"
"1051","182","Jurisdiction of NCLT under Company law","2022-02-20 05:51:23",NULL,"A"
"1052","182","Types of companies and matters relating to existence or dissolution of companies","2022-02-20 05:52:20",NULL,"A"
"1053","182","Basic concepts related to the management of companies and matters related to oppression and mismanagement","2022-02-20 05:55:00",NULL,"A"
"1054","182","Initiation of insolvency by a financial creditor","2022-02-20 05:56:13",NULL,"A"
"1055","182","Initiation of insolvency by an operational creditor","2022-02-20 05:57:51",NULL,"A"
"1056","182","Initiation of insolvency by corporate debtor","2022-02-20 05:59:48",NULL,"A"
"1057","182","Aftermath of filing an application for initiation of insolvency","2022-02-20 06:00:21",NULL,"A"
"1058","182","Constitution of Committee of Creditors and filing of claims","2022-02-20 06:01:01",NULL,"A"
"1059","182","Admission/Rejection of claims","2022-02-20 06:01:51",NULL,"A"
"1060","182","Meetings of CoC and their duties","2022-02-20 06:02:33",NULL,"A"
"1061","182","Role and duties of the resolution professional","2022-02-20 06:03:10",NULL,"A"
"1062","182","Inviting prospective resolution applicants","2022-02-20 06:03:26",NULL,"A"
"1063","182","Approval/Rejection of resolution plan by NCLT","2022-02-20 06:04:03",NULL,"A"
"1064","182","Appeals from NCLT orders under Companies Act and IBC to NCLAT","2022-02-20 06:04:46",NULL,"A"
"1065","182","Filing a Civil Appeal before the Supreme Court","2022-02-20 06:05:39",NULL,"A"
"1066","182","Other matters adjudicated by NCLT","2022-02-20 06:06:03",NULL,"A"
"1067","182","Recovery Litigation Under SARFAESI Act and RDB Act","2022-02-20 06:06:36",NULL,"A"
"1068","182","Recovery Litigation: Civil suits","2022-02-20 06:07:19",NULL,"A"
"1069","182","Dispute resolution under RERA","2022-02-20 06:08:12",NULL,"A"
"1070","182","Interaction of RERA with other legislations","2022-02-20 06:09:36",NULL,"A"
"1071","182","Commercial Courts Act, 2015","2022-02-20 06:11:12",NULL,"A"
"1072","185","Role and expectations from a virtual assistant","2022-03-15 06:25:46","2022-08-10 02:39:37","A"
"1073","185","Organizational design of a funded startup/mid-sized organization","2022-03-15 06:27:13","2022-03-25 11:23:14","A"
"1074","185","Document design, structure and review","2022-03-15 06:28:00","2022-08-10 02:39:23","A"
"1075","185","Key software to be an effective virtual assistant","2022-03-15 06:29:48",NULL,"A"
"1076","185","Maintenance of records and documentation","2022-03-15 06:31:21","2022-08-10 02:39:13","A"
"1077","185","Formal and Informal communication","2022-03-15 06:32:25","2022-08-10 02:39:02","A"
"1078","185","E-mail communication","2022-03-15 06:33:51","2022-08-10 02:38:51","A"
"1079","185","Communicating on telephone calls, audio conference calls and WhatsApp","2022-03-15 06:34:42",NULL,"A"
"1080","185","Calendar Management","2022-03-15 06:36:06","2022-08-10 02:38:42","A"
"1081","185","Meeting Management","2022-03-15 06:37:00","2022-08-10 02:34:34","A"
"1082","185","How to Assist on Operations and Administrative Work","2022-03-15 06:38:03","2022-08-10 02:34:13","A"
"1083","185","Project Management","2022-03-15 06:39:27",NULL,"A"
"1084","185","Conducting basic research","2022-03-15 06:40:32","2022-08-10 02:33:59","A"
"1085","185","Knowledge Management in an organisation","2022-03-15 06:41:37","2022-08-10 02:26:35","A"
"1086","185","Marketing","2022-03-15 06:42:41","2022-08-10 02:26:24","A"
"1087","185","Social Media Marketing and Management","2022-03-15 06:44:09","2022-08-10 02:25:57","A"
"1088","185","Website and Blog Management","2022-03-15 06:45:20",NULL,"A"
"1089","185","Navigating and using freelancing platforms","2022-03-15 06:46:22",NULL,"A"
"1090","185","Ensure up-keep of office premises and smooth operation of office facilities","2022-03-25 04:45:14","2022-08-10 02:25:43","A"
"1091","185","Manage vendors for procurement of office supplies and services","2022-03-25 04:51:01","2022-08-10 02:25:27","A"
"1092","185","Maintain and issue office stationery and supplies","2022-03-25 05:00:10","2022-08-10 02:25:17","A"
"1093","185","Organise for local transport and out-station ticketing for staff in co-ordination with travel vendor","2022-03-25 05:05:44","2022-08-10 02:25:08","A"
"1094","185","Organize for readiness of meeting rooms and venues for office meetings and events","2022-03-25 05:10:08","2022-08-10 02:24:55","A"
"1095","185","Use computers to store, retrieve and communicate information","2022-03-25 05:24:19","2022-08-10 02:24:43","A"
"1096","185","Workplace safety","2022-03-25 05:29:33","2022-08-10 02:24:34","A"
"1097","185","Fire safety","2022-03-25 05:33:40","2022-08-10 02:24:22","A"
"1098","185","Emergency, Rescue and First Aid","2022-03-25 05:36:01","2022-08-10 02:24:13","A"
"1099","185","Communicating with Colleagues (Seniors, Peers and Subordinates)","2022-03-25 05:39:20","2022-08-10 02:23:59","A"
"1100","185","Communicating with Clients and Visitors","2022-03-25 05:42:57","2022-08-10 02:23:46","A"
"1110","186","Importance of content writing","2022-05-06 03:44:05",NULL,"A"
"1111","186","Popular content-writing types and formats","2022-05-06 03:46:27",NULL,"A"
"1112","186","How to structure an article","2022-05-06 03:48:41",NULL,"A"
"1113","186","Writing the article","2022-05-06 03:50:56",NULL,"A"
"1114","186","Guest posts","2022-05-06 03:53:45",NULL,"A"
"1115","186","How to write a whitepaper","2022-05-06 03:54:38",NULL,"A"
"1116","186","How to write a newsletter","2022-05-06 03:55:59",NULL,"A"
"1117","186","SEO","2022-05-06 03:57:04",NULL,"A"
"1118","186","How to prepare onboarding content","2022-05-06 03:57:50",NULL,"A"
"1119","186","How to write a high conversion landing page","2022-05-06 03:58:36",NULL,"A"
"1120","186","How to write an email funnel","2022-05-06 04:00:59",NULL,"A"
"1121","186","How to create brochures or write website content","2022-05-06 04:02:18",NULL,"A"
"1122","157","CIPP Europe","2022-05-22 12:48:53","2022-05-22 01:14:11","A"
"1123","157","CIPP Canada","2022-05-22 12:55:02","2022-05-22 01:13:48","A"
"1124","157","CIPP US","2022-05-22 02:40:31",NULL,"A"
"1125","4","Rent control legislations","2022-06-17 02:25:05",NULL,"A"
"1126","4","Stamp Duty on real estate transactions","2022-06-17 02:26:29",NULL,"A"
"1127","4","Real estate financing transactions","2022-06-17 02:27:48",NULL,"A"
"1128","189","The American Legal System and Real Estate Sector","2022-06-18 02:03:31",NULL,"A"
"1129","189","Real estate deal structuring and transactions","2022-06-18 02:05:36",NULL,"A"
"1130","189","Real estate Investment Vehicles","2022-06-18 02:07:21","2022-06-18 03:09:20","D"
"1131","189","Due Diligence in Real Estate Transactions","2022-06-18 02:11:05","2022-06-18 03:08:20","A"
"1132","189","Drafting and Negotiation in Real Estate Transactions","2022-06-18 02:13:05",NULL,"A"
"1133","189","Compliance Related work in Real Estate Transactions","2022-06-18 02:14:51",NULL,"A"
"1134","189","Taxations aspects in Real Estate Transactions","2022-06-18 02:15:25",NULL,"A"
"1135","189","Navigating through various platforms to get corporate paralegal opportunities","2022-06-18 02:18:43",NULL,"A"
"1136","195","Overview of Corporate and Personal Income Tax in the US","2022-09-25 12:37:00",NULL,"A"
"1137","195","Deductions and relaxations under US Tax Laws","2022-09-25 12:38:37",NULL,"A"
"1138","195","Emerging themes under US Tax Laws","2022-09-25 12:39:33",NULL,"A"
"1139","195","How to perform tax compliance work for US residents and US businesses","2022-09-25 12:40:49",NULL,"A"
"1140","195","Taxation of important business transactions in the US","2022-09-25 12:42:15",NULL,"A"
"1141","195","Taxation of International Income by the US: Key Scenarios","2022-09-25 12:44:42",NULL,"A"
"1142","195","Implications of violation of tax laws in the US","2022-09-25 12:46:27",NULL,"A"
"1143","195","Overview of state income taxes in the US","2022-09-25 12:48:37",NULL,"A"
"1144","195","FATCA","2022-09-25 12:50:03",NULL,"A"
"1145","199","Concept and Framework of Corporate Governance","2022-11-25 02:33:51",NULL,"A"
"1146","199","Board Effectiveness, Ethics and Governance","2022-11-25 02:34:38",NULL,"A"
"1147","199","How to obtain information about a company","2022-11-25 02:39:14",NULL,"A"
"1148","199","Directors and Key Managerial Personnel & their liability","2022-11-25 02:41:44",NULL,"A"
"1149","199","Liability of Directors","2022-11-25 02:44:44",NULL,"A"
"1150","199","Inter-corporate transactions and RPTs","2022-11-25 02:45:39",NULL,"A"
"1151","199","Capital Markets and Share related dealings","2022-11-25 02:48:02",NULL,"A"
"1152","199","SEBI regulations applicable to listed entities","2022-11-25 02:50:37",NULL,"A"
"1153","199","Role of Auditors and Corporate Fraud","2022-11-25 02:53:33",NULL,"A"
"1154","208","Role of HR in an organisation - a startup founder/ CXOs perspective","2023-02-09 01:27:02",NULL,"A"
"1155","208","KEY STRATEGIC HR INITIATIVES FROM A STARTUP’S PERSPECTIVE","2023-02-09 01:28:50",NULL,"A"
"1156","208","HR AND DATA PROTECTION-RELATED WORK IN RESPECT OF TECH STARTUPS","2023-02-09 01:31:17",NULL,"A"
"1157","208","HOW TO ENGAGE WITH LAWYERS ON HR-RELATED PROJECTS AND INITIATIVES","2023-02-09 01:33:11",NULL,"A"
"1158","208","HOW TO FIND INTERNATIONAL REMOTE WORK PROJECTS AROUND STRATEGIC HR","2023-02-09 01:35:02",NULL,"A"
"1159","218","Important use cases of AI for lawyers with examples","2023-04-10 12:12:23",NULL,"A"
"1160","218","How to use Chat GPT and other AI tools for Idea Generation for building your brand","2023-04-10 12:15:58",NULL,"A"
"1161","218","How to generate effective social media posts even if you have never posted much before and build a following on social media","2023-04-10 12:17:43",NULL,"A"
"1162","218","How to use AI to improve your outreach at least by 3x with prospective clients","2023-04-10 12:20:08",NULL,"A"
"1163","218","How to use AI to write original articles for your blog and guest posts that generate attention","2023-04-10 12:20:41",NULL,"A"
"1164","218","How to use AI for drafting contracts","2023-04-10 12:22:08",NULL,"A"
"1165","218","How to perform legal research using AI (and save 50% or more time) for your matters","2023-04-10 12:23:10",NULL,"A"
"1166","218","How to use AI for developing arguments and drafting in disputes matters and while responding to notices from regulatory authorities","2023-04-10 12:23:43",NULL,"A"
"1167","218","How to use AI for client communications and customer service and save 80% of your time and navigate difficult and complex situations with ease","2023-04-10 12:24:20",NULL,"A"
"1168","218","How to use AI for litigation support work","2023-04-10 12:25:12",NULL,"A"
"1169","218","How to use AI for due diligence and compliance monitoring","2023-04-10 12:25:46",NULL,"A"
"1170","218","How to use AI for knowledge management","2023-04-10 12:28:13",NULL,"A"
"1180","221","Introduction to international labour law","2023-04-14 04:57:39",NULL,"A"
"1181","221","Employer - Labour/ Employee conflict management","2023-04-14 04:58:33",NULL,"A"
"1182","221","Important documents needed to commence the hiring process","2023-04-14 04:59:38",NULL,"A"
"1183","221","Employment and labour laws of USA","2023-04-14 05:01:00",NULL,"A"
"1184","221","Employment and labour laws of UK","2023-04-14 05:02:51",NULL,"A"
"1185","221","Employment and labour laws of Canada","2023-04-14 05:04:35",NULL,"A"
"1186","221","Employment and labour laws of UAE","2023-04-14 05:06:18",NULL,"A"
"1187","221","Employment and labour laws of Singapore","2023-04-14 05:08:53",NULL,"A"
"1188","222","How to comprehend anti-sexual harassment laws of a new jurisdiction in under 3 hrs","2023-04-14 05:37:37",NULL,"A"
"1189","222","Statutory framework, rules and regulations pertaining to sexual harassment in USA, UK, UAE, Canada and Singapore","2023-04-14 05:40:12",NULL,"A"
"1190","222","How to create an anti-sexual harassment compliance blueprint from scratch for a specific country","2023-04-14 05:48:20",NULL,"A"
"1191","222","How to draft an anti-sexual harassment policy (at global level and at country level)","2023-04-14 05:50:21",NULL,"A"
"1192","222","Compliance requirements and employer’s responsibility","2023-04-14 05:51:57",NULL,"A"
"1193","222","Training and certification of employees and management","2023-04-14 05:54:21",NULL,"A"
"1194","222","What is the process after a SH complaint comes into your notice (with country specific provisions)","2023-04-14 05:56:12",NULL,"A"
"1195","222","Media and reputation management of the organisation if the matter comes in limelightHow to perform periodic sexual harassment audits to evaluate the organisation’s effectiveness with compliance","2023-04-14 05:58:04",NULL,"A"
"1196","225","INTRODUCTION TO GENERAL CORPORATE PRACTICE","2023-05-03 05:09:06",NULL,"A"
"1197","225","BASICS OF COMPANY LAW","2023-05-03 05:09:51",NULL,"A"
"1198","225","UNDERSTANDING HOW A COMPANY WORKS","2023-05-03 05:47:40",NULL,"A"
"1199","225","GOVERNANCE IN COMPANIES","2023-05-03 05:49:30",NULL,"A"
"1200","225","INVESTMENT AND DEBT FINANCE","2023-05-03 05:52:20",NULL,"A"
"1201","225","CAPITAL MARKETS AND SHARE RELATED DEALINGS","2023-05-03 05:53:15",NULL,"A"
"1202","225","MERGERS AND ACQUISITIONS","2023-05-03 05:54:31",NULL,"A"
"1203","225","INTER-CORPORATE TRANSACTIONS AND RPTS","2023-05-03 05:55:51",NULL,"A"
"1204","225","CORPORATE ACCOUNTS AND AUDITORS","2023-05-03 05:57:00",NULL,"A"
"1205","225","CORPORATE SOCIAL RESPONSIBILITY","2023-05-03 05:57:50",NULL,"A"
"1206","225","HOW TO OBTAIN INFORMATION ABOUT A COMPANY","2023-05-03 05:58:18",NULL,"A"
"1207","225","HOW TO APPEAR BEFORE THE NCLT/NCLAT","2023-05-03 05:58:55",NULL,"A"
"1208","225","MINORITY RIGHTS, OPPRESSION & MISMANAGEMENT","2023-05-03 06:00:00",NULL,"A"
"1209","225","WINDING UP OF A COMPANY","2023-05-03 06:00:50",NULL,"A"
"1210","225","INSOLVENCY AND BANKRUPTCY","2023-05-03 06:02:18",NULL,"A"
"1211","225","SEBI REGULATIONS APPLICABLE TO LISTED ENTITIES","2023-05-03 06:03:13",NULL,"A"
"1212","225","SECURITIES APPELLATE TRIBUNAL","2023-05-03 06:06:58","2023-11-24 05:58:35","A"
"1213","226","Exploring the AI Landscape: Introduction to Artificial Intelligence","2023-05-07 11:36:06",NULL,"A"
"1214","226","Important use cases of AI for senior professionals with examples","2023-05-07 11:37:48",NULL,"A"
"1215","226","How to use Chat GPT and other AI tools to generate ideas for stories and social media content in your niche","2023-05-07 11:38:44",NULL,"A"
"1216","226","How to generate effective social media posts and viral stories even if you have never posted much before and build a following on social media","2023-05-07 11:39:29",NULL,"A"
"1217","226","How to generate interview ideas and questions so that you can get featured by leading industry podcasts and build authority","2023-05-07 11:40:08",NULL,"A"
"1218","226","How to use AI to interact with other high-impact individuals","2023-05-07 11:46:42",NULL,"A"
"1219","226","Overview of AI powered tools and features in Hootsuite Insights, Lumen5, Smartly.io, Canva, Buffer","2023-05-07 11:46:57",NULL,"A"
"1220","226","How to write narratives like Malcolm Gladwell or Salman Rushdie","2023-05-07 11:47:13",NULL,"A"
"1221","226","How to use AI to pitch your ideas to journalists and PR agents and get media coverage","2023-05-07 11:47:30",NULL,"A"
"1222","226","How to use AI to identify themes for guest and generate content for posts on third party websites","2023-05-07 11:47:47",NULL,"A"
"1223","226","How to use AI to write original articles for your blog and guest posts that generate attention","2023-05-07 11:48:04",NULL,"A"
"1224","226","How to use AI to repurpose your content for other social media channels","2023-05-07 11:48:56",NULL,"A"
"1225","226","How to perform cutting-edge market and industry research using AI and use it for decision-making, high-stakes meetings and pitches","2023-05-07 11:49:15",NULL,"A"
"1226","226","How to start a newsletter service for your network using AI-generated content and build your audience and credibility","2023-05-07 11:49:32",NULL,"A"
"1227","226","How to use AI to generate to develop a client brochure and document case studies","2023-05-07 11:49:49",NULL,"A"
"1228","226","How to use AI for knowledge management","2023-05-07 11:50:07",NULL,"A"
"1229","226","How to create fool-proof SOPs quickly with AI","2023-05-07 11:50:29",NULL,"A"
"1230","226","How to create training programs for your juniors in minutes, maximise efficiency and minimise error rates","2023-05-07 11:50:47",NULL,"A"
"1231","229","How to use internationally accepted accounting softwares like Quickbooks, Xero, Wave and Zoho Books for book-keeping, accounting and reporting","2023-06-10 03:42:04",NULL,"A"
"1232","229","How to transition to prepare financial statements as per US GAAP for Indian graduates, students and accountants","2023-06-10 03:43:43",NULL,"A"
"1233","229","Disclosures of financial Statements under US GAAP","2023-06-10 03:44:40",NULL,"A"
"1234","229","Principles of accounting for assets under US GAAP","2023-06-10 03:45:13",NULL,"A"
"1235","229","Principles of accounting for liabilities","2023-06-10 03:46:54",NULL,"A"
"1236","229","Revenue Recognition under US GAAP (vs. IFRS and IndAS)","2023-06-10 03:48:05",NULL,"A"
"1237","229","Expense Recognition under US GAAP (vs. IFRS and IndAS)","2023-06-10 03:48:42",NULL,"A"
"1238","229","Preparing consolidated financial statements under US GAAP (vs. IFRS and IndAS)","2023-06-10 03:50:17",NULL,"A"
"1251","242","VISION, GOALS AND EXPANSION OF LAW PRACTICE","2023-08-25 07:07:54",NULL,"A"
"1252","242","SKILLS AND EXPERTISE","2023-08-25 07:08:32",NULL,"A"
"1253","242","HOW TO BUILD YOUR REPUTATION","2023-08-25 07:09:36",NULL,"A"
"1254","242","BUILDING AWESOME CUSTOMER EXPERIENCE FOR YOUR CLIENTS","2023-08-25 07:10:19",NULL,"A"
"1255","242","REALIGNING AND PREPARING YOUR PRACTICE FOR BREAKTHROUGH IN REVENUES AND PROFITABILITY","2023-08-25 07:11:16",NULL,"A"
"1256","242","HOW TO BUILD UP THE UNDERLYING ORGANIZATION OF YOUR PRACTICE","2023-08-25 07:12:13",NULL,"A"
"1257","242","HOW TO BUILD A TOP NOTCH PROFESSIONAL NETWORK","2023-08-25 07:13:20",NULL,"A"
"1258","243","Introduction to Freelancing","2023-08-25 07:41:33",NULL,"A"
"1259","243","Upwork","2023-08-25 07:43:29",NULL,"A"
"1260","243","Fiverr","2023-08-25 07:48:29",NULL,"A"
"1261","243","Tutor Me","2023-08-25 07:49:55",NULL,"A"
"1262","243","Chegg","2023-08-25 07:50:23",NULL,"A"
"1263","243","People Per Hour","2023-08-25 07:51:00",NULL,"A"
"1264","243","Guru","2023-08-25 07:51:23",NULL,"A"
"1265","243","Pepper Content","2023-08-25 07:51:44",NULL,"A"
"1266","243","How to use LinkedIn and Twitter to get work directly from social media","2023-08-25 07:52:07",NULL,"A"
"1267","243","Additional Resources- Recorded sessions","2023-08-25 07:53:30",NULL,"A"
"1268","245","COMPANIES ACT","2023-08-31 09:10:45",NULL,"A"
"1269","245","SECURITIES LAW","2023-08-31 09:11:17",NULL,"A"
"1270","245","BASIC ACCOUNTANCY","2023-08-31 09:11:42",NULL,"A"
"1271","245","GOVERNANCE","2023-08-31 09:12:06",NULL,"A"
"1272","154","Theory Based Studies","2023-09-01 11:27:08","2023-09-01 11:28:26","A"
"1273","249","How to determine applicability of Indian data protection and privacy laws","2023-09-21 07:50:57",NULL,"A"
"1274","249","How to create a roadmap for organisational implementation","2023-09-21 07:52:52",NULL,"A"
"1275","249","Drafting Policies and Notices","2023-09-21 07:54:32",NULL,"A"
"1276","249","How to conduct a DPIA","2023-09-21 07:56:02",NULL,"A"
"1277","249","How to create a grievance redressal mechanism","2023-09-21 07:57:20",NULL,"A"
"1278","249","Requirements for third party data transfers and cross-border data transfers","2023-09-21 07:58:04",NULL,"A"
"1279","249","How to lead/review department-wise trainings as a data protection lawyer/privacy counsel","2023-09-21 07:58:55","2023-09-21 07:59:55","A"
"1280","249","How to handle Data Principal Rights","2023-09-21 08:00:08","2023-09-21 08:01:29","A"
"1281","249","Incident response and how to handle data breaches","2023-09-21 08:01:39",NULL,"A"
"1282","249","Powers of Government, Investigative Agencies and Regulatory Authorities For Interception and Disclosure","2023-09-21 08:02:32",NULL,"A"
"1283","249","Dispute resolution, penalties and proceedings before Data Protection Board","2023-09-21 08:03:32",NULL,"A"
"1284","250","INTRODUCTION TO DATA COLLECTION, PROCESSING, PROTECTION AND TRANSFER","2023-09-24 11:44:31",NULL,"A"
"1285","250","DATA PROCESSING AGREEMENTS AND RELATED WORK","2023-09-24 11:46:30",NULL,"A"
"1286","250","COMPLIANCE AND GOVERNANCE REQUIREMENTS","2023-09-24 11:47:49",NULL,"A"
"1287","250","DATA PROTECTION DISPUTES AND LITIGATION","2023-09-24 11:49:46",NULL,"A"
"1288","250","PRIVACY RISK MANAGEMENT","2023-09-24 11:50:56",NULL,"A"
"1289","250","DATA PROTECTION LEGISLATIONS IN THE EU: EU GDPR","2023-09-24 11:52:13",NULL,"A"
"1290","250","DATA PROTECTION LAWS IN EUROPEAN COUNTRIES","2023-09-24 11:55:02",NULL,"A"
"1291","250","DATA PROTECTION IN UK POST BREXIT","2023-09-24 11:57:51",NULL,"A"
"1292","250","DATA PROTECTION LAWS IN THE US: FEDERAL AND STATE LAWS","2023-09-24 11:58:24",NULL,"A"
"1293","250","DATA PROTECTION LAW IN CANADA","2023-09-24 11:59:32",NULL,"A"
"1294","250","DATA PROTECTION LAW IN SOUTH EAST ASIA","2023-09-24 12:00:39",NULL,"A"
"1295","250","DATA PROTECTION REGIME: MIDDLE EAST AND INDIA","2023-09-24 12:01:58",NULL,"A"
"1296","251","CIPP EUROPE","2023-09-24 12:49:31",NULL,"A"
"1297","251","CIPP Canada","2023-09-24 12:50:42",NULL,"A"
"1298","251","CIPP US","2023-09-24 12:51:53",NULL,"A"
"1301","169","Navigating through various platforms to get corporate paralegal opportunities","2023-11-30 11:44:14","2023-11-30 11:44:48","A"
"1302","169","Corporate litigation","2023-11-30 11:45:07",NULL,"A"
"1303","169","Takeovers (including hostile takeovers)","2023-11-30 11:45:30",NULL,"A"
"1326","268","Overview of Stakeholders and Commercial Aspects of Sports","2024-03-01 08:01:53",NULL,"A"
"1327","268","Trends and Career Opportunity in Sports Law & Online Gaming","2024-03-01 08:04:04",NULL,"A"
"1328","268","Sports Regulation, Governance and Legal Issues","2024-03-01 08:06:42",NULL,"A"
"1329","268","How League Sports Work (Explained With Global Case Studies)","2024-03-01 08:11:46",NULL,"A"
"1330","268","Intellectual Property Rights Issues in Sports","2024-03-01 08:14:12",NULL,"A"
"1331","268","Broadcasting and Other Sources of Revenue for Federations","2024-03-01 08:17:47",NULL,"A"
"1332","268","How Sportspersons Earn and Legal Work Involved","2024-03-01 08:20:58",NULL,"A"
"1333","268","Anti-Doping Framework","2024-03-01 08:22:27",NULL,"A"
"1334","268","Sports Malpractices","2024-03-01 08:23:39",NULL,"A"
"1335","268","Dispute Resolution","2024-03-01 08:24:53",NULL,"A"
"1336","268","Contract Drafting for Sports Contracts","2024-03-01 08:27:26",NULL,"A"
"1337","268","Introduction to Fashion Law","2024-03-02 03:06:29",NULL,"A"
"1338","268","Intellectual Property in Fashion","2024-03-02 03:07:33",NULL,"A"
"1339","268","Contracts and Agreements in Fashion Industry","2024-03-02 03:08:45",NULL,"A"
"1340","268","Regulatory Compliance and Consumer Protection","2024-03-02 03:11:28",NULL,"A"
"1341","268","International Perspectives on Fashion Law","2024-03-02 03:12:30",NULL,"A"
"1342","268","Emerging Trends and Issues in Fashion Law","2024-03-02 03:13:29",NULL,"A"
"1343","268","Introduction to Online Gaming Laws","2024-03-02 03:14:30",NULL,"A"
"1344","268","Regulatory Framework for Online Gaming","2024-03-02 03:15:42",NULL,"A"
"1345","268","Types of Online Gaming and Their Legal Implications","2024-03-02 03:17:01",NULL,"A"
"1346","268","Legal Challenges and Issues in Online Gaming","2024-03-02 03:18:26",NULL,"A"
"1347","268","Case Studies and Practical Applications","2024-03-02 03:19:44",NULL,"A"
"1348","268","Future Trends and Emerging Issues","2024-03-02 03:21:11",NULL,"A"
"1349","161","Contracts","2024-03-04 05:10:55",NULL,"A"
"1350","161","Torts","2024-03-04 05:15:04",NULL,"A"
"1351","161","Criminal Law","2024-03-04 05:17:53",NULL,"A"
"1352","161","Criminal Procedure","2024-03-04 05:21:51",NULL,"A"
"1353","161","Law of Evidence","2024-03-04 05:25:23",NULL,"A"
"1354","161","Real Property","2024-03-04 05:27:29",NULL,"A"
"1355","161","Constitutional Law","2024-03-04 05:30:58",NULL,"A"
"1356","161","Civil Procedure","2024-03-04 05:33:08",NULL,"A"
"1357","161","California Specific: Agency","2024-03-04 05:34:14",NULL,"A"
"1358","161","California Specific: Professional Responsibility","2024-03-04 05:34:45",NULL,"A"
"1359","161","California Specific: Remedies","2024-03-04 05:35:49",NULL,"A"
"1360","161","California Specific: Civil Procedure","2024-03-04 05:36:52",NULL,"A"
"1361","161","California Specific: California Evidence Distinctions","2024-03-04 05:37:46",NULL,"A"
"1362","161","California Specific: Will","2024-03-04 05:47:18",NULL,"A"
"1363","161","California Specific: Community Property","2024-03-04 05:55:52",NULL,"A"
"1364","161","California Specific: Corporation","2024-03-04 05:56:58",NULL,"A"
"1365","161","California Specific: Trust","2024-03-04 05:57:52",NULL,"A"
"1366","161","California Specific: Partnerships and LLCs","2024-03-04 06:02:14",NULL,"A"
"1367","272","PREVENTION OF MONEY LAUNDERING ACT","2024-03-20 05:21:05",NULL,"A"
"1368","272","PREVENTION OF CORRUPTION ACT","2024-03-20 05:22:05",NULL,"A"
"1369","272","NI ACT","2024-03-20 05:22:50",NULL,"A"
"1370","272","TAX EVASION & TRADE PRACTICES","2024-03-20 05:23:23",NULL,"A"
"1371","272","WHITE COLLAR OFFENCES UNDER THE NEW CRIMINAL LAWS","2024-03-20 05:24:18","2024-03-23 03:07:47","A"
"1372","273","INITIATION OF CRIMINAL PROCEEDINGS","2024-03-22 02:32:53",NULL,"A"
"1373","273","POST FIR PROCEEDINGS","2024-03-22 02:34:07",NULL,"A"
"1374","273","ARREST AND BAIL","2024-03-22 02:35:15",NULL,"A"
"1375","273","INVESTIGATIONS","2024-03-22 02:37:22",NULL,"A"
"1376","273","TRIALS","2024-03-22 02:39:46",NULL,"A"
"1377","273","EVIDENCE","2024-03-22 02:40:54",NULL,"A"
"1378","273","CROSS-EXAMINATION","2024-03-22 02:45:23",NULL,"A"
"1379","273","APPEALS AND REVISION","2024-03-22 02:46:51",NULL,"A"
"1380","273","DRAFTING WORK IN CRIMINAL LITIGATION","2024-03-22 02:47:56",NULL,"A"
"1381","273","SPECIAL LEGISLATIONS","2024-03-22 02:49:21",NULL,"A"
"1382","273","LITIGATION STRATEGY, FILING AND CASE MANAGEMENT","2024-03-22 02:50:32",NULL,"A"
"1383","273","HOW TO THRIVE AS A CRIMINAL LAWYER","2024-03-22 02:52:10",NULL,"A"
"1384","273","TEMPLATES","2024-03-22 02:54:11",NULL,"A"
"1385","272","BENAMI TRANSACTIONS","2024-03-23 03:08:47",NULL,"A"
"1386","260","Introduction to Arbitration in India","2024-03-28 08:07:33",NULL,"A"
"1387","260","Stages in an arbitration proceeding","2024-03-28 08:09:09",NULL,"A"
"1388","260","Appointment  as an arbitrator in ad-hoc arbitrations","2024-03-28 08:11:55",NULL,"A"
"1389","260","Institutional Arbitrations","2024-03-28 08:13:51",NULL,"A"
"1390","260","Initiating proceedings as an arbitrator","2024-03-28 08:14:27",NULL,"A"
"1391","260","Drafting arbitral minutes and orders on the date of hearing","2024-03-28 08:15:08",NULL,"A"
"1392","260","Preliminary objections to arbitrator’s jurisdiction","2024-03-28 08:15:45",NULL,"A"
"1393","260","How to review the pleadings and applications of parties","2024-03-28 08:16:20",NULL,"A"
"1394","260","How to take documentary evidence in arbitral proceedings","2024-03-28 08:17:15",NULL,"A"
"1395","260","Conduct of arbitrator during examination of witnesses","2024-03-28 08:18:07",NULL,"A"
"1396","260","Appreciation of evidence","2024-03-28 08:19:31",NULL,"A"
"1397","260","Basic Legal Principles of Contract","2024-03-28 08:20:08",NULL,"A"
"1398","260","Principles of Natural justice and ethics of arbitration","2024-03-28 08:21:00",NULL,"A"
"1399","260","Key concerns in arbitration proceedings in special scenarios","2024-03-28 08:21:49",NULL,"A"
"1400","260","Rules for arbitral awards and how to draft them","2024-03-28 08:22:18",NULL,"A"
"1401","260","International Arbitrations","2024-03-28 08:24:12",NULL,"A"
"1402","260","How to get empanelment with arbitral institutions","2024-03-28 08:25:11",NULL,"A"
"1403","260","Judgment Analysis","2024-03-28 08:26:09",NULL,"A"
"1404","260","Specialized Areas of Arbitration","2024-03-28 08:26:38",NULL,"A"
"1405","282","Company Law","2024-05-03 04:43:37",NULL,"A"
"1406","282","Commerce & Accountancy","2024-05-03 04:47:09",NULL,"A"
"1407","282","Management","2024-05-03 04:47:59",NULL,"A"
"1408","282","Finance","2024-05-03 04:49:03",NULL,"A"
"1409","282","General Topics","2024-05-03 04:49:34",NULL,"A"
"1410","282","Costing","2024-05-03 04:50:25",NULL,"A"
"1411","282","Economics","2024-05-03 04:51:21",NULL,"A"
"1412","95","Test Module","2024-05-07 04:11:59",NULL,"A"
"1413","283","ENGLISH LANGUAGE","2024-05-08 04:33:26","2024-05-08 04:36:46","A"
"1414","283","LEGAL REASONING","2024-05-08 04:37:27","2024-05-08 06:03:13","A"
"1415","283","GENERAL KNOWLEDGE","2024-05-08 04:42:51",NULL,"A"
"1416","283","QUANTITATIVE TECHNIQUES","2024-05-08 06:03:37","2024-05-08 06:05:16","A"
"1417","283","LOGICAL REASONING","2024-05-08 06:05:31",NULL,"A"
"1418","264","International taxation and DTAAs","2024-05-20 05:56:07",NULL,"A"
"1419","264","Tax Havens and Structuring","2024-05-20 05:58:06",NULL,"A"
"1420","264","Advanced Issues in International Tax","2024-05-20 06:00:05",NULL,"A"
"1421","264","International Tax: Penalties & Dispute Resolution","2024-05-20 06:01:21",NULL,"A"
"1422","264","International Transfer Pricing","2024-05-20 06:02:34",NULL,"A"
"1424","287","Introduction to the Supreme Court of India: Basics of functioning, procedures and drafting","2024-06-15 03:46:21",NULL,"A"
"1425","287","Original Jurisdiction of the Supreme Court","2024-06-15 04:15:06",NULL,"A"
"1426","287","Appellate Jurisdiction of the Supreme Court","2024-06-15 04:17:03",NULL,"A"
"1427","287","Contempt Jurisdiction of the Supreme Court","2024-06-15 04:20:01",NULL,"A"
"1428","287","Extraordinary Jurisdiction of the Supreme Court","2024-06-15 04:21:22",NULL,"A"
"1429","287","Miscellaneous","2024-06-15 04:22:35",NULL,"A"
"1430","289","Introduction to Digital Marketing for Lawyers and Law Firms","2024-06-22 01:09:43",NULL,"A"
"1431","289","Creating Your Website","2024-06-22 01:11:29",NULL,"A"
"1464","296","Market research for job hunting","2024-08-10 02:47:49",NULL,"A"
"1465","296","Creating your war stories and case studies","2024-08-10 02:50:04",NULL,"A"
"1466","296","Building a robust outreach program","2024-08-10 02:50:52",NULL,"A"
"1467","296","Leveraging Social Media to Build Relationships","2024-08-10 02:51:52",NULL,"A"
"1468","296","Interview preparation","2024-08-10 02:52:42",NULL,"A"
"1469","296","How to build your personal brand as you become senior","2024-08-10 02:53:39",NULL,"A"
"1470","101","Introduction to the patent law","2024-08-22 07:27:01",NULL,"A"
"1471","101","Patent Searches, Specification, Claims and Application","2024-08-22 07:28:58",NULL,"A"
"1472","101","Patent Prosecution","2024-08-22 07:32:28",NULL,"A"
"1473","101","Patent law in the U.S. and international filing of patents","2024-08-22 07:35:54",NULL,"A"
"1474","101","Patent monetization","2024-08-22 07:37:41",NULL,"A"
"1475","101","Patent Litigation and Dispute Resolution","2024-08-22 07:39:09",NULL,"A"
"1476","101","Patent Law and Emerging Technologies","2024-08-22 07:40:29",NULL,"A"
"1477","101","International Patent Strategies","2024-08-22 07:41:56",NULL,"A"
"1478","101","Patent Ethics, Policy, and Future Trends","2024-08-22 07:43:22",NULL,"A"
"1479","299","Introduction to the patent law","2024-08-23 01:11:35",NULL,"A"
"1480","299","Patent Searches, Specification, Claims and Application","2024-08-23 01:13:35",NULL,"A"
"1481","299","Patent Prosecution","2024-08-23 01:16:55",NULL,"A"
"1482","299","Patent law in the U.S. and international filing of patents","2024-08-23 01:19:29",NULL,"A"
"1483","299","Patent monetization","2024-08-23 01:21:14",NULL,"A"
"1484","299","Patent Litigation and Dispute Resolution","2024-08-23 01:22:57",NULL,"A"
"1485","299","Patent Law and Emerging Technologies","2024-08-23 01:24:16",NULL,"A"
"1486","299","International Patent Strategies","2024-08-23 01:25:28",NULL,"A"
"1487","299","Patent Ethics, Policy, and Future Trends","2024-08-23 01:26:42",NULL,"A"
"1488","300","Introduction to the Indian Patent System","2024-08-23 03:23:41",NULL,"A"
"1489","300","Patentability of Inventions","2024-08-23 03:25:41",NULL,"A"
"1490","300","Patent Specification","2024-08-23 03:27:02",NULL,"A"
"1491","300","Patent Prosecution: Patent Applications","2024-08-23 03:36:00",NULL,"A"
"1492","300","Patent Prosecution: Publication and Examination - I","2024-08-23 03:38:42",NULL,"A"
"1493","300","Patent Prosecution: Publication and Examination – II","2024-08-23 03:39:41",NULL,"A"
"1494","300","Patent Prosecution: Powers of Controller","2024-08-23 03:40:45",NULL,"A"
"1495","300","Patent Prosecution: Opposition","2024-08-23 03:42:49",NULL,"A"
"1496","300","Patent Prosecution: Practice at the Patent Office - I","2024-08-23 03:50:02",NULL,"A"
"1497","300","Patent Office and Patent Prosecution","2024-08-23 03:51:44",NULL,"A"
"1498","300","Compulsory Licensing","2024-08-23 03:53:31",NULL,"A"
"1499","300","Patent Enforcement, International Arrangements and Other Miscellaneous Provisions","2024-08-23 03:54:33",NULL,"A"
"1500","300","Introduction to Design Protection","2024-08-23 03:57:34",NULL,"A"
"1501","300","Design Search and Classification","2024-08-23 03:58:18",NULL,"A"
"1502","300","Essentials for Design Registration","2024-08-23 03:59:10",NULL,"A"
"1503","300","Responding to a Design Examination Report","2024-08-23 03:59:50",NULL,"A"
"1504","300","Cancellation of Registered Designs","2024-08-23 04:00:54",NULL,"A"
"1505","300","Design Infringement Suit","2024-08-23 04:02:04",NULL,"A"
"1506","300","Appeals","2024-08-23 04:03:34",NULL,"A"
"1507","300","Mock Exams","2024-08-23 04:04:04",NULL,"A"
"1508","299","Practical U.S. Patent Law Applications","2024-08-23 04:20:22",NULL,"A"
"1509","299","Mastering USPTO Procedures","2024-08-23 04:21:33",NULL,"A"
"1510","301","Intellectual property rights","2024-08-23 08:44:27",NULL,"A"
"1511","301","Technical and Specialised Disciplines Targeted for Paper 2:","2024-08-23 08:49:22",NULL,"A"
"1512","302","Market research for job hunting","2024-08-25 02:21:35",NULL,"A"
"1513","302","Creating your war stories and case studies","2024-08-25 02:26:16",NULL,"A"
"1514","302","Building a robust outreach program","2024-08-25 02:27:51",NULL,"A"
"1515","302","Leveraging Social Media to Build Relationships","2024-08-25 02:33:27",NULL,"A"
"1516","302","Leveraging Institutions","2024-08-25 02:44:33",NULL,"A"
"1517","302","Interview preparation","2024-08-25 02:45:09",NULL,"A"
"1518","302","How networking and outreach strategy differs for senior professionals","2024-08-25 02:46:13",NULL,"A"
"1519","304","Key business models and role of debt","2024-09-29 03:07:23",NULL,"A"
"1520","304","How to form the Committee of Creditors & admission of claims","2024-09-29 03:08:50",NULL,"A"
"1521","304","How to administer meetings of the Committee of Creditors","2024-09-29 03:10:14",NULL,"A"
"1522","304","How to run the business as a going concern pending insolvency resolution","2024-09-29 03:10:59",NULL,"A"
"1523","304","Financial Assessment & Management of Assets","2024-09-29 03:11:59",NULL,"A"
"1524","304","Invitation of Resolution Plans","2024-09-29 03:13:11",NULL,"A"
"1525","304","Approval of Resolution Plan","2024-09-29 03:13:58",NULL,"A"
"1526","304","Implementation of approved insolvency plan","2024-09-29 03:17:07",NULL,"A"
"1527","304","How to deal with challenges","2024-09-29 03:17:52",NULL,"A"
"1528","304","How to handle liquidation process if insolvency fails","2024-09-29 03:18:23",NULL,"A"
"1529","304","Administrative & Secretarial Tasks for the IP’s support staff","2024-09-29 03:19:14",NULL,"A"
"1530","304","Closure of CIRP","2024-09-29 03:20:26",NULL,"A"
"1531","304","Key Components of a Resolution Plan","2024-09-29 03:20:51",NULL,"A"
"1532","304","Bonus: 10 practical tasks you can perform for creditors","2024-09-29 03:22:11","2024-09-29 04:05:02","A"
"1534","307","Service business models & vision","2024-10-20 03:22:06",NULL,"A"
"1535","307","How to build your first community","2024-10-20 03:22:53",NULL,"A"
"1536","307","How to get started with your first offer","2024-10-20 03:23:56",NULL,"A"
"1537","307","Pricing strategies & new service launch","2024-10-20 03:25:40",NULL,"A"
"1538","307","How to set up a system to generate referrals, cross-selling and upselling","2024-10-20 03:26:29",NULL,"A"
"1539","307","How to create a business development engine","2024-10-20 03:27:01",NULL,"A"
"1540","307","Storytelling for service business owners","2024-10-20 03:28:37",NULL,"A"
"1541","307","How to generate leverage from testimonials & automate them","2024-10-20 03:29:30",NULL,"A"
"1542","307","Business financing","2024-10-20 03:30:17",NULL,"A"
"1543","307","How to nurture leads through marketing funnels","2024-10-20 03:31:35",NULL,"A"
"1544","307","How to step up your online presence in the digital economy","2024-10-20 03:32:37",NULL,"A"
"1545","307","How to enable other people to deliver the service (replace yourself)","2024-10-20 03:33:51",NULL,"A"
"1546","307","How to run operations & delivery","2024-10-20 03:34:37",NULL,"A"
"1547","307","How to run your business like a Fortune 500 CEO","2024-10-20 03:36:05",NULL,"A"
"1548","307","How to run the hiring process","2024-10-20 03:36:44",NULL,"A"
"1549","307","How to manage a remote team","2024-10-20 03:37:56",NULL,"A"
"1550","307","How to create leaders and replace yourself in the organisation & free up your time","2024-10-20 03:38:55",NULL,"A"
"1551","307","How to deal with common legal, compliance and tax issues","2024-10-20 03:39:33",NULL,"A"
"1552","316","Introduction  to Intellectual Property","2025-01-18 02:33:44",NULL,"A"
"1553","316","The Patent Application Process: General Concepts","2025-01-18 02:34:17",NULL,"A"
"1554","316","UK Intellectual Property Office (IPO) Procedures","2025-01-18 02:35:12",NULL,"A"
"1555","316","Japan Patent Office (JPO) Procedures","2025-01-18 02:36:36",NULL,"A"
"1556","316","European Patent Office (EPO) Procedures","2025-01-18 02:37:24",NULL,"A"
"1557","316","International Patent Applications (PCT)","2025-01-18 02:38:22",NULL,"A"
"1558","316","Patent Drafting and Claiming","2025-01-18 02:40:20",NULL,"A"
"1559","316","Patent Searching and Analysis","2025-01-18 02:41:39",NULL,"A"
"1560","316","Patent Licensing and Commercialization","2025-01-18 02:42:42",NULL,"A"
"1561","316","Patent Litigation","2025-01-18 02:43:47",NULL,"A"
"1562","316","Patent Enforcement and Remedies","2025-01-18 02:45:15",NULL,"A"
"1563","316","Global Patent Portfolio Management","2025-01-18 02:46:45",NULL,"A"
"1564","316","Ethical Considerations in Patent Law","2025-01-18 02:47:59",NULL,"A"
"1565","316","Patent Trends and Emerging Technologies","2025-01-18 02:50:45",NULL,"A"
"1566","316","Intellectual Property Strategy for Startups and SMEs","2025-01-18 02:52:14",NULL,"A"
"1567","329","The American Legal System and Corporate Sector from a compliance perspective","2025-02-24 04:45:04",NULL,"A"
"1568","329","Registering an entity in the US and Conversions","2025-02-24 04:47:40",NULL,"A"
"1569","329","Officers, decision making and governance in US companies","2025-02-24 04:52:10",NULL,"A"
"1570","329","Changes in capital, share transactions and borrowing transactions","2025-02-24 04:53:08",NULL,"A"
"1571","329","Funding methods and investment process","2025-02-24 04:54:59",NULL,"A"
"1572","329","Mergers and acquisitions","2025-02-24 04:56:42",NULL,"A"
"1574","329","Foreign Corporations","2025-02-24 05:00:34",NULL,"A"
"1575","329","US Bankruptcy and insolvency","2025-02-24 05:01:28",NULL,"A"
"1576","329","Capital markets and listing","2025-02-24 05:02:08",NULL,"A"
"1577","329","Takeovers (including hostile takeovers)","2025-02-24 05:02:42",NULL,"A"
"1578","329","Corporate litigation","2025-02-24 05:03:11",NULL,"A"
"1579","329","Navigating through various platforms to get corporate paralegal opportunities","2025-02-24 05:03:32",NULL,"A"
"1580","335","Understanding ESG in the Context of Corporate Governance","2025-03-18 06:55:18",NULL,"A"
"1581","335","The Environmental Dimension of ESG and the Director’s Role","2025-03-18 07:02:21",NULL,"A"
"1582","335","The Social Responsibility of Corporations and Director Oversight","2025-03-18 07:03:18",NULL,"A"
"1583","335","Governance Practices as a Cornerstone of ESG","2025-03-18 07:06:35",NULL,"A"
"1584","335","Key ESG Compliance Frameworks and Standards for Directors","2025-03-18 07:07:59",NULL,"A"
"1585","335","Conducting Benchmarking and Materiality Assessments from a Director’s Lens","2025-03-18 07:09:04",NULL,"A"
"1586","335","ESG Reporting and Disclosure Obligations – Director's Role in Oversight","2025-03-18 07:18:24","2025-03-18 07:48:21","A"
"1587","335","Using Tools and Technology for ESG Data Management","2025-03-18 07:42:26",NULL,"A"
"1588","335","Embedding ESG into Corporate Culture and Operations","2025-03-18 07:43:31",NULL,"A"
"1589","335","Understanding Emerging ESG Regulations and Global Trends as a Director","2025-03-18 07:44:42",NULL,"A"
"1590","335","Conducting ESG Audits and Gaining Certification – Director’s Due Diligence","2025-03-18 07:45:54",NULL,"A"
"1591","335","Case Studies and Strategic Applications for Independent Directors","2025-03-18 07:46:59",NULL,"A"
"1592","290","The AI Powered Practice of Law","2025-03-20 05:07:42",NULL,"A"
"1593","290","Building your client delivery engine","2025-03-20 05:08:53",NULL,"A"
"1594","290","AI in Legal Project Management","2025-03-20 05:13:57",NULL,"A"
"1595","290","Automated Legal Document Assembly and Customisation","2025-03-20 05:14:48",NULL,"A"
"1596","290","How To Use AI To Improve Your Outreach At Least By 3x With Prospective Clients","2025-03-20 05:22:17",NULL,"A"
"1597","290","How To Perform Legal Research Using Ai (And Save 50% Or More Time) For Your Matters","2025-03-20 05:22:52",NULL,"A"
"1598","290","How To Use AI For Developing Arguments And Drafting In Disputes Matters And While Responding To Notices From Regulatory Authorities","2025-03-20 05:23:22",NULL,"A"
"1599","290","How To Use AI For Client Communications And Customer Service And Save 80% Of Your Time And Navigate Difficult And Complex Situations With Ease","2025-03-20 05:24:07",NULL,"A"
"1600","290","How To Use AI For Litigation Support Work","2025-03-20 05:24:53",NULL,"A"
"1601","290","How To Use AI For Due Diligence And Compliance Monitoring","2025-03-20 05:25:27",NULL,"A"
"1602","290","How To Use AI For Knowledge Management","2025-03-20 05:26:17",NULL,"A"
"1603","241","Foundations of Artificial Intelligence and Its Application in Legal Practice","2025-03-20 05:34:17",NULL,"A"
"1604","241","AI-Powered Contract Drafting and Review for Legal Professionals","2025-03-20 05:35:01",NULL,"A"
"1605","241","AI in Legal Documentation and Compliance Management","2025-03-20 05:36:06",NULL,"A"
"1606","241","AI Applications in Intellectual Property Law and Technology Law","2025-03-20 05:37:16",NULL,"A"
"1607","241","AI-Driven Drafting of Criminal Litigation Documents","2025-03-20 05:38:04",NULL,"A"
"1608","241","AI in Civil Litigation and Arbitration Drafting","2025-03-20 05:42:49",NULL,"A"
"1609","241","AI-Assisted Drafting in Consumer and Business Law","2025-03-20 06:01:53",NULL,"A"
"1610","289","Search Engine Optimization (SEO)","2025-03-20 06:15:13",NULL,"A"
"1611","289","Building your business development engine","2025-03-20 06:15:54",NULL,"A"
"1612","289","Client education & Community Building","2025-03-20 06:16:51",NULL,"A"
"1613","289","LinkedIn","2025-03-20 06:18:00",NULL,"A"
"1614","289","Insta & YT Shorts","2025-03-20 06:18:36",NULL,"A"
"1615","289","Twitter (X)","2025-03-20 06:19:53",NULL,"A"
"1616","289","Building & Nurturing Communities on Whatsapp/Telegram","2025-03-20 06:20:47",NULL,"A"
"1617","289","How to deliver a TEDx talk","2025-03-20 06:31:03",NULL,"A"
"1618","289","How to get covered on podcasts","2025-03-20 06:32:37",NULL,"A"
"1619","289","How to write guest posts for leading 3rd party websites","2025-03-20 06:47:42",NULL,"A"
"1620","289","How to get media coverage","2025-03-20 06:48:36",NULL,"A"
"1621","289","How to publish a book","2025-03-20 06:49:47",NULL,"A"
"1622","289","Online listings & legal directories","2025-03-20 06:51:07",NULL,"A"
"1623","289","Email Marketing and Newsletters","2025-03-20 06:51:57",NULL,"A"
"1624","289","How to set up your first email funnel","2025-03-20 06:53:08",NULL,"A"
"1625","289","Analytics and Performance Measurement","2025-03-20 06:54:29",NULL,"A"
"1626","336","Semester I","2025-04-21 05:41:25",NULL,"A"
"1627","336","Semester II","2025-04-21 05:51:10","2025-04-23 06:38:07","A"
"1628","220","Walkthrough of use cases for automation of HR function by using AI as a co-pilot","2025-07-12 07:01:13",NULL,"A"
"1629","220","How to automate and upgrade your recruitment process","2025-07-12 07:02:52",NULL,"A"
"1630","220","Improve employer branding and outreach to get 5x-10x more applications","2025-07-12 07:03:49",NULL,"A"
"1631","220","Advanced candidate sourcing and attraction strategies","2025-07-12 07:05:21",NULL,"A"
"1632","220","Custom assessment and selection systems for premium client work","2025-07-12 07:06:01",NULL,"A"
"1633","220","AI-powered performance tracking and team optimization","2025-07-12 07:15:33",NULL,"A"
"1634","220","Communication automation and relationship management","2025-07-12 07:16:28",NULL,"A"
"1635","220","Improving the quality of your interview and selection process to hire the right candidates","2025-07-12 07:18:25",NULL,"A"
"1636","220","International compliance and documentation frameworks","2025-07-12 07:19:50",NULL,"A"
"1637","220","How to improve the quality and comprehensiveness of your drafts and document the organisational framework with the help of AI","2025-07-12 07:20:33",NULL,"A"
"1638","220","How to deploy AI to automate and improve learning and development function","2025-07-12 07:21:29",NULL,"A"
"1639","220","Knowledge management and trainings","2025-07-12 07:23:56",NULL,"A"
"1640","367","Module I - Pre-Trial: Investigation, Arrest & Bail","2025-11-05 04:29:05",NULL,"A"
"1641","367","Module II - Trial & Appellate Practice","2025-11-05 04:32:57",NULL,"A"
"1642","367","Module III - Drafting & Special Legislations","2025-11-05 04:37:32",NULL,"A"
"1643","367","Module IV - PMLA & Benami Transactions","2025-11-05 04:38:46",NULL,"A"
"1644","367","Module V- Compliance & High Court Litigation","2025-11-05 04:39:35",NULL,"A"
"1645","367","Module VI - Special Courts & Bail","2025-11-05 04:40:38",NULL,"A"
"1646","367","Module VII- Litigation Strategy, Filing and Case Management","2025-11-05 04:41:37",NULL,"A"
"1647","368","MODULE 1: Contract Intelligence for Business Leaders with AI","2025-11-09 07:34:45",NULL,"A"
"1648","368","MODULE 2: Intellectual Property Rights and AI Tools","2025-11-09 07:35:57",NULL,"A"
"1649","368","MODULE 3: Data Privacy and Cybersecurity Law in the AI Era","2025-11-09 07:37:04",NULL,"A"
"1650","368","MODULE 4: Startup Law and Entrepreneurship with AI Integration","2025-11-09 07:40:55",NULL,"A"
"1651","368","MODULE 5: Criminal Law Essentials with AI: Protect Yourself and Your Rights","2025-11-09 07:41:44",NULL,"A"
"1652","368","MODULE 6: Employment and Labour Law with AI Automation","2025-11-09 07:42:38",NULL,"A"
"1653","368","MODULE 7: Brand Building and Optimisation Using AI","2025-11-09 07:43:23",NULL,"A"
"1654","368","MODULE 8: Fintech, Banking, and Payment Regulations in the AI Age","2025-11-09 07:44:06",NULL,"A"
"1655","368","MODULE 9: Real Estate and Property Law with AI Due Diligence","2025-11-09 07:45:03",NULL,"A"
"1656","368","MODULE 10: Consumer Protection and E-Commerce Law with AI Compliance","2025-11-09 07:45:55",NULL,"A"
"1657","368","MODULE 11: Taxation Fundamentals with AI Optimization","2025-11-09 07:46:34",NULL,"A"
"1658","368","MODULE 12: Insolvency, Bankruptcy, and Debt Recovery with AI Analytics","2025-11-09 07:47:13",NULL,"A"
"1659","368","MODULE 13: Alternative Dispute Resolution and Litigation with AI Support","2025-11-09 07:47:59",NULL,"A"
"1660","368","MODULE 14: Understanding RTI with AI: A Citizen's Guide to Transparency and Accountability","2025-11-09 07:48:47",NULL,"A"
"1661","370","Module 1: Introduction to International Legal Regime","2025-12-04 05:01:04",NULL,"A"
"1662","370","Module 2: Entry Strategy & Doing Business in Major Economies","2025-12-04 05:01:36",NULL,"A"
"1663","370","Module 3: Advanced Contract Drafting","2025-12-04 05:01:55",NULL,"A"
"1664","370","Module 4: Negotiation & Dispute Resolution","2025-12-04 05:02:10",NULL,"A"
"1665","370","Module 5: International Conflict Management & Negotiation","2025-12-04 05:02:27",NULL,"A"
"1666","370","Module 6: Doing Business with China","2025-12-04 05:02:47",NULL,"A"
"1667","370","Module 7: International Taxation & Transfer Pricing","2025-12-04 05:03:01",NULL,"A"
"1668","370","Module 8: International Commercial Arbitration","2025-12-04 05:03:16",NULL,"A"
"1669","370","Module 9: Doing Business in European Union","2025-12-04 05:03:36",NULL,"A"
"1670","370","Module 10: Doing Business in Canada","2025-12-04 05:03:53",NULL,"A"
"1671","370","Module 11: Doing Business in Russia","2025-12-04 05:04:10",NULL,"A"
"1672","372","Module 1: Patent Fundamentals & Patentability Assessment","2025-12-12 02:08:01",NULL,"A"
"1673","372","Module 2: Patent Search Fundamentals & Database Mastery","2025-12-12 02:09:03",NULL,"A"
"1674","372","Module 3: Advanced Search Techniques & Analysis","2025-12-12 02:09:54",NULL,"A"
"1675","372","Module 4: Patent Landscape Analysis & Mapping","2025-12-12 02:10:44",NULL,"A"
"1676","372","Module 5: Freedom-to-Operate (FTO) Analysis","2025-12-12 02:11:28",NULL,"A"
"1677","372","Module 6: Patent Specification & Claims Drafting","2025-12-12 02:12:15",NULL,"A"
"1678","372","Module 7: Patent Prosecution & Opposition","2025-12-12 02:13:01",NULL,"A"
"1679","372","Module 8: USPTO & International Patent Filing","2025-12-12 02:13:48",NULL,"A"
"1680","372","Module 9: Patent Monetization & Portfolio Management","2025-12-12 02:14:29",NULL,"A"
"1681","372","Module 10: Emerging Technologies & Career Development","2025-12-12 02:15:23",NULL,"A"
