"id","course_id","course_program_name","program_overview_order","program_overview_selected","selected_ids","status","createdOn","updatedOn"
"1","100","Program Overview","null","{
   ""program_overview"":[
      {
         ""refId"":1,
         ""icon"":""Ofline basecamps for networking-1599708702.png"",
         ""txt"":""Ofline basecamps for networking"",
         ""allowed"":1
      },
      {
         ""refId"":2,
         ""icon"":""Personalised resume feedback-1599708675.png"",
         ""txt"":""Personalised resume feedback"",
         ""allowed"":1
      },
      {
         ""refId"":3,
         ""icon"":""live-drafting-classes-of-relevant-contracts-such-as-joint-development-agreement-leave-and-license--commercial-leases-settlement-deed-channel-partner-agreements-etc-1614772483.svg"",
         ""txt"":""15 case studies and live projects"",
         ""allowed"":1
      },
      {
         ""refId"":4,
         ""icon"":""liveonlineclasses-1614939954.svg"",
         ""txt"":""Mock interviews by hiring mentors"",
         ""allowed"":1
      },
      {
         ""refId"":5,
         ""icon"":""hardcopystudymaterial-1614939811.svg"",
         ""txt"":""Certification Form"",
         ""allowed"":1
      }
   ],
   ""video_info"":{
      ""link"":""https:\/\/www.youtube.com\/watch?v=at-NmNf8dm8"",
      ""image"":""programm_files_3_1599669903.jpg""
   }
}","""1,2,3,4,5""","A","2020-09-09 18:05:45","2020-09-11 12:09:14"
"2","6","Key Highlight","null","{
   ""program_overview"":[
      {
         ""refId"":3,
         ""icon"":""liveonlineclasses-1614939954.svg"",
         ""txt"":""Reviewing a term sheet & transactional documents both from the seller and buyer\u2019s perspective and understanding the key considerations."",
         ""allowed"":1
      },
      {
         ""refId"":4,
         ""icon"":""Additional readings on the latest developments in the market and concepts being discussed.-1602750104.png"",
         ""txt"":""Additional readings on the latest developments in the market and concepts being discussed."",
         ""allowed"":1
      },
      {
         ""refId"":5,
         ""icon"":""Exercises on current transactions in newspapers and the impact of Covid-19 on the mergers and acquisitions landscape.-1602750094.png"",
         ""txt"":""Exercises on current transactions in newspapers and the impact of Covid-19 on the mergers and acquisitions landscape."",
         ""allowed"":1
      },
      {
         ""refId"":6,
         ""icon"":""Anecdotal discussions by our industrial academia panel about their experience in similar transactions.-1602750083.png"",
         ""txt"":""Anecdotal discussions by our industrial academia panel about their experience in similar transactions."",
         ""allowed"":1
      },
      {
         ""refId"":7,
         ""icon"":""Complete coverage of different concepts and laws related to mergers and acquisitions.-1602750070.png"",
         ""txt"":""Complete coverage of different concepts and laws related to mergers and acquisitions."",
         ""allowed"":1
      },
      {
         ""refId"":8,
         ""icon"":""Development of key practical skills like calculation of stamp duty, tax considerations, business considerations etc.-1602751231.png"",
         ""txt"":""Development of key practical skills like calculation of stamp duty, tax considerations, business considerations etc."",
         ""allowed"":1
      },
      {
         ""refId"":9,
         ""icon"":""Simulation case studies on preparing due diligence and reading important documents.-1602750036.png"",
         ""txt"":""Simulation case studies on preparing due diligence and reading important documents."",
         ""allowed"":1
      },
      {
         ""refId"":10,
         ""icon"":""Live drafting classes of key agreements like Share Subscription, Share Purchase, Joint Ventures, etc.-1602750024.png"",
         ""txt"":""Live drafting classes of key agreements like Share Subscription, Share Purchase, Joint Ventures, etc."",
         ""allowed"":1
      }
   ],
   ""video_info"":{
      ""link"":""https:\/\/www.youtube.com\/watch?v=at-NmNf8dm8"",
      ""image"":""video_1599708966.jpg""
   }
}","""3,4,5,6,7,8,9,10""","D","2020-09-10 09:06:06","2020-12-22 18:12:18"
"3","102","Program Overview","null","{
   ""program_overview"":[
      {
         ""refId"":1,
         ""icon"":""Ofline basecamps for networking-1599708702.png"",
         ""txt"":""Ofline basecamps for networking"",
         ""allowed"":1
      },
      {
         ""refId"":2,
         ""icon"":""Personalised resume feedback-1599708675.png"",
         ""txt"":""Personalised resume feedback"",
         ""allowed"":1
      },
      {
         ""refId"":3,
         ""icon"":""liveonlineclasses-1614939954.svg"",
         ""txt"":""Reviewing a term sheet & transactional documents both from the seller and buyer\u2019s perspective and understanding the key considerations."",
         ""allowed"":1
      },
      {
         ""refId"":4,
         ""icon"":""Additional readings on the latest developments in the market and concepts being discussed.-1602750104.png"",
         ""txt"":""Additional readings on the latest developments in the market and concepts being discussed."",
         ""allowed"":1
      },
      {
         ""refId"":5,
         ""icon"":""Exercises on current transactions in newspapers and the impact of Covid-19 on the mergers and acquisitions landscape.-1602750094.png"",
         ""txt"":""Exercises on current transactions in newspapers and the impact of Covid-19 on the mergers and acquisitions landscape."",
         ""allowed"":1
      },
      {
         ""refId"":6,
         ""icon"":""Anecdotal discussions by our industrial academia panel about their experience in similar transactions.-1602750083.png"",
         ""txt"":""Anecdotal discussions by our industrial academia panel about their experience in similar transactions."",
         ""allowed"":1
      },
      {
         ""refId"":7,
         ""icon"":""Complete coverage of different concepts and laws related to mergers and acquisitions.-1602750070.png"",
         ""txt"":""Complete coverage of different concepts and laws related to mergers and acquisitions."",
         ""allowed"":1
      },
      {
         ""refId"":8,
         ""icon"":""Development of key practical skills like calculation of stamp duty, tax considerations, business considerations etc.-1602751231.png"",
         ""txt"":""Development of key practical skills like calculation of stamp duty, tax considerations, business considerations etc."",
         ""allowed"":1
      },
      {
         ""refId"":9,
         ""icon"":""Simulation case studies on preparing due diligence and reading important documents.-1602750036.png"",
         ""txt"":""Simulation case studies on preparing due diligence and reading important documents."",
         ""allowed"":1
      },
      {
         ""refId"":10,
         ""icon"":""Live drafting classes of key agreements like Share Subscription, Share Purchase, Joint Ventures, etc.-1602750024.png"",
         ""txt"":""Live drafting classes of key agreements like Share Subscription, Share Purchase, Joint Ventures, etc."",
         ""allowed"":1
      }
   ],
   ""video_info"":{
      ""link"":""https:\/\/www.youtube.com\/watch?v=at-NmNf8dm8"",
      ""image"":""Untitled-5_1604143285.jpg""
   }
}","""1,2,3,4,5,6,7,8,9,10""","A","2020-10-31 16:51:25",NULL
"4","119","Program Overview","null","{""program_overview"":[{""refId"":1,""icon"":""Ofline basecamps for networking-1599708702.png"",""txt"":""Ofline basecamps for networking"",""allowed"":1},{""refId"":2,""icon"":""Personalised resume feedback-1599708675.png"",""txt"":""Personalised resume feedback"",""allowed"":1}]}","""1,2""","A","2020-12-28 18:25:44","2021-01-05 17:01:34"
"5","120","Program Overview","[""1"",""2"",""3"",""4"",""5"",""6"",""7"",""8"",""9"",""10""]","{
   ""program_overview"":[
      {
         ""refId"":""1"",
         ""icon"":""Ofline basecamps for networking-1599708702.png"",
         ""txt"":""Ofline basecamps for networking""
      },
      {
         ""refId"":""2"",
         ""icon"":""Personalised resume feedback-1599708675.png"",
         ""txt"":""Personalised resume feedback""
      },
      {
         ""refId"":""3"",
         ""icon"":""liveonlineclasses-1614939954.svg"",
         ""txt"":""Reviewing a term sheet & transactional documents both from the seller and buyer\u2019s perspective and understanding the key considerations.""
      },
      {
         ""refId"":""4"",
         ""icon"":""Additional readings on the latest developments in the market and concepts being discussed.-1602750104.png"",
         ""txt"":""Additional readings on the latest developments in the market and concepts being discussed.""
      },
      {
         ""refId"":""5"",
         ""icon"":""Exercises on current transactions in newspapers and the impact of Covid-19 on the mergers and acquisitions landscape.-1602750094.png"",
         ""txt"":""Exercises on current transactions in newspapers and the impact of Covid-19 on the mergers and acquisitions landscape.""
      },
      {
         ""refId"":""6"",
         ""icon"":""Anecdotal discussions by our industrial academia panel about their experience in similar transactions.-1602750083.png"",
         ""txt"":""Anecdotal discussions by our industrial academia panel about their experience in similar transactions.""
      },
      {
         ""refId"":""7"",
         ""icon"":""Complete coverage of different concepts and laws related to mergers and acquisitions.-1602750070.png"",
         ""txt"":""Complete coverage of different concepts and laws related to mergers and acquisitions.""
      },
      {
         ""refId"":""8"",
         ""icon"":""Development of key practical skills like calculation of stamp duty, tax considerations, business considerations etc.-1602751231.png"",
         ""txt"":""Development of key practical skills like calculation of stamp duty, tax considerations, business considerations etc.""
      },
      {
         ""refId"":""9"",
         ""icon"":""Simulation case studies on preparing due diligence and reading important documents.-1602750036.png"",
         ""txt"":""Simulation case studies on preparing due diligence and reading important documents.""
      },
      {
         ""refId"":""10"",
         ""icon"":""Live drafting classes of key agreements like Share Subscription, Share Purchase, Joint Ventures, etc.-1602750024.png"",
         ""txt"":""Live drafting classes of key agreements like Share Subscription, Share Purchase, Joint Ventures, etc.""
      }
   ]
}",NULL,"D","2021-01-06 13:28:25",NULL
"6","6","Program Overview","""""","{""program_overview"":[{""refId"":212,""icon"":""onlinelearning-2-1637041720.png"",""txt"":""The course is aimed at four distinct professional groups:\nLaw graduates looking for a clear career direction in transactional practice\nLitigation lawyers seeking to shift from courtroom work to deal advisory\nCAs, CS, and bankers who want legal fluency alongside their financial expertise\nCapable professionals who feel overlooked and want a competitive edge\n"",""allowed"":1},{""refId"":214,""icon"":""design-1637041877.svg"",""txt"":""This course is spread across 10 modules and 50+ topics, the syllabus covers the entire M&A deal lifecycle from NDAs and LOIs to post-closing compliance, IBC-driven distressed acquisitions, and GCC-India cross-border transactions. Each module is backed by hands-on exercises, annotated sample documents, and practitioner-led feedback. Uniquely, the curriculum also integrates AI-enabled due diligence, VDR management, ESG diligence, and DPDP Act compliance,  areas now demanded in modern deal-making. \n"",""allowed"":1},{""refId"":215,""icon"":""ebook-1637041909.svg"",""txt"":""The course positions as the only M&A course in India covering the full transaction lifecycle, from first NDA to NCLT-approved merger schemes. Key differentiators include:\n100 live classes totalling 150 hours, versus no live classes offered by most competitors\nTwo full deal simulations: The Term Sheet Battle (Simulation 1) and M&A Deal Memo & Regulatory Strategy (Simulation 2)\n600 total training hours versus fewer than 30 hours in competing courses\nA 45-day money-back guarantee and dedicated placement and freelance support, including international remote work opportunities\nLawSikho has facilitated 21,000+ work opportunities between April 2021 and June 2023, totalling over USD 3,30,000 in secured work for learners.\n"",""allowed"":1},{""refId"":218,""icon"":""knowledge-1637042112.svg"",""txt"":""The benefits of learning in a systematic, step-by-step way by practicing skills in a safe space where you are not rebuked for making a mistake are immense. You can learn much faster and retain that learning much better. \n"",""allowed"":1},{""refId"":221,""icon"":""onlinelearning-3-1637042245.png"",""txt"":""If you do not have the theoretical legal foundation for doing this work, we will provide you materials and lectures to quickly catch up. Focus is on practical skills so you can do real legal work that is done in law firms, lawyer\u2019s chambers and legal departments in MNCs. For that, whatever you need to learn, we will teach you. \n"",""allowed"":1},{""refId"":222,""icon"":""management-1637042347.png"",""txt"":""Get one-on-one feedback on the quality of your work so you can improve week on week. Also you get to learn the underlying commercial aspects of various types of deals so that you can guide your clients effectively. \n"",""allowed"":1}]}","""212,214,215,218,221,222""","P","2021-01-21 09:21:04","2026-06-02 13:06:51"
"7","5","Program Overview","""""","{""program_overview"":[{""refId"":1,""icon"":""Ofline basecamps for networking-1599708702.png"",""txt"":""Development of key practical skills like performance of software- related due diligence, IP Audit, setting up online businesses, dealing with disparaging advertisements, dealing with cyber crimes, draft relevant contracts and user facing terms and conditions etc."",""allowed"":1},{""refId"":3,""icon"":""reviewing-a-term-sheet--transactional-documents-1615179013.svg"",""txt"":""Live drafting classes and assignments on drafting of key technology contracts across various technology industries."",""allowed"":1},{""refId"":4,""icon"":""additional-readings-on-the-latest-1615178800.svg"",""txt"":""Exercises on industry specific work such as Global GDPR compliance and audit, drafting of privacy policies for social media and other platforms, compliances related to intermediary liability etc."",""allowed"":1},{""refId"":5,""icon"":""exercises-on-current-transactions-1615178970.svg"",""txt"":""Covers the criminal aspect of the law like drafting online cyber complaints, defending clients, recovering monies from an online bank fraud etc."",""allowed"":1},{""refId"":6,""icon"":""anecdotal-discussions-by-our-industrial-1615178945.svg"",""txt"":""Complete overview of RBI regulation of the fintech sector including regulation of Payment Gateways, Digital Lending Platforms, P2P Lending along with drafting Fintech related agreements such as Payment Gateway Agreement, Payment Processing Agreement, Terms of Use for Payment and Digital Lending Platforms. "",""allowed"":1},{""refId"":7,""icon"":""complete-coverage-of-different-concepts-1615178924.svg"",""txt"":""In 50 weeks, learn how to draft and negotiate more than 30 Technology Contracts, learn how to consult on compliances, product offerings, Data Privacy considerations and more across various technology industries such as E-commerce, B2B SaaS, Social Media and Video Streaming Companies, Blockchain and Cryptocurrency, Drones etc. "",""allowed"":1},{""refId"":8,""icon"":""development-of-key-practical-skills-1615178900.svg"",""txt"":""We give weekly simulation exercises based on practical compliance, consulting and drafting related work across technology domains which will help you deliver when working for technology clients, with a law firm, working in-house or handling them independently. "",""allowed"":1},{""refId"":9,""icon"":""simulation-case-studies-on-preparing-1615178878.svg"",""txt"":""Learn how to work and consult around laws, regulations and policies in Niche Technology Domains such as Digital Gaming, Blockchain and Cryptocurrency, Drones, Artificial Intelligence, Health- Tech etc. "",""allowed"":1},{""refId"":10,""icon"":""live-drafting-classes-of-key-agreements-1615178859.svg"",""txt"":""Attend one to two live sessions a week for one year, and work on real life realistic assignments that develop your legal brain and insights."",""allowed"":1},{""refId"":17,""icon"":""segmentation-of-contracts-as-per-1615178606.svg"",""txt"":""Learn practical insights from industry experts, some of them with decades of experience, and get your doubts cleared on the spot."",""allowed"":1}]}","""1,3,4,5,6,7,8,9,10,17""","A","2021-01-21 10:40:15","2023-07-21 14:07:28"
"8","121","Program Overview","null","{
   ""program_overview"":[
      {
         ""refId"":1,
         ""icon"":""Ofline basecamps for networking-1599708702.png"",
         ""txt"":""Ofline basecamps for networking"",
         ""allowed"":1
      },
      {
         ""refId"":2,
         ""icon"":""Personalised resume feedback-1599708675.png"",
         ""txt"":""Personalised resume feedback"",
         ""allowed"":1
      },
      {
         ""refId"":3,
         ""icon"":""liveonlineclasses-1614939954.svg"",
         ""txt"":""Reviewing a term sheet & transactional documents both from the seller and buyer\u2019s perspective and understanding the key considerations."",
         ""allowed"":1
      },
      {
         ""refId"":4,
         ""icon"":""Additional readings on the latest developments in the market and concepts being discussed.-1602750104.png"",
         ""txt"":""Additional readings on the latest developments in the market and concepts being discussed."",
         ""allowed"":1
      },
      {
         ""refId"":5,
         ""icon"":""Exercises on current transactions in newspapers and the impact of Covid-19 on the mergers and acquisitions landscape.-1602750094.png"",
         ""txt"":""Exercises on current transactions in newspapers and the impact of Covid-19 on the mergers and acquisitions landscape."",
         ""allowed"":1
      },
      {
         ""refId"":6,
         ""icon"":""Anecdotal discussions by our industrial academia panel about their experience in similar transactions.-1602750083.png"",
         ""txt"":""Anecdotal discussions by our industrial academia panel about their experience in similar transactions."",
         ""allowed"":1
      },
      {
         ""refId"":7,
         ""icon"":""Complete coverage of different concepts and laws related to mergers and acquisitions.-1602750070.png"",
         ""txt"":""Complete coverage of different concepts and laws related to mergers and acquisitions."",
         ""allowed"":1
      }
   ]
}","""1,2,3,4,5,6,7""","A","2021-01-26 10:58:38","2021-03-05 15:03:43"
"9","122","Program Overview","""""","{""program_overview"":[{""refId"":4,""icon"":""additional-readings-on-the-latest-1615178800.svg"",""txt"":""The program caters to a diverse audience, including top management of multinational companies, business leaders, lawyers, law students, and management consultants. It aims to equip them with the knowledge and skills necessary for navigating international transactions and regulatory environments."",""allowed"":1},{""refId"":6,""icon"":""anecdotal-discussions-by-our-industrial-1615178945.svg"",""txt"":""The course emphasizes practical learning by incorporating exercises and simulations that mirror real-world scenarios. This hands-on approach helps participants develop the skills needed to handle complex international business transactions."",""allowed"":1},{""refId"":8,""icon"":""development-of-key-practical-skills-1615178900.svg"",""txt"":""This course, offered in association with Webster University Geneva, covers a wide range of topics related to international business law, including legal systems, entry strategies, advanced contract drafting, negotiation, dispute resolution, and more."",""allowed"":1},{""refId"":20,""icon"":""Exercises and Training on dispute resolution of contracts involving litigation, arbitration and choosing the right fora of adjudication.-1611209015.svg"",""txt"":""The curriculum delves into crucial considerations for entering new markets, such as different modes of entry, foreign investment legislations, taxation, labor laws, and intellectual property regulations."",""allowed"":1},{""refId"":28,""icon"":""Live drafting classes of relevant contracts such as joint development agreement, leave and license,  commercial leases, settlement deed, channel partner agreements etc.-1611209804.svg"",""txt"":""Live drafting classes of relevant contracts such as joint development agreement, leave and license,  commercial leases, settlement deed, channel partner agreements etc."",""allowed"":1},{""refId"":42,""icon"":""learn-how-to-conduct-disciplinary-proceedings-1615186170.svg"",""txt"":""Unlike many resources that cover only specific aspects of international business law, this program offers a comprehensive training that addresses a wide range of topics, eliminating the need to seek out multiple resources for different skill requirements."",""allowed"":1},{""refId"":143,""icon"":""onlineclass-2-1622272133.svg"",""txt"":""Students have the unique opportunity to learn from top US faculties, lawyers, and global experts. This networking can open up new opportunities and provide valuable insights for those looking to expand their careers in international business law."",""allowed"":1},{""refId"":156,""icon"":""meeting-1-1622529613.svg"",""txt"":""The program goes beyond knowledge and skills, providing dedicated support for placements, internships, and freelance opportunities. This support includes CV enhancement, mock interviews, and guidance during the critical initial phase of internships or jobs."",""allowed"":1},{""refId"":226,""icon"":""presentation-1-1637042635.png"",""txt"":""Webster University, known for its strong international presence and high job placement rate, brings a global perspective to the course. Classes conducted by Webster faculty and other experts enhance the quality of education."",""allowed"":1}]}","""4,6,8,20,28,42,143,156,226""","P","2021-02-03 16:15:42","2023-10-06 16:10:40"
"10","123","Program Overview","null","{""program_overview"":[{""refId"":25,""icon"":""Development of key practical skills like drafting a cyber complaint, remedying of online payment frauds, dealing with web-based intellectual property disputes, etc.-1611209287.svg"",""txt"":""Development of key practical skills like drafting a cyber complaint, remedying online payment frauds, dealing with web-based intellectual property disputes, etc."",""allowed"":1}]}","""25""","P","2021-02-05 13:37:21","2021-04-02 13:04:47"
"11","124","Program Overview","null","{""program_overview"":[{""refId"":1,""icon"":""Ofline basecamps for networking-1599708702.png"",""txt"":""Offline basecamps for networking"",""allowed"":1}]}","""1""","P","2021-02-10 12:09:58","2021-04-02 14:04:05"
"12","2","Program Overview","""""","{""program_overview"":[{""refId"":97,""icon"":""live-drafting-classes-of-relevant-contracts-1622262044.svg"",""txt"":""Live drafting sessions for contract drafting and drafting of petitions."",""allowed"":1},{""refId"":199,""icon"":""training-3-1636549914.svg"",""txt"":""This course is for those who want to learn how to draft, negotiate and review high value commercial contracts independently."",""allowed"":1},{""refId"":200,""icon"":""testing-1636549990.svg"",""txt"":""Whether you are a beginner, intermediate or already have some expertise & experience in contract drafting but want to acquire mastery, we will take care of your learning needs. For absolute beginners we have special classes to bring them up to the mark."",""allowed"":1},{""refId"":201,""icon"":""study-1636550051.svg"",""txt"":""We do not teach case laws and sections of contract act or other statutes in this course beyond passing references where you need to know. Focus is on practical skills so you can do real legal work that is done in law firms, lawyer\u2019s chambers and legal departments in MNCs. For that, whatever you need to learn, we will teach you."",""allowed"":1},{""refId"":202,""icon"":""contract-1636550131.png"",""txt"":""In 50 weeks, master 100 most important and frequently used commercial contracts and other related drafting (see below for a comprehensive list of contracts being taught in this course)."",""allowed"":1},{""refId"":203,""icon"":""businessandfinance-1-1636550167.svg"",""txt"":""The focus here is on practicing contract drafting in different situations, and getting corrections so you can systematically & drastically improve. We have seen that our students learn in 50 weeks what those working for top law firms take 3 years or more to learn."",""allowed"":1},{""refId"":204,""icon"":""compliant-1636550206.svg"",""txt"":""Never struggle with drafting or negotiating any contracts ever again, learn to draft comprehensive contracts from scratch or by using templates."",""allowed"":1},{""refId"":205,""icon"":""copy-1636550244.svg"",""txt"":""Attend two live sessions a week for one year, and work on real life realistic assignments that develop your legal brain and insights."",""allowed"":1},{""refId"":207,""icon"":""feedback-1-1636550332.png"",""txt"":""Get one-on-one feedback on contracts you draft and negotiation strategies you prepare. Also you get to learn the underlying commercial aspects of various types of contracts so that you can guide your clients effectively."",""allowed"":1},{""refId"":208,""icon"":""idea-1-1636550391.svg"",""txt"":""Also get trained on disputes involving and arising out of different commercial contracts."",""allowed"":1},{""refId"":209,""icon"":""idea-5-1636550426.svg"",""txt"":""Get internships, freelance work and jobs based on your outstanding contract drafting skills."",""allowed"":1},{""refId"":211,""icon"":""people-1-1636550592.svg"",""txt"":""Lawyers who are struggling to earn well or get a well-paid job, this course can really help you. Learning commercial contract drafting can rapidly change your earning potential."",""allowed"":1},{""refId"":226,""icon"":""presentation-1-1637042635.png"",""txt"":""Learn practical insights from industry experts, some of them with decades of experience, and get your doubts cleared on the spot."",""allowed"":1},{""refId"":231,""icon"":""value-1637043513.png"",""txt"":""Get access to 200+ high quality templates that you can actually use to work with clients."",""allowed"":1}]}","""97,199,200,201,202,203,204,205,207,208,209,211,226,231""","A","2021-03-08 13:51:23","2023-10-09 19:10:13"
"13","95","Program Overview","null","{""program_overview"":[{""refId"":42,""icon"":""learn-how-to-conduct-disciplinary-proceedings-1615186170.svg"",""txt"":""Learn how to conduct disciplinary proceedings, including appreciation of evidence and drafting various kinds of notices and orders"",""allowed"":1},{""refId"":43,""icon"":""learn-how-to-draft-various-kinds-1615183944.svg"",""txt"":""Learn how to draft various kinds of organizational policies, employment and consultancy contracts, manpower supply contracts, etc."",""allowed"":1},{""refId"":44,""icon"":""learn-how-to-check-contractor-1615183989.svg"",""txt"":""Learn how to check contractor compliance and shield your organization from defaults by contractors"",""allowed"":1},{""refId"":45,""icon"":""learn-how-to-respond-to-notices-by-1615184031.svg"",""txt"":""Learn how to respond to notices by various statutory authorities - labour commissioners, ESI and PF authorities, etc. and what to do if proceedings are initiated before labour commissioners or labour courts"",""allowed"":1},{""refId"":46,""icon"":""simulation-case-studies-on-compliance-1615184068.svg"",""txt"":""Prepare foolproof documentary trails to defend the organization effectively in the event of legal proceedings"",""allowed"":1},{""refId"":47,""icon"":""develop-competence-on-industrial-1615184099.svg"",""txt"":""Develop competence in industrial relations and disputes, dealing with trade unions, handling conciliations, bipartite and tripartite settlements, etc."",""allowed"":1},{""refId"":48,""icon"":""simulation-case-studies-on-compliance-1615184117.svg"",""txt"":""Simulation case studies on compliance requirements under the Payment of Gratuity Act, Employees State Insurance Act, Contract Labour Act, Shops and Establishments Act"",""allowed"":1},{""refId"":49,""icon"":""not-only-the-concepts-related-to-sebi-1615186291.svg"",""txt"":""Learn how to draft briefing notes on critical labour issues for management and external lawyers"",""allowed"":1},{""refId"":50,""icon"":""perform-practical-exercises-on-1615184166.svg"",""txt"":""Perform practical exercises on termination of employment, maternity benefits, POSH Act, CSR work, ESOP plan etc."",""allowed"":1},{""refId"":51,""icon"":""learn-grammar-from-the-basic-to-1615184207.svg"",""txt"":""Master the new Labour Codes and ongoing developments"",""allowed"":1},{""refId"":67,""icon"":""focus-on-practical-daytoday-1615186048.svg"",""txt"":""Focus on practical day-to-day tasks of HR managers and compliance challenges under various legislations"",""allowed"":1},{""refId"":68,""icon"":""identify-steps-to-take-in-respect-1615198626.svg"",""txt"":""Identify steps to take in respect of various kinds of misdemeanours or lack of performance by employees"",""allowed"":1}]}","""42,43,44,45,46,47,48,49,50,51,67,68""","A","2021-03-08 15:52:47","2021-03-22 19:03:26"
"14","78","Program Overview","null","{""program_overview"":[{""refId"":52,""icon"":""build-your-competence-in-english--1615184532.svg"",""txt"":""Build your competence in English to work with high-profile companies, foreign clients, perform High Court and Supreme Court work"",""allowed"":1},{""refId"":54,""icon"":""enhance-your-english-vocabulary-1615184596.svg"",""txt"":""Enhance your English vocabulary for effective communication in High Courts and Supreme Court"",""allowed"":1},{""refId"":55,""icon"":""learn-how-to-write-articles-like-a-pro-1615184808.svg"",""txt"":""Learn how to write articles like a pro in legally correct English, step by step"",""allowed"":1},{""refId"":56,""icon"":""focus-in-live-classes-on-how-company-1615184837.svg"",""txt"":""Intensive live online classroom training three times per week with trainer facilitation"",""allowed"":1},{""refId"":58,""icon"":""develop-strong-listening-and-conversational-1615184904.svg"",""txt"":""Develop strong listening and conversational skills to improve effectiveness in court, court craft, client calls, meetings, and negotiation situations too."",""allowed"":1},{""refId"":59,""icon"":""practice-oratory-skills-in-class-to-perform-1615199312.svg"",""txt"":""Practice oratory skills in class to perform better in court, build your video channel, give speeches at events"",""allowed"":1},{""refId"":60,""icon"":""focus-on-building-your-online-profile-1615184962.svg"",""txt"":""Focus on building your online profile, credibility and track record as a legal expert while performing these exercises"",""allowed"":1},{""refId"":69,""icon"":""learn-grammar-from-the-basic-to-1615199148.svg"",""txt"":""Learn grammar from the basic to advanced level - never fear being ridiculed or embarrassed by senior lawyers or judges"",""allowed"":1},{""refId"":70,""icon"":""develop-competence-on-industrial-1615199266.svg"",""txt"":""Practice comprehension based on dense texts from jurisprudence, philosophy, legal scholars and long judgments - learn how to detect and frame unique and powerful arguments"",""allowed"":1}]}","""52,54,55,56,58,59,60,69,70""","A","2021-03-08 16:00:50","2021-03-18 14:03:44"
"15","16","Program Overview","null","{""program_overview"":[{""refId"":61,""icon"":""focus-in-live-classes-on-how-company-1615199684.svg"",""txt"":""Focus in live classes on how company law is implemented and on strategising various transactions from a company law perspective as well as drafting, for example, planning of group structures and inter-company transactions;"",""allowed"":1},{""refId"":62,""icon"":""guidance-on-a-lot-of-best-practices-1615185941.svg"",""txt"":""Guidance on a lot of best practices and implementation of corporate governance in startup, unlisted and listed companies;"",""allowed"":1},{""refId"":63,""icon"":""coverage-of-both-legal-as-well-as-1615185959.svg"",""txt"":""Coverage of both legal as well as compliance aspects in company law with the help of screen share demonstration and screenshot guides;"",""allowed"":1},{""refId"":64,""icon"":""significant-number-of-downloadable-1615185977.svg"",""txt"":""A significant number of downloadable templates and checklists;"",""allowed"":1},{""refId"":65,""icon"":""company-law-litigation-are-also--1615185998.svg"",""txt"":""Company law litigation are also covered to the extent of matters before the National Company law tribunal, including amalgamation and mergers as well as oppression and mismanagement;"",""allowed"":1},{""refId"":66,""icon"":""not-only-the-concepts-related-to-sebi-1615186016.svg"",""txt"":""Not only the concepts related to SEBI regulations, but also drafting and litigation parts related to proceedings before SEBI are covered."",""allowed"":1}]}","""61,62,63,64,65,66""","A","2021-03-08 16:08:08","2021-03-24 12:03:37"
"16","4","Program Overview","null","{""program_overview"":[{""refId"":4,""icon"":""additional-readings-on-the-latest-1615178800.svg"",""txt"":""Additional readings on the latest developments in the market and concepts being discussed."",""allowed"":1},{""refId"":6,""icon"":""anecdotal-discussions-by-our-industrial-1615178945.svg"",""txt"":""Anecdotal discussions by our industrial academia panel about their experience in similar transactions."",""allowed"":1},{""refId"":28,""icon"":""live-drafting-classes-of-relevant-contracts-1615180104.svg"",""txt"":""Live drafting classes of relevant contracts such as joint development agreement, leave and license,  commercial leases, settlement deed, channel partner agreements etc."",""allowed"":1},{""refId"":29,""icon"":""reviewing-contracts-and-title-documents-from-perspectives-1615181198.svg"",""txt"":""Reviewing contracts and title documents from perspectives of various stakeholders involved such as builders land owners and landlords, home buyers, real estate agents, investors including individual investors and institutional investors like NBFCs, banks etc., NRIs, cooperative housing societies (CHS), members of CHS, legal heirs involved in succession disputes etc.; and understanding the key negotiation points."",""allowed"":1},{""refId"":30,""icon"":""hardcopystudymaterial-1614939811.svg"",""txt"":""Simulation case studies around advising the builders, developers, promoters on various aspects like land acquisition, financing of the real estate project, RERA compliances, taxation involved in various transactions etc."",""allowed"":1},{""refId"":31,""icon"":""development-of-key-practical-skills-like-1615181250.svg"",""txt"":""Development of key practical skills like drafting notices, legal opinions, title verification reports, consumer complaints, NCLT application, complaint before RERA authorities, settlement between builders and buyers, landlords and tenants, and among joint family members etc."",""allowed"":1},{""refId"":32,""icon"":""complete-coverage-of-different-concepts-and-laws-related-to-1615181272.svg"",""txt"":""Complete coverage of different concepts and laws related to real estate and property related litigation, application of RERA, consumer and commercial laws, Insolvency and Bankruptcy Code, 2016, compliance regulations for the builders, land acquisition, relevant RBI & FEMA regulations, GST etc."",""allowed"":1},{""refId"":33,""icon"":""exercises-on-current-events-affecting-the-real-1615181310.svg"",""txt"":""Exercises on current events affecting the real estate market such as COVID induced lock down, stimulation packages by the government, and the introduction of online processes in the government channels and the changing landscape of liabilities and compliances etc."",""allowed"":1}]}","""4,6,28,29,30,31,32,33""","A","2021-03-08 16:18:39","2021-03-30 12:03:39"
"17","125","Program Overview",NULL,NULL,NULL,"A","2021-03-19 14:10:50",NULL
"18","126","Program Overview","null","{""program_overview"":[{""refId"":147,""icon"":""live-drafting-classes-of-relevant-contracts-1622273975.svg"",""txt"":""Live online sessions by experienced practitioners in the relevant field"",""allowed"":1},{""refId"":148,""icon"":""360-degree-exposure-to-different-areas-1622273998.svg"",""txt"":""Simulation exercises on transactions that a paralegal would be dealing with on a day to day basis"",""allowed"":1},{""refId"":149,""icon"":""modeling-1622274035.svg"",""txt"":""Mentorship by IP paralegals towards building online presence as a US and UK paralegal through various freelancing platforms as well as through sources such as Linked In, Facebook, etc."",""allowed"":1},{""refId"":150,""icon"":""onlineclass-2-1622274201.svg"",""txt"":""Live drafting classes for various documents such as office action responses, oppositions, complaints, petitions, and contracts etc. for monetization of trademarks."",""allowed"":1},{""refId"":151,""icon"":""meeting-1-1622274225.svg"",""txt"":""Additional readings on developments in the relevant laws as well as on concepts discussed during sessions."",""allowed"":1}]}","""147,148,149,150,151""","A","2021-04-07 18:59:27","2021-05-29 13:05:38"
"19","127","Program Overview",NULL,NULL,NULL,"A","2021-04-08 16:21:27",NULL
"20","128","Program Overview",NULL,NULL,NULL,"A","2021-04-09 10:44:27",NULL
"21","129","Program Overview",NULL,NULL,NULL,"A","2021-04-10 11:36:22",NULL
"22","130","Program Overview","null","{""program_overview"":[{""refId"":131,""icon"":""complete-coverage-of-different-concepts-1622267920.svg"",""txt"":""Anecdotal discussions with Advocates-on-Record currently practicing in the Supreme Court."",""allowed"":1},{""refId"":135,""icon"":""discussion-on-stamp-duty-1622270463.svg"",""txt"":""60+ mock tests covering all the four papers of Advocate on Record Examination"",""allowed"":1},{""refId"":136,""icon"":""3-live-sessions-a-week-1622270489.svg"",""txt"":""60-90 live classes of 1.5 hours each."",""allowed"":1},{""refId"":137,""icon"":""mock-negotiations-between-1622270515.svg"",""txt"":""Learn from top rankers who have not only cleared the examination but aced it in immediate preceding years."",""allowed"":1},{""refId"":138,""icon"":""mock-negotiations-between-parties-1622270535.svg"",""txt"":""Free access to the crash course conducted before the examination"",""allowed"":1},{""refId"":140,""icon"":""simulation-exercises-on-different-aspects-of-the-mechanism-of-recovery-of-debts-under-ibc-1622270934.svg"",""txt"":""Systematic preparation for the AOR examination."",""allowed"":1},{""refId"":141,""icon"":""inline-evaluations-of-the-submitted-assignments-1622271872.svg"",""txt"":""Detailed answer writing practice, mocks and in-line corrections, zoom and phone call sessions to clear doubts."",""allowed"":1},{""refId"":142,""icon"":""school-1622271904.svg"",""txt"":""250-300+ hours of training to clear advocate on record examination."",""allowed"":1}]}","""131,135,136,137,138,140,141,142""","A","2021-04-11 14:41:47","2021-06-01 13:06:43"
"23","131","Program Overview","""""","{""program_overview"":[{""refId"":148,""icon"":""360-degree-exposure-to-different-areas-1622273998.svg"",""txt"":""Simulation exercises on transactions that a paralegal would be dealing with on a day to day basis"",""allowed"":1},{""refId"":149,""icon"":""modeling-1622274035.svg"",""txt"":""Mentorship by paralegals towards building online presence as a US and UK paralegal through various freelancing platforms as well as through sources such as LinkedIn, Facebook, etc."",""allowed"":1},{""refId"":151,""icon"":""meeting-1-1622274225.svg"",""txt"":""Additional readings on developments in the relevant laws as well as on concepts discussed during sessions."",""allowed"":1},{""refId"":152,""icon"":""onlineclass-2-1622277091.svg"",""txt"":""Live online sessions by experienced practitioners in the United States."",""allowed"":1},{""refId"":153,""icon"":""live-drafting-classes-of-relevant-contracts-1622277181.svg"",""txt"":""Live drafting classes for various documents including IP Agreements, MOUs, Privacy Policy, Stock Purchase, Supplier and other loan agreements."",""allowed"":1},{""refId"":154,""icon"":""meeting-1-1622277223.svg"",""txt"":""Anecdotal discussions regarding enforceability of different agreements"",""allowed"":1}]}","""148,149,151,152,153,154""","A","2021-04-16 21:51:38","2023-06-27 14:06:29"
"24","132","Program Overview","""""","{""program_overview"":[{""refId"":1,""icon"":""Ofline basecamps for networking-1599708702.png"",""txt"":""This course allows you to understand International Legal Framework. You will be introduced to the legal principles and regulations governing international contracts, including international trade laws, international conventions, and treaties."",""allowed"":1},{""refId"":2,""icon"":""Personalised resume feedback-1599708675.png"",""txt"":""This course will also help you examine the principles of jurisdiction and choice of law in international contracts, including the application of conflict of laws rules and the significance of international arbitration."",""allowed"":1},{""refId"":3,""icon"":""reviewing-a-term-sheet--transactional-documents-1615179013.svg"",""txt"":""By the end of the course, you will be proficient in useful techniques for drafting clear, concise, and enforceable international contracts, including the effective use of defined terms, precise language, and avoiding ambiguous or conflicting provisions."",""allowed"":1},{""refId"":4,""icon"":""additional-readings-on-the-latest-1615178800.svg"",""txt"":""Regardless of your level of expertise and experience, this course will help you explore the basic elements of a contract in an international setting. Identifying and analysing essential contract clauses in international agreements."",""allowed"":1},{""refId"":5,""icon"":""exercises-on-current-transactions-1615178970.svg"",""txt"":""One of the unique features of this course is that it recognizes and addresses communication styles, and business practices that may impact contract negotiations and drafting when dealing with international parties."",""allowed"":1},{""refId"":6,""icon"":""anecdotal-discussions-by-our-industrial-1615178945.svg"",""txt"":""This course offers you knowledge of risk management and contractual protections such as understanding risk allocation, liability limitations, indemnification clauses, insurance provisions, and other mechanisms to mitigate potential risks in international transactions."",""allowed"":1}]}","""1,2,3,4,5,6""","A","2021-04-17 15:17:04","2023-08-21 23:08:37"
"25","133","Program Overview",NULL,NULL,NULL,"A","2021-04-24 19:47:13",NULL
"26","134","Program Overview",NULL,NULL,NULL,"A","2021-04-26 12:45:28",NULL
"27","135","Program Overview","""""","{""program_overview"":[{""refId"":6,""icon"":""anecdotal-discussions-by-our-industrial-1615178945.svg"",""txt"":""Acquire hands-on skills in areas like privacy by design, crafting privacy policies, conducting audits, and establishing global privacy programs. These practical skills are essential for success in this domain."",""allowed"":1},{""refId"":8,""icon"":""development-of-key-practical-skills-1615178900.svg"",""txt"":""Developed in collaboration with the Swiss School of Management and LawSikho, this program combines academic excellence with practical legal expertise. This program provides a thorough understanding of data protection and privacy management, covering a wide range of topics crucial for businesses in the information age."",""allowed"":1},{""refId"":47,""icon"":""develop-competence-on-industrial-1615184099.svg"",""txt"":""Learn how to mitigate risks associated with data breaches, cyber threats, and privacy violations, which can have severe financial and reputational consequences for businesses, governments, and individuals. Gain insights from real-world examples of data breaches affecting major organizations like Microsoft, Twitter, and Zoom. Understand the impact of such incidents and how to prevent them."",""allowed"":1},{""refId"":54,""icon"":""enhance-your-english-vocabulary-1615184596.svg"",""txt"":""Explore a wide range of job opportunities in data protection and privacy management, both domestically and internationally. Salaries in this field can be highly competitive, with the potential for additional compensation in the form of equity."",""allowed"":1},{""refId"":68,""icon"":""identify-steps-to-take-in-respect-1615198626.svg"",""txt"":""Discover a new and dynamic career path as a data protection and privacy management professional. From in-house counsels to external consultants, there is a high demand for experts in this field."",""allowed"":1},{""refId"":90,""icon"":""additional-readings-on-the-latest-developments-1622260724.svg"",""txt"":""Stay up-to-date with global data protection laws, including GDPR and other country-specific regulations. Understand how privacy is now considered a fundamental human right in most countries."",""allowed"":1}]}","""6,8,47,54,68,90""","A","2021-05-19 16:21:49","2023-10-06 16:10:40"
"28","136","Program Overview",NULL,NULL,NULL,"A","2021-05-26 17:08:24",NULL
"29","137","Program Overview",NULL,NULL,NULL,"A","2021-05-27 19:46:59",NULL
"30","10","Program Overview","null","{""program_overview"":[{""refId"":6,""icon"":""anecdotal-discussions-by-our-industrial-1615178945.svg"",""txt"":""Anecdotal discussions by our industrial academia panel about their experience in similar transactions."",""allowed"":1},{""refId"":72,""icon"":""live-drafting-classes-of-key-agreements-1622205817.svg"",""txt"":""Live drafting on drafting of applications to be filed before the NCLT and assignments on the same."",""allowed"":1},{""refId"":73,""icon"":""brainstorming-on-various-strategies-1622205843.svg"",""txt"":""Brainstorming on various strategies for defences against insolvency or bankruptcy petitions."",""allowed"":1},{""refId"":74,""icon"":""complete-and-step-by-step-coverage-of-corporate-1622206659.svg"",""txt"":""Complete and step by step coverage of Corporate Insolvency Resolution & Liquidation process, and Bankruptcy proceedings."",""allowed"":1},{""refId"":75,""icon"":""additional-readings-on-the-latest-1622206686.svg"",""txt"":""Additional readings on the latest developments in the market and concepts, amendments, case laws and ongoing controversies."",""allowed"":1},{""refId"":76,""icon"":""simulation-exercises-on-different-aspects-of-the-mechanism-of-recovery-of-debts-under-ibc-1622206978.svg"",""txt"":""Simulation exercises on different aspects of the mechanism of recovery of debts under IBC"",""allowed"":1}]}","""6,72,73,74,75,76""","A","2021-05-28 18:34:40","2021-05-28 18:05:36"
"31","14","Program Overview","null","{""program_overview"":[{""refId"":79,""icon"":""anecdotal-discussions-by-our-industrial-1622207489.svg"",""txt"":""Anecdotal discussions by our industrial academia panel about their experience of practising at the NCLT."",""allowed"":1},{""refId"":82,""icon"":""inline-evaluations-of-the-submitted-assignments-1622207555.svg"",""txt"":""Inline evaluations of the submitted assignments and personalised feedback."",""allowed"":1},{""refId"":83,""icon"":""different-aspects-of-litigation-before-the-1622207678.svg"",""txt"":""Different aspects of litigation before the NCLT & NCLAT in a step by step manner."",""allowed"":1},{""refId"":84,""icon"":""complete-coverage-of-different-concepts-1622207700.svg"",""txt"":""Complete coverage of different concepts and laws where NCLT is an adjudicating authority viz the Companies Act 2013 and Insolvency & Bankruptcy Code 2016."",""allowed"":1},{""refId"":85,""icon"":""simulation-case-studies-around-advising-1622207836.svg"",""txt"":""Simulation exercises on transactions such as merger and acquisition, schemes of arrangement approved by the NCLT under IBC, liquidation and winding up process of the companies etc."",""allowed"":1},{""refId"":86,""icon"":""live-drafting-classes-of-relevant-contracts-1622207871.svg"",""txt"":""Live drafting of applications filed before NCLT and drafting assignments."",""allowed"":1}]}","""79,82,83,84,85,86""","A","2021-05-28 18:46:51","2021-05-28 18:05:37"
"32","92","Program Overview","null","{""program_overview"":[{""refId"":93,""icon"":""360-degree-exposure-to-different-areas-1622261280.svg"",""txt"":""360 degree exposure to different areas of the corporate law practice."",""allowed"":1},{""refId"":96,""icon"":""-1622262022.svg"",""txt"":""Simulation exercises covering transactions such as preparing term sheets and scheme of amalgamation, drafting commercial contracts, NCLT petitions etc."",""allowed"":1},{""refId"":98,""icon"":""complete-overview-of-rbi-regulation-of-the-fintech-1622262275.svg"",""txt"":""In depth discussion on  transactions like Mergers and Acquisitions, Contract Drafting And others under the Companies Act and IBC."",""allowed"":1},{""refId"":99,""icon"":""live-drafting-classes-and-assignments-1622262364.svg"",""txt"":""Live drafting sessions for contract drafting and drafting of petitions."",""allowed"":1}]}","""93,96,98,99""","A","2021-05-29 09:52:16","2021-05-29 09:05:26"
"33","3","Program Overview","null","{""program_overview"":[{""refId"":100,""icon"":""complete-coverage-of-different-concepts-1622262980.svg"",""txt"":""Anecdotal discussions by our industrial academia panel about their experience in handling criminal cases."",""allowed"":1},{""refId"":101,""icon"":""anecdotal-discussions-by-our-industrial-1622263010.svg"",""txt"":""Development of in depth understanding of different stages of a criminal trial."",""allowed"":1},{""refId"":102,""icon"":""complete-and-step-by-step-coverage-of-corporate-1622263065.svg"",""txt"":""Complete coverage of laws including CrPC and other special statutes."",""allowed"":1},{""refId"":104,""icon"":""exercises-on-current-transactions-1622263163.svg"",""txt"":""Simulation exercises based on recent developments and actual case laws."",""allowed"":1},{""refId"":105,""icon"":""live-drafting-classes-of-key-agreements-1622263288.svg"",""txt"":""Live drafting of various documents like various applications, complaints, SLPs, Notices etc."",""allowed"":1},{""refId"":106,""icon"":""-cyber-laws-1622263638.svg"",""txt"":""Additional readings and discussions on amendments to laws and recent judgments."",""allowed"":1}]}","""100,101,102,104,105,106""","A","2021-05-29 10:10:45","2021-05-29 10:05:10"
"34","105","Program Overview","null","{""program_overview"":[{""refId"":107,""icon"":""exercises-on-industry-specific-work-such-as-global-1622264462.svg"",""txt"":""Complete coverage of various concepts and laws related to International Commercial Arbitrations."",""allowed"":1},{""refId"":108,""icon"":""anecdotal-discussions-by-our-industrial-1622264489.svg"",""txt"":""Developing skills required for mediating disputes when representing a client."",""allowed"":1},{""refId"":109,""icon"":""live-drafting-classes-and-assignments-1622264515.svg"",""txt"":""Live drafting sessions of important documents like arbitration clauses in an international agreement, statement of claims and statement of defense etc."",""allowed"":1},{""refId"":110,""icon"":""complete-coverage-of-different-concepts-1622264549.svg"",""txt"":""Detailed study on the rules of international arbitral institutions like ICC, LCIA AND SIAC for arbitration proceedings."",""allowed"":1},{""refId"":111,""icon"":""additional-readings-on-the-latest-1622264575.svg"",""txt"":""Anecdotal discussions by our industrial academia panel about their experience in similar proceedings."",""allowed"":1},{""refId"":112,""icon"":""message-1-1622264780.svg"",""txt"":""Additional readings on the latest developments and concepts being discussed."",""allowed"":1},{""refId"":113,""icon"":""survey-1622264866.svg"",""txt"":""Simulation exercises based upon actual cases and recent developments."",""allowed"":1}]}","""107,108,109,110,111,112,113""","A","2021-05-29 10:40:11",NULL
"35","17","Program Overview","""""","{""program_overview"":[{""refId"":102,""icon"":""complete-and-step-by-step-coverage-of-corporate-1622263065.svg"",""txt"":""Complete coverage of laws including CPC and other special statutes."",""allowed"":1},{""refId"":104,""icon"":""exercises-on-current-transactions-1622263163.svg"",""txt"":""Simulation exercises based on recent developments and actual case laws."",""allowed"":1},{""refId"":106,""icon"":""-cyber-laws-1622263638.svg"",""txt"":""Additional readings and discussions on amendments to laws and recent judgments."",""allowed"":1},{""refId"":114,""icon"":""meeting-1-1622265730.svg"",""txt"":""Anecdotal discussions by our industrial academia panel about their experience in handling civil cases."",""allowed"":1},{""refId"":115,""icon"":""project-1-1622265750.svg"",""txt"":""Development of in depth understanding of different stages of a civil suit."",""allowed"":1},{""refId"":116,""icon"":""survey-1622265846.svg"",""txt"":""Live drafting of various documents like various legal notices, plaints written statements, various applications etc."",""allowed"":1}]}","""102,104,106,114,115,116""","A","2021-05-29 10:56:07","2023-10-30 20:10:00"
"36","72","Program Overview","null","{""program_overview"":[{""refId"":6,""icon"":""anecdotal-discussions-by-our-industrial-1615178945.svg"",""txt"":""Anecdotal discussions by our industrial academia panel about their experience in similar transactions."",""allowed"":1},{""refId"":117,""icon"":""school-1622266190.svg"",""txt"":""Simulation case studies on preparing legal advisories, drafting information, Reply to DG reports, drafting a FORM I etc."",""allowed"":1},{""refId"":118,""icon"":""project-1-1622266219.svg"",""txt"":""Exercises on the practical aspects such as identification of relevant markets, responding to Competition Commission, drafting and filing of application, strategizing defence etc."",""allowed"":1},{""refId"":119,""icon"":""live-drafting-classes-of-key-agreements-1622266268.svg"",""txt"":""Live drafting sessions for replies, applications, appeals etc."",""allowed"":1},{""refId"":120,""icon"":""simulation-exercises-on-different-aspects-of-the-mechanism-of-recovery-of-debts-under-ibc-1622266293.svg"",""txt"":""Additional readings and discussions on the latest trend in antitrust regime across jurisdictions"",""allowed"":1}]}","""6,117,118,119,120""","A","2021-05-29 11:04:15","2021-05-29 11:05:07"
"37","22","Program Overview","null","{""program_overview"":[{""refId"":122,""icon"":""meeting-1-1622267007.svg"",""txt"":""Anecdotal discussions by our industrial academia panel about their experience in similar transactions and complex concepts."",""allowed"":1},{""refId"":123,""icon"":""complete-coverage-of-different-concepts-1622267059.svg"",""txt"":""Additional readings on the latest developments in the market and new developments in the various practice areas of law."",""allowed"":1},{""refId"":124,""icon"":""simulation-case-studies-on-preparing-1622267107.svg"",""txt"":""Simulation exercises on entering into new markets, taxation and doing business."",""allowed"":1},{""refId"":125,""icon"":""exercises-on-current-transactions-1622267133.svg"",""txt"":""Case studies on drafting arbitration notices, executing electronic contracts, filing patent applications, etc."",""allowed"":1},{""refId"":126,""icon"":""360-degree-exposure-to-different-areas-1622267174.svg"",""txt"":""Handholding in creating freelancing platform and priority assistance in getting international freelancing work."",""allowed"":1}]}","""122,123,124,125,126""","A","2021-05-29 11:17:57","2021-07-22 17:07:51"
"38","120","Program Overview","null","{""program_overview"":[{""refId"":127,""icon"":""complete-and-step-by-step-coverage-of-corporate-1622267733.svg"",""txt"":""Complete coverage of the step-by-step process of drafting, procedure  and strategy and other skills required for the Supreme Court law practice."",""allowed"":1},{""refId"":128,""icon"":""live-drafting-classes-of-relevant-contracts-1622267758.svg"",""txt"":""90-120 live classes of 1.5 hours each"",""allowed"":1},{""refId"":130,""icon"":""onlineclass-2-1622267863.svg"",""txt"":""Learn from active practitioners in the field."",""allowed"":1},{""refId"":131,""icon"":""complete-coverage-of-different-concepts-1622267920.svg"",""txt"":""Anecdotal discussions with Advocates-on-Record currently practicing in the Supreme Court."",""allowed"":1},{""refId"":132,""icon"":""exercises-on-current-transactions-1622267946.svg"",""txt"":""Special exercises focussing upon drafting and pleading before the Supreme Court, including role-play simulations for briefing and the argument stage- SCR."",""allowed"":1},{""refId"":133,""icon"":""development-of-key-practical-skills-1622268169.svg"",""txt"":""Additional readings on the recent amendments and leading cases."",""allowed"":1}]}","""127,128,130,131,132,133""","A","2021-05-29 11:31:00","2021-05-29 12:05:42"
"39","15","Program Overview","""""","{""program_overview"":[{""refId"":6,""icon"":""anecdotal-discussions-by-our-industrial-1615178945.svg"",""txt"":""Anecdotal discussions by our industrial academia panel about their experience in similar transactions."",""allowed"":1},{""refId"":143,""icon"":""onlineclass-2-1622272133.svg"",""txt"":""Exercises & live classes on the latest trademark developments in the industry and discussions on concepts related to licensing, prosecution as well as litigation of trademarks."",""allowed"":1},{""refId"":144,""icon"":""school-1622272155.svg"",""txt"":""Simulation exercises that include practical perspectives, and strategies for dealing with various trademark disputes related to unauthorized use, comparative advertising, infringement, passing off, etc."",""allowed"":1},{""refId"":145,""icon"":""live-drafting-classes-of-relevant-contracts-1622272248.svg"",""txt"":""Development of key practical skills like calculating damages for trademark infringements, understanding commercial aspects of trademark transactions, acting on behalf of large brands or labels, and enforcing trademarks."",""allowed"":1},{""refId"":146,""icon"":""simulation-case-studies-on-preparing-1622272275.svg"",""txt"":""Live drafting classes for various documents, petitions, applications, and contracts for monetization of trademarks."",""allowed"":1},{""refId"":232,""icon"":""witness-1637043552.svg"",""txt"":""Many of these skills are internationally relevant so doing this course has opened doors for doing international freelance work for many people, especially when combined with our courses like US Corporate Law or International Business Laws."",""allowed"":1}]}","""6,143,144,145,146,232""","A","2021-05-29 12:42:41","2023-06-05 20:06:52"
"40","138","Program Overview",NULL,NULL,NULL,"A","2021-05-31 13:23:50",NULL
"41","13","Program Overview","null","{""program_overview"":[{""refId"":111,""icon"":""additional-readings-on-the-latest-1622264575.svg"",""txt"":""Anecdotal discussions by our industrial academia panel about their experience in similar proceedings."",""allowed"":1},{""refId"":113,""icon"":""survey-1622264866.svg"",""txt"":""Simulation exercises based upon actual cases and recent developments."",""allowed"":1},{""refId"":155,""icon"":""school-1622529588.svg"",""txt"":""Live drafting of documents like statement of defence & counterclaim, application for execution of award etc"",""allowed"":1},{""refId"":156,""icon"":""meeting-1-1622529613.svg"",""txt"":""Detailed study on recent amendments, and discussions on how they redefined and refined the arbitration proceedings in India"",""allowed"":1},{""refId"":157,""icon"":""complete-coverage-of-different-concepts-1622529661.svg"",""txt"":""Additional readings on case laws, practical procedures, latest developments and controversies in the field of arbitration"",""allowed"":1}]}","""111,113,155,156,157""","A","2021-06-01 12:08:26","2021-06-01 12:06:15"
"42","75","Program Overview","null","{""program_overview"":[{""refId"":158,""icon"":""school-1622545009.svg"",""txt"":""simulation exercises on various banking and finance transaction like working capital facilities, various recovery mechanisms which can be deployed by the banks such as securitisation, approaching the Debt Recovery Tribunal, initiating insolvency under the Insolvency and Bankruptcy Code, filing and strategizing the process of recovery for different types of borrowers etc"",""allowed"":1},{""refId"":159,""icon"":""survey-1622545062.svg"",""txt"":""Exercises and sessions related to various regulations applicable to banks for determining their role and the boundaries within which they should operate for the purpose of various transactions such as lending, foreign direct investment, guarantees etc"",""allowed"":1},{""refId"":160,""icon"":""simulation-case-studies-around-advising-the-builders-1622545120.svg"",""txt"":""Complete overview of financing facilities, money recovery mechanisms under SARFAESI, DRT and IBC, how fintech entities operate as well as the regulations applicable to the fintech entities and which regulations apply to banks and NBFCs and also about the specific directions of RBI on banking activities"",""allowed"":1},{""refId"":161,""icon"":""additional-readings-on-the-latest-developments-1622545149.svg"",""txt"":""There will be exercises related to drafting of obligation and payment related clauses, enforcement related clauses, clauses of a syndicate loan agreement and clauses are specifically used in the lending agreements"",""allowed"":1}]}","""158,159,160,161""","A","2021-06-01 16:31:05",NULL
"43","76","Program Overview","""""","{""program_overview"":[{""refId"":6,""icon"":""anecdotal-discussions-by-our-industrial-1615178945.svg"",""txt"":""Anecdotal discussions by our industrial academia panel about their experience in similar transactions."",""allowed"":1},{""refId"":162,""icon"":""additional-readings-on-the-latest-developments-1622548205.svg"",""txt"":""Covers the basics of drafting contracts, petitions, complaints etc. and other documents essential in law practice"",""allowed"":1},{""refId"":163,""icon"":""live-drafting-classes-of-technology-contracts-such-1622548280.svg"",""txt"":""Live drafting sessions for contracts and other legal documents"",""allowed"":1},{""refId"":164,""icon"":""reviewing-a-term-sheet--transactional-documents-1622548325.svg"",""txt"":""Simulation exercises based on real life situations"",""allowed"":1},{""refId"":165,""icon"":""inline-evaluations-of-the-submitted-assignments-1622548380.svg"",""txt"":""In-line evaluations and personal feedback on the submitted assignments"",""allowed"":1}]}","""6,162,163,164,165""","A","2021-06-01 17:25:47","2023-03-07 12:03:32"
"44","140","Program Overview","""""","{""program_overview"":[{""refId"":1,""icon"":""Ofline basecamps for networking-1599708702.png"",""txt"":""This course is for those who want to learn how to get remote international opportunities from fast growing startups in the USA."",""allowed"":1},{""refId"":2,""icon"":""Personalised resume feedback-1599708675.png"",""txt"":""Whether you are a beginner, intermediate or already have some expertise & experience in the field of US Corporate law but want to acquire mastery, we will take care of your learning needs. For absolute beginners we have special classes to bring them up to the mark."",""allowed"":1},{""refId"":3,""icon"":""reviewing-a-term-sheet--transactional-documents-1615179013.svg"",""txt"":""We do not teach bare acts, theories and case studies of US Corporate law in this course beyond passing references where you need to know. The focus is on practical skills so you can do real work\/freelancing work that is done in companies, startups, MNCs. For that, whatever you need to learn, we will teach you."",""allowed"":1},{""refId"":4,""icon"":""additional-readings-on-the-latest-1615178800.svg"",""txt"":""In 24 weeks, master 50+ most important and most sought-after professional skills"",""allowed"":1},{""refId"":5,""icon"":""exercises-on-current-transactions-1615178970.svg"",""txt"":""The focus here is on practically facing the real-time scenarios on the work available in the market, getting that evaluated and improving on the same. "",""allowed"":1},{""refId"":6,""icon"":""anecdotal-discussions-by-our-industrial-1615178945.svg"",""txt"":""Learn the most important skills required to have a flourishing freelancing career"",""allowed"":1},{""refId"":7,""icon"":""complete-coverage-of-different-concepts-1615178924.svg"",""txt"":""Learn to draft important legal documents like Employment Contracts, ESOP etc. with the use of template"",""allowed"":1},{""refId"":8,""icon"":""development-of-key-practical-skills-1615178900.svg"",""txt"":""Attend two live sessions a week for 6 months, and work on realistic assignments that you will face in real-time situations."",""allowed"":1},{""refId"":9,""icon"":""simulation-case-studies-on-preparing-1615178878.svg"",""txt"":""Also, get trained on how to do paralegal work to assist top USA law firms and corporate legal department"",""allowed"":1},{""refId"":10,""icon"":""live-drafting-classes-of-key-agreements-1615178859.svg"",""txt"":""Get internships, freelance work and jobs based on skills discussed in class."",""allowed"":1},{""refId"":11,""icon"":""learn-how-to-respond-to-notices-by-1615178209.svg"",""txt"":""CA\/CS\/Legal professionals\/Freshers who are struggling to earn well or get a well-paid job, this course can really help you. Learning professional skills can rapidly change your earning potential."",""allowed"":1},{""refId"":15,""icon"":""3-live-sessions-a-week-1615178515.svg"",""txt"":""Get access to 200+ high quality templates that you can actually use to work with clients"",""allowed"":1}]}","""1,2,3,4,5,6,7,8,9,10,11,15""","A","2021-06-11 20:48:24","2023-06-27 12:06:56"
"45","141","Program Overview",NULL,NULL,NULL,"A","2021-06-25 19:42:03",NULL
"46","142","Program Overview","""""","{""program_overview"":[{""refId"":1,""icon"":""Ofline basecamps for networking-1599708702.png"",""txt"":""Develop Key Practical Skills to understand US Laws and regulatory landscape in the US to work remotely in the US Market."",""allowed"":1},{""refId"":2,""icon"":""Personalised resume feedback-1599708675.png"",""txt"":""Learn the most important US Technology related legal skills required to have a flourishing legal freelancing career. "",""allowed"":1},{""refId"":3,""icon"":""reviewing-a-term-sheet--transactional-documents-1615179013.svg"",""txt"":""We do not teach bare acts, theories and case studies of US Technology Laws in this course beyond passing references where you need to know. The focus is on practical skills so you can do real work\/freelancing work that you can do for US Lawyers, Law firms and Technology Companies & Startups. For that, whatever you need to learn, we will teach you."",""allowed"":1},{""refId"":4,""icon"":""additional-readings-on-the-latest-1615178800.svg"",""txt"":""In 24 weeks, master 40+ most important and most sought-after legal skills to excel as a US Technology Lawyer or Paralegal."",""allowed"":1},{""refId"":5,""icon"":""exercises-on-current-transactions-1615178970.svg"",""txt"":""The focus here is on practically facing the real-time scenarios on the work available in the market, getting that evaluated and improving on the same."",""allowed"":1},{""refId"":6,""icon"":""anecdotal-discussions-by-our-industrial-1615178945.svg"",""txt"":""We will teach you how to draft Major Technology Agreements and User Facing Agreements (Policies) like Software as a Service Agreements, software licensing agreements, Technology Transfer Agreements, Privacy Policies, Cookie Policies, Data Processing Agreements, Data Sharing Agreements etc. "",""allowed"":1},{""refId"":7,""icon"":""complete-coverage-of-different-concepts-1615178924.svg"",""txt"":""We will teach you how to consult on key legal issues across various Technology Industries like Software Development and cloud services, Fintech, E-commerce, Social Media and other consumer internet companies etc. "",""allowed"":1},{""refId"":8,""icon"":""development-of-key-practical-skills-1615178900.svg"",""txt"":""We will teach you how to consult Technology Companies working in Web 3 Technologies like Blockchain, Cryptocurrencies, Artificial Intelligence, Autonomous Driving, Augmented Reality, Metaverse etc. and have a chance to work on the next frontier of technology regulation. "",""allowed"":1}]}","""1,2,3,4,5,6,7,8""","A","2021-06-26 12:30:17","2023-06-29 17:06:49"
"47","143","Program Overview","""""","{""program_overview"":[{""refId"":4,""icon"":""additional-readings-on-the-latest-1615178800.svg"",""txt"":""This course caters to seasoned lawyers, law students, and legal professionals seeking to expand their expertise in Intellectual Property law. The course offers a comprehensive understanding of the pivotal role of branding and trademarks in shaping a business's identity and reputation."",""allowed"":1},{""refId"":42,""icon"":""learn-how-to-conduct-disciplinary-proceedings-1615186170.svg"",""txt"":""With a focus on media, finance, sports, fashion, pharmaceuticals, and more, the course opens up opportunities across a wide range of industries. Aspiring IP lawyers, tech and advertising lawyers, entrepreneurs, and business leaders in brand-centric companies will find the course invaluable for career advancement."",""allowed"":1},{""refId"":74,""icon"":""complete-and-step-by-step-coverage-of-corporate-1622206659.svg"",""txt"":""The course offers step-by-step procedures for trademark and design registrations, enabling students to navigate objections, disputes, and cancellations effectively. The course delves into IP licensing, providing strategies for businesses to monetize their intellectual property, driving growth and revenue."",""allowed"":1},{""refId"":99,""icon"":""live-drafting-classes-and-assignments-1622262364.svg"",""txt"":""The course provides practical exercises and live online classes, ensuring students can apply their knowledge effectively in real-world scenarios."",""allowed"":1},{""refId"":117,""icon"":""school-1622266190.svg"",""txt"":""The course provides historical insights into how trademarks have evolved alongside globalization, becoming indispensable in the contemporary global economy. Through practical examples, the course imparts the skills needed to build trust, enhance market value, and command premium pricing for products and services."",""allowed"":1}]}","""4,42,74,99,117""","A","2021-06-30 13:37:23","2023-10-06 17:10:32"
"48","145","Program Overview","""""","{""program_overview"":[{""refId"":10,""icon"":""live-drafting-classes-of-key-agreements-1615178859.svg"",""txt"":""This course will provide you with a profound understanding of the Media and Entertainment sector in India. You will delve into the intricacies of an industry that is projected to grow to Rs 2,660.20 billion by the financial year 2022-23."",""allowed"":1},{""refId"":31,""icon"":""development-of-key-practical-skills-like-1615181250.svg"",""txt"":""The course will hone your skills in drafting critical contracts for content acquisition, licensing, endorsements, and other essential services. You'll be prepared to handle a significant volume of legal work generated by the industry."",""allowed"":1},{""refId"":42,""icon"":""learn-how-to-conduct-disciplinary-proceedings-1615186170.svg"",""txt"":""By completing this course, you'll be poised to identify and pursue promising career paths in media and entertainment law. Whether it's coveted in-house roles at production houses, tech firms, or boutique law firms specialising in this field, this course opens doors to a range of opportunities."",""allowed"":1},{""refId"":51,""icon"":""learn-grammar-from-the-basic-to-1615184207.svg"",""txt"":""Gain expertise in navigating the transformative shift towards digital content consumption. The course equips you with the skills needed to thrive in the age of subscription-based entertainment platforms and the creation of original content."",""allowed"":1},{""refId"":52,""icon"":""build-your-competence-in-english--1615184532.svg"",""txt"":""Through this course, you'll develop a comprehensive understanding of the legal framework and compliance requirements that govern various forms of media, including print, digital, radio, and television."",""allowed"":1},{""refId"":201,""icon"":""study-1636550051.svg"",""txt"":""As India's advertising revenue is set to soar to Rs 1,232.70 billion in FY23, this course provides essential knowledge about the legal intricacies governing advertising in the media and entertainment industry."",""allowed"":1},{""refId"":223,""icon"":""skills-1-1637042413.png"",""txt"":""In essence, this course offers a comprehensive program that empowers you with practical expertise in contract drafting, licensing, intellectual property, and compliance within the ever-evolving media and entertainment industry. You will emerge well-prepared to excel in this dynamic and thriving field."",""allowed"":1},{""refId"":232,""icon"":""witness-1637043552.svg"",""txt"":""The course offers a unique focus on the regional content space, which has distinct dynamics compared to the Hindi and English markets. You'll gain insights into the challenges and opportunities in this emerging sector."",""allowed"":1}]}","""10,31,42,51,52,201,223,232""","A","2021-06-30 15:30:52","2023-10-06 17:10:31"
"49","147","Program Overview","""""","{""program_overview"":[{""refId"":4,""icon"":""additional-readings-on-the-latest-1615178800.svg"",""txt"":""The course is valuable for lawyers engaged in mergers, acquisitions, cross-border transactions, and structuring business agreements. It's also essential for in-house legal teams, CAs, CSs, business professionals, and government officials."",""allowed"":1},{""refId"":52,""icon"":""build-your-competence-in-english--1615184532.svg"",""txt"":""Participants will learn how competition law regulates business practices, contracts, and behavior of companies to prevent anti-competitive conduct. The course opens doors to a wide range of career opportunities, including positions in corporate law firms, in-house legal teams, think tanks, PSUs, and competition commissions."",""allowed"":1},{""refId"":156,""icon"":""meeting-1-1622529613.svg"",""txt"":""The course offers support in securing internships and jobs with reputable law firms, lawyers, and companies, especially for high-performing students. Graduates of this course can pursue careers in competition law teams, corporate law firms, in-house legal teams, think tanks, PSUs, and more. Salaries range from INR 40,000 to INR 1,35,000 per month depending on qualifications and experience."",""allowed"":1},{""refId"":199,""icon"":""training-3-1636549914.svg"",""txt"":""The course is designed by experts in the field, ensuring that participants receive industry-relevant training. It covers a wide range of topics, including mergers, anti-competitive agreements, abuse of dominant position, and more. The course employs a combination of online access to study material, hard copy modules, practical exercises, live online classes, and doubt-clearing sessions to ensure a comprehensive learning experience."",""allowed"":1}]}","""4,52,156,199""","A","2021-07-24 13:45:35","2023-10-06 17:10:48"
"50","148","Program Overview","""""","{""program_overview"":[{""refId"":1,""icon"":""Ofline basecamps for networking-1599708702.png"",""txt"":""Access course material 24\/7 through an online platform, with hard copy study modules for added convenience. Engage in live classes and doubt clearing sessions after regular work hours."",""allowed"":1},{""refId"":3,""icon"":""reviewing-a-term-sheet--transactional-documents-1615179013.svg"",""txt"":""Beyond IPOs, the course covers various methods of capital raising, including equity, debt, and hybrid instruments. It sheds light on less-known instruments like NCDs, CCDs, and OCDs."",""allowed"":1},{""refId"":5,""icon"":""exercises-on-current-transactions-1615178970.svg"",""txt"":""This course provides a thorough understanding of the complexities involved in taking a company public, emphasizing the transformation required for listing and the extensive planning necessary before an Initial Public Offering (IPO)."",""allowed"":1},{""refId"":31,""icon"":""development-of-key-practical-skills-like-1615181250.svg"",""txt"":""Learn to draft various petitions, appeals, applications, and affidavits filed before the Supreme Court with hands-on exercises. Hone research skills for effective case analysis. Gain expertise in briefing senior advocates through role-play simulations, preparing notes for arguments, and handling various stages of litigation."",""allowed"":1},{""refId"":42,""icon"":""learn-how-to-conduct-disciplinary-proceedings-1615186170.svg"",""txt"":""Unlock potential roles in established litigators' chambers, disputes teams of law firms, or start your own practice as an independent Advocate on Record."",""allowed"":1},{""refId"":51,""icon"":""learn-grammar-from-the-basic-to-1615184207.svg"",""txt"":""The course is tailored for lawyers seeking to excel in the Supreme Court, providing comprehensive knowledge and practical skills. "",""allowed"":1},{""refId"":52,""icon"":""build-your-competence-in-english--1615184532.svg"",""txt"":""The evolving business landscape demands lawyers with the ability to think strategically and foresee future developments. This course encourages lawyers to participate in higher-level discussions, including whether a company should go public."",""allowed"":1},{""refId"":54,""icon"":""enhance-your-english-vocabulary-1615184596.svg"",""txt"":""Professionals with expertise in pre-listing processes are highly sought after, whether by law firms or companies for in-house legal and compliance teams. The course highlights the demand for specialists in IPOs and specific debt or equity instruments."",""allowed"":1},{""refId"":58,""icon"":""develop-strong-listening-and-conversational-1615184904.svg"",""txt"":""Receive personalized attention and coaching from assigned trainers, along with detailed feedback on assignments to enhance performance."",""allowed"":1},{""refId"":102,""icon"":""complete-and-step-by-step-coverage-of-corporate-1622263065.svg"",""txt"":""The course acts as a roadmap, providing both a map and a GPS for navigating the intricate legal, financial, and commercial considerations involved in capital markets transactions."",""allowed"":1},{""refId"":105,""icon"":""live-drafting-classes-of-key-agreements-1622263288.svg"",""txt"":""The course stands out by emphasizing practical application over rote memorization of regulations. Students engage in exercises that mirror real-world scenarios, preparing them to handle actual transactions and disputes."",""allowed"":1},{""refId"":128,""icon"":""live-drafting-classes-of-relevant-contracts-1622267758.svg"",""txt"":""Move beyond theory with experiential learning, including mock tests, simulations, and real case scenarios for effective skill development."",""allowed"":1},{""refId"":130,""icon"":""onlineclass-2-1622267863.svg"",""txt"":""Learn from designated Advocates on Record and other experts in the field who have excelled in the Supreme Court."",""allowed"":1},{""refId"":199,""icon"":""training-3-1636549914.svg"",""txt"":""Learn from designated Advocates on Record and other experts in the field who have excelled in the Supreme Court."",""allowed"":1},{""refId"":216,""icon"":""computer-1637042017.svg"",""txt"":""Receive extensive training covering all four papers of the Advocate on Record examination. Practice time management, answer writing, and ethics."",""allowed"":1},{""refId"":223,""icon"":""skills-1-1637042413.png"",""txt"":""High-performing students gain access to job, internship, and assessment opportunities, with an impressive track record of placements."",""allowed"":1}]}","""1,3,5,31,42,51,52,54,58,102,105,128,130,199,216,223""","A","2021-07-24 15:46:00","2023-10-06 17:10:48"
"51","149","Program Overview","null","{""program_overview"":[{""refId"":6,""icon"":""anecdotal-discussions-by-our-industrial-1615178945.svg"",""txt"":""Anecdotal discussions by our industrial academia panel about their experience in similar transactions."",""allowed"":1},{""refId"":7,""icon"":""complete-coverage-of-different-concepts-1615178924.svg"",""txt"":""Complete coverage of key skills and concepts to ace your internships and interviews with law firms"",""allowed"":1},{""refId"":8,""icon"":""development-of-key-practical-skills-1615178900.svg"",""txt"":""Introduction to key practical skills like calculation of stamp duty, tax considerations, business considerations etc."",""allowed"":1},{""refId"":9,""icon"":""simulation-case-studies-on-preparing-1615178878.svg"",""txt"":""Simulation case studies on preparing due diligence reports and reading key transactional documents"",""allowed"":1},{""refId"":93,""icon"":""360-degree-exposure-to-different-areas-1622261280.svg"",""txt"":""360 degree exposure to different areas of the corporate law practice."",""allowed"":1},{""refId"":94,""icon"":""360-degree-exposure-to-different-areas-1622261947.svg"",""txt"":""Simulation end-to-end sample transactions created by experienced corporate lawyers."",""allowed"":1},{""refId"":97,""icon"":""live-drafting-classes-of-relevant-contracts-1622262044.svg"",""txt"":""Live drafting sessions for key commercial agreements and petitions and applications before various courts and tribunals"",""allowed"":1},{""refId"":132,""icon"":""exercises-on-current-transactions-1622267946.svg"",""txt"":""Special sessions on law firm functionalities and etiquettes, various levels of business communication, and client management"",""allowed"":1}]}","""6,7,8,9,93,94,97,132""","A","2021-07-24 17:05:55","2021-07-24 17:07:44"
"52","150","Program Overview",NULL,NULL,NULL,"A","2021-07-25 17:10:13",NULL
"53","151","Program Overview",NULL,NULL,NULL,"A","2021-07-27 18:19:49",NULL
"54","152","Program Overview","""""","{""program_overview"":[{""refId"":158,""icon"":""school-1622545009.svg"",""txt"":""simulation exercises on various banking and finance transaction like working capital facilities, various recovery mechanisms which can be deployed by the banks such as securitisation, approaching the Debt Recovery Tribunal, initiating insolvency under the Insolvency and Bankruptcy Code, filing and strategizing the process of recovery for different types of borrowers etc"",""allowed"":1},{""refId"":159,""icon"":""survey-1622545062.svg"",""txt"":""Exercises and sessions related to various regulations applicable to banks for determining their role and the boundaries within which they should operate for the purpose of various transactions such as lending, foreign direct investment, guarantees etc"",""allowed"":1},{""refId"":160,""icon"":""simulation-case-studies-around-advising-the-builders-1622545120.svg"",""txt"":""Complete overview of financing facilities, money recovery mechanisms under SARFAESI, DRT and IBC, how fintech entities operate as well as the regulations applicable to the fintech entities and which regulations apply to banks and NBFCs and also about the specific directions of RBI on banking activities"",""allowed"":1},{""refId"":161,""icon"":""additional-readings-on-the-latest-developments-1622545149.svg"",""txt"":""There will be exercises related to drafting of obligation and payment related clauses, enforcement related clauses, clauses of a syndicate loan agreement and clauses are specifically used in the lending agreements"",""allowed"":1}]}","""158,159,160,161""","A","2021-08-13 16:16:22","2021-08-13 16:08:29"
"55","153","Program Overview","""""","{""program_overview"":[{""refId"":79,""icon"":""anecdotal-discussions-by-our-industrial-1622207489.svg"",""txt"":""Anecdotal discussions by our industrial academia panel about their experience of practising at the NCLT."",""allowed"":1},{""refId"":82,""icon"":""inline-evaluations-of-the-submitted-assignments-1622207555.svg"",""txt"":""Inline evaluations of the submitted assignments and personalised feedback."",""allowed"":1},{""refId"":83,""icon"":""different-aspects-of-litigation-before-the-1622207678.svg"",""txt"":""Different aspects of litigation before the NCLT & NCLAT in a step by step manner."",""allowed"":1},{""refId"":84,""icon"":""complete-coverage-of-different-concepts-1622207700.svg"",""txt"":""Complete coverage of different concepts and laws where NCLT is an adjudicating authority viz the Companies Act 2013 and Insolvency & Bankruptcy Code 2016."",""allowed"":1},{""refId"":85,""icon"":""simulation-case-studies-around-advising-1622207836.svg"",""txt"":""Simulation exercises on transactions such as merger and acquisition, schemes of arrangement approved by the NCLT under IBC, liquidation and winding up process of the companies etc."",""allowed"":1},{""refId"":86,""icon"":""live-drafting-classes-of-relevant-contracts-1622207871.svg"",""txt"":""Live drafting of applications filed before NCLT and drafting assignments."",""allowed"":1}]}","""79,82,83,84,85,86""","A","2021-08-14 11:25:18","2021-08-14 11:08:01"
"56","154","Program Overview","""""","{""program_overview"":[{""refId"":1,""icon"":""Ofline basecamps for networking-1599708702.png"",""txt"":""Mentorship towards building online presence as a paralegal through various freelancing platforms as well as through sources such as LinkedIn, Twitter, etc."",""allowed"":1},{""refId"":2,""icon"":""Personalised resume feedback-1599708675.png"",""txt"":""Additional readings will be circulated along with online reading material on concepts discussed during sessions"",""allowed"":1},{""refId"":3,""icon"":""reviewing-a-term-sheet--transactional-documents-1615179013.svg"",""txt"":""We do not teach case laws and sections of specific acts or statutes in this course beyond passing references where you need to know. Focus is on practical skills so you can do real legal work that is done by paralegals in law firms, lawyer\u2019s chambers, legal departments in MNCs and over freelancing platforms. For that, whatever you need to learn, we will teach you."",""allowed"":1},{""refId"":4,""icon"":""additional-readings-on-the-latest-1615178800.svg"",""txt"":""Learn practical insights from industry experts, some of them with decades of experience, and get your doubts cleared on the spot."",""allowed"":1},{""refId"":5,""icon"":""exercises-on-current-transactions-1615178970.svg"",""txt"":""Live online guest sessions by experienced practitioners in jurisdictions outside India. Anecdotal discussions also take place regarding their specific field of expertise."",""allowed"":1},{""refId"":6,""icon"":""anecdotal-discussions-by-our-industrial-1615178945.svg"",""txt"":""Simulation exercises and assignments based on transactions that a paralegal would be dealing with on a day to day basis."",""allowed"":1},{""refId"":7,""icon"":""complete-coverage-of-different-concepts-1615178924.svg"",""txt"":""Get one-on-one feedback on templates you draft as part of the assignments you prepare. Also, you get to learn the underlying commercial aspects of various types of legal documents so that you can guide your clients effectively."",""allowed"":1},{""refId"":8,""icon"":""development-of-key-practical-skills-1615178900.svg"",""txt"":""Get internships, freelance work and jobs based on your outstanding drafting skills."",""allowed"":1},{""refId"":9,""icon"":""simulation-case-studies-on-preparing-1615178878.svg"",""txt"":""Lawyers who are struggling to earn well or get a well-paid job, this course can really help you and rapidly change your earning potential."",""allowed"":1}]}","""1,2,3,4,5,6,7,8,9""","A","2021-08-14 13:58:36","2023-06-21 15:06:05"
"57","155","Program Overview",NULL,NULL,NULL,"A","2021-08-24 14:45:34",NULL
"58","156","Program Overview",NULL,NULL,NULL,"A","2021-08-25 10:40:51",NULL
"59","157","Program Overview",NULL,NULL,NULL,"A","2021-08-27 14:51:54",NULL
"60","158","Program Overview","""""","{""program_overview"":[{""refId"":1,""icon"":""Ofline basecamps for networking-1599708702.png"",""txt"":""The program offers online 24\/7 access to study materials, convenient class timings, and live doubt-clearing sessions."",""allowed"":1},{""refId"":8,""icon"":""development-of-key-practical-skills-1615178900.svg"",""txt"":""The program is in collaboration with Warsaw Management University and  focuses on crucial areas of international business, with a strong emphasis on taxation and trade laws. This specialization is essential for professionals aiming to excel in the global business landscape."",""allowed"":1},{""refId"":20,""icon"":""Exercises and Training on dispute resolution of contracts involving litigation, arbitration and choosing the right fora of adjudication.-1611209015.svg"",""txt"":""The program acknowledges the shift towards remote work due to the pandemic, highlighting the opportunities for professionals to provide legal services globally, leveraging cloud-based systems and online platforms."",""allowed"":1},{""refId"":46,""icon"":""simulation-case-studies-on-compliance-1615184068.svg"",""txt"":""The program offers a European LLM degree from Warsaw Management University, a prestigious institution in Poland, at a cost comparable to an Indian LLM. This provides students with access to the European market and enhances their credibility with clients."",""allowed"":1},{""refId"":51,""icon"":""learn-grammar-from-the-basic-to-1615184207.svg"",""txt"":""Graduates of this program are well-equipped to work with multinational companies, international law firms, startups with global expansion plans, and any entity engaged in cross-border transactions. Their knowledge of multiple jurisdictions makes them highly valuable in today's globalized business environment."",""allowed"":1},{""refId"":61,""icon"":""focus-in-live-classes-on-how-company-1615199684.svg"",""txt"":""The curriculum includes practical assignments, live online classes, and assessments that simulate real-world scenarios. Students benefit from exposure to industry leaders and international experts, providing them with a unique perspective on applying legal concepts."",""allowed"":1},{""refId"":127,""icon"":""complete-and-step-by-step-coverage-of-corporate-1622267733.svg"",""txt"":""The program not only imparts knowledge in international business laws but also helps students prepare for bar exams in Canada, the US (California), and the UK (SQE). This opens up additional opportunities for legal practice in these jurisdictions."",""allowed"":1},{""refId"":132,""icon"":""exercises-on-current-transactions-1622267946.svg"",""txt"":""Students are required to complete a thesis as part of the program, showcasing their ability to conduct independent research on relevant topics in international trade and taxation. This strengthens their academic and analytical skills."",""allowed"":1}]}","""1,8,20,46,51,61,127,132""","A","2021-08-28 10:39:03","2026-01-31 12:01:01"
"61","159","Program Overview","""""","{""program_overview"":[{""refId"":6,""icon"":""anecdotal-discussions-by-our-industrial-1615178945.svg"",""txt"":""Gain comprehensive knowledge of international business laws, preparing you for a career in global legal practice. Engage in hands-on assignments and case studies to apply theoretical concepts, enhancing your problem-solving skills."",""allowed"":1},{""refId"":127,""icon"":""complete-and-step-by-step-coverage-of-corporate-1622267733.svg"",""txt"":""Acquire the skills to navigate legal systems across various countries, enabling you to facilitate seamless cross-border transactions and mergers. Develop expertise in data protection regulations, a crucial skill in today's digital landscape, making you a valuable asset for compliance needs."",""allowed"":1},{""refId"":137,""icon"":""project-1-1622270856.svg"",""txt"":""The course offers strategic advice on market entry and expansion. Leverage your knowledge to guide businesses in making informed decisions about entering new territories."",""allowed"":1}]}","""6,127,137""","A","2021-08-28 14:22:18","2026-01-31 14:01:25"
"62","160","Program Overview",NULL,NULL,NULL,"A","2021-08-28 15:40:35",NULL
"63","161","Program Overview",NULL,NULL,NULL,"A","2021-08-28 16:46:45",NULL
"64","162","Program Overview",NULL,NULL,NULL,"A","2021-08-28 17:56:09",NULL
"65","163","Program Overview","""""","{""program_overview"":[{""refId"":1,""icon"":""Ofline basecamps for networking-1599708702.png"",""txt"":""NCA assesses the qualifications of all internationally trained lawyers and legal graduates."",""allowed"":1},{""refId"":2,""icon"":""Personalised resume feedback-1599708675.png"",""txt"":""NCA qualification is essential for anyone who wants to be a lawyer in Canada. It demonstrates that you have the knowledge and skills necessary to be a successful lawyer in the Canadian legal system."",""allowed"":1},{""refId"":3,""icon"":""reviewing-a-term-sheet--transactional-documents-1615179013.svg"",""txt"":""LawSikho offers a variety of resources and support to help students succeed in the NCA process. These resources include recorded classes, mock practice exams, exam strategy sessions and one-on-one support."",""allowed"":1},{""refId"":4,""icon"":""additional-readings-on-the-latest-1615178800.svg"",""txt"":""LawSikho offers competitive pricing for its NCA preparation courses."",""allowed"":1},{""refId"":5,""icon"":""exercises-on-current-transactions-1615178970.svg"",""txt"":""LawSikho offers a variety of learning options, such as relevant material for all the subjects. This allows students to learn at their own pace and in a way that best suits their needs."",""allowed"":1},{""refId"":6,""icon"":""anecdotal-discussions-by-our-industrial-1615178945.svg"",""txt"":""LawSikho's NCA preparation materials are created by experts. These materials are designed to help students learn the material and prepare for the exams."",""allowed"":1},{""refId"":7,""icon"":""complete-coverage-of-different-concepts-1615178924.svg"",""txt"":""LawSikho's NCA preparation team is available to provide students with personalised support. This support includes mentoring, counselling, and giving a roadmap to students."",""allowed"":1}]}","""1,2,3,4,5,6,7""","A","2021-08-28 19:25:25","2026-05-27 15:05:26"
"66","164","Program Overview",NULL,NULL,NULL,"A","2021-09-06 14:47:52",NULL
"67","165","Program Overview",NULL,NULL,NULL,"A","2021-09-11 12:29:01",NULL
"68","166","Program Overview","""""","{""program_overview"":[{""refId"":47,""icon"":""develop-competence-on-industrial-1615184099.svg"",""txt"":""Explore the unique challenges and opportunities presented by remote freelancing, learning how to cater to the legal needs of US corporations, tech startups, law firms, and lawyers."",""allowed"":1},{""refId"":52,""icon"":""build-your-competence-in-english--1615184532.svg"",""txt"":""Gain a deep understanding of general corporate contracts, investment agreements, and corporate governance practices, enabling you to navigate legal agreements effectively. Dive into the world of compliance with corporate and securities laws, learning how to maintain precise records for financial transactions and mortgages."",""allowed"":1},{""refId"":54,""icon"":""enhance-your-english-vocabulary-1615184596.svg"",""txt"":""Mastery of Freelance Platforms: Develop strategies to enhance your online presence by creating compelling profiles on various freelancing platforms. Acquire the skill of crafting persuasive proposals that win clients over."",""allowed"":1},{""refId"":55,""icon"":""learn-how-to-write-articles-like-a-pro-1615184808.svg"",""txt"":""This course equips you with a wide range of corporate law and compliance skills essential for handling various stages of a company's life, from entity incorporation to joint venture contracts."",""allowed"":1},{""refId"":89,""icon"":""live-drafting-classes-of-technology-contracts-such-1622260694.svg"",""txt"":""Familiarize yourself with tools like CARTA that can streamline your legal processes and boost your efficiency in providing remote legal support to US-based clients."",""allowed"":1},{""refId"":92,""icon"":""complete-overview-of-rbi-regulation-of-the-fintech-1622260825.svg"",""txt"":""Gain expertise in handling tasks aligned with federal securities laws and state corporate laws in the US, positioning yourself as a sought-after legal professional."",""allowed"":1},{""refId"":114,""icon"":""meeting-1-1622265730.svg"",""txt"":""Receive on-demand support from our team to help you succeed in your freelance career. Get leads for projects, gigs, and jobs, and even receive preparation for interviews."",""allowed"":1}]}","""47,52,54,55,89,92,114""","A","2021-10-08 15:35:41","2023-10-06 16:10:25"
"69","167","Program Overview",NULL,NULL,NULL,"A","2021-10-14 17:43:47",NULL
"70","99","Program Overview","""""","{""program_overview"":[{""refId"":1,""icon"":""Ofline basecamps for networking-1599708702.png"",""txt"":""Ofline basecamps for networking"",""allowed"":1},{""refId"":2,""icon"":""Personalised resume feedback-1599708675.png"",""txt"":""Personalised resume feedback"",""allowed"":1}]}","""1,2""","A","2021-11-09 17:02:58","2025-09-10 17:09:17"
"71","168","Program Overview",NULL,NULL,NULL,"A","2021-11-26 09:55:43",NULL
"72","169","Program Overview",NULL,NULL,NULL,"A","2021-12-03 11:20:42",NULL
"73","170","Program Overview",NULL,NULL,NULL,"A","2021-12-03 13:48:57",NULL
"74","171","Program Overview",NULL,NULL,NULL,"A","2022-01-05 13:12:22",NULL
"75","172","Program Overview","""""","{""program_overview"":[{""refId"":10,""icon"":""live-drafting-classes-of-key-agreements-1615178859.svg"",""txt"":""This Diploma provides in-depth knowledge and practical skills to excel in the complex field of tax law, positioning yourself as a sought-after expert. Through this , navigate the intricacies of India's tax laws, including GST, ensuring you are well-versed in the latest legal amendments and updates."",""allowed"":1},{""refId"":42,""icon"":""learn-how-to-conduct-disciplinary-proceedings-1615186170.svg"",""txt"":""Step into a career path with high demand and low competition, providing a wealth of job prospects, even in fluctuating market conditions. Contribute significantly to the government's efforts in pursuing non-compliant taxpayers, establishing your value as an essential legal resource."",""allowed"":1},{""refId"":74,""icon"":""complete-and-step-by-step-coverage-of-corporate-1622206659.svg"",""txt"":""Follow in the footsteps of legal luminaries who began their illustrious careers in tax law, paving the way for future success in constitutional law."",""allowed"":1},{""refId"":75,""icon"":""additional-readings-on-the-latest-1622206686.svg"",""txt"":""Beyond dispute resolution, explore thriving domains like tax advisory, compliance, and transactional structuring, where your expertise can shape tax-efficient strategies for businesses."",""allowed"":1},{""refId"":122,""icon"":""meeting-1-1622267007.svg"",""txt"":""Gain access to a complimentary course covering professional networking, CV writing, and interview skills, providing you with the tools to secure promising job opportunities and expand your professional reach."",""allowed"":1}]}","""10,42,74,75,122""","A","2022-01-07 17:24:54","2023-10-06 17:10:34"
"76","173","Program Overview",NULL,NULL,NULL,"A","2022-01-13 16:36:52",NULL
"77","174","Program Overview",NULL,NULL,NULL,"A","2022-01-13 18:22:52",NULL
"78","175","Program Overview",NULL,NULL,NULL,"A","2022-01-13 19:55:25",NULL
"79","176","Program Overview",NULL,NULL,NULL,"A","2022-01-13 20:37:23",NULL
"80","177","Program Overview","""""","{""program_overview"":[{""refId"":4,""icon"":""additional-readings-on-the-latest-1615178800.svg"",""txt"":""Designed for experienced professionals with ten or more years of experience in fields such as finance, law, management, sales, marketing, research, and related areas. It is also suitable for those nearing retirement seeking flexible, well-paying work."",""allowed"":1},{""refId"":20,""icon"":""Exercises and Training on dispute resolution of contracts involving litigation, arbitration and choosing the right fora of adjudication.-1611209015.svg"",""txt"":""The course covers vital topics such as Companies Act, 2013, Securities Law, Basic Accountancy, and Governance through pre-recorded videos, live classes, recorded sessions for revision, and MCQs in quiz format. It provides an in-depth understanding of the responsibilities and skills required for effective independent directorship."",""allowed"":1},{""refId"":98,""icon"":""complete-overview-of-rbi-regulation-of-the-fintech-1622262275.svg"",""txt"":""This course offers a unique opportunity for outstanding assignments to be featured on the iPleaders blog, reaching a vast audience of over a million monthly visitors. This exposure can significantly enhance your professional portfolio and further establish your credibility in the field."",""allowed"":1},{""refId"":110,""icon"":""complete-coverage-of-different-concepts-1622264549.svg"",""txt"":""Upon successful completion of the course and passing the Independent Directors Databank Online Proficiency Self Assessment Test conducted by the Indian Institute of Corporate Affairs, you will receive a prestigious certificate. This certificate serves as a testament to your expertise and proficiency in corporate governance, opening doors to a world of exciting opportunities in the realm of independent directorship. "",""allowed"":1},{""refId"":216,""icon"":""computer-1637042017.svg"",""txt"":""Get comprehensive and immersive learning experience, guided by industry experts, enriched with real-life case references, and supported by dynamic study materials. The course demands commitment, with an expected investment of 4-5 hours per week for skill development and class attendance. Get personalized attention, detailed feedback on assignments, and the opportunity to engage in meaningful discussions with a community of like-minded individuals."",""allowed"":1}]}","""4,20,98,110,216""","A","2022-01-13 21:25:08","2023-10-06 15:10:54"
"81","178","Program Overview",NULL,NULL,NULL,"A","2022-01-19 08:23:28",NULL
"82","179","Program Overview",NULL,NULL,NULL,"A","2022-01-31 12:23:50",NULL
"83","180","Program Overview","""""","{""program_overview"":[{""refId"":6,""icon"":""anecdotal-discussions-by-our-industrial-1615178945.svg"",""txt"":""Beyond theory, the course emphasizes practical knowledge and application. Participants engage in hands-on exercises, ensuring they can effectively navigate real-world IP scenarios."",""allowed"":1},{""refId"":20,""icon"":""Exercises and Training on dispute resolution of contracts involving litigation, arbitration and choosing the right fora of adjudication.-1611209015.svg"",""txt"":""This course offers a thorough and in-depth exploration of Intellectual Property law, providing participants with a solid foundation in this complex legal domain."",""allowed"":1},{""refId"":47,""icon"":""develop-competence-on-industrial-1615184099.svg"",""txt"":""The course equips individuals with the skills needed to address objections and disputes related to intellectual property, providing valuable insights into dispute resolution strategies. With a focus on diverse industries including media, finance, sports, fashion, pharmaceuticals, and more, participants will gain insights applicable to a wide range of professional settings."",""allowed"":1},{""refId"":51,""icon"":""learn-grammar-from-the-basic-to-1615184207.svg"",""txt"":""Participants will gain expertise in the critical areas of trademark and design registrations, enabling them to guide clients through the intricacies of protecting their intellectual property assets."",""allowed"":1},{""refId"":61,""icon"":""focus-in-live-classes-on-how-company-1615199684.svg"",""txt"":""The course structure includes live online classes and practical exercises, ensuring participants have the opportunity to apply their knowledge and receive real-time feedback."",""allowed"":1}]}","""6,20,47,51,61""","A","2022-02-18 19:17:25","2023-10-06 17:10:07"
"84","181","Program Overview",NULL,NULL,NULL,"A","2022-02-19 12:10:30",NULL
"85","182","Program Overview","""""","{""program_overview"":[{""refId"":10,""icon"":""live-drafting-classes-of-key-agreements-1615178859.svg"",""txt"":""This course equips you with in-depth knowledge and practical skills required to excel in the field of corporate and commercial litigation."",""allowed"":1},{""refId"":52,""icon"":""build-your-competence-in-english--1615184532.svg"",""txt"":""Gain proficiency in handling a wide range of cases, from shareholder disputes to real estate transactions, providing you with a versatile skill set."",""allowed"":1},{""refId"":54,""icon"":""enhance-your-english-vocabulary-1615184596.svg"",""txt"":""Secure mandates for advisory work and opinions from a diverse clientele, further enhancing your strategic position in the legal advisory space."",""allowed"":1},{""refId"":69,""icon"":""learn-grammar-from-the-basic-to-1615199148.svg"",""txt"":""Become eligible to join the panel of esteemed private or public sector banks, providing you with enhanced credibility, a stable workload, and significant courtroom exposure."",""allowed"":1},{""refId"":70,""icon"":""develop-competence-on-industrial-1615199266.svg"",""txt"":""Understand the intricacies of processes before the NCLT, positioning yourself as a valuable in-house counsel for large corporate groups during restructuring exercises. Earn the trust of SMEs, startups, and high net-worth individuals, advising them on litigation avoidance or effectively representing them when needed."",""allowed"":1},{""refId"":223,""icon"":""skills-1-1637042413.png"",""txt"":""Stand out in the legal field by specializing in representing borrowers or promoters facing enforcement actions initiated by banks, a niche area requiring specialized legal expertise."",""allowed"":1}]}","""10,52,54,69,70,223""","A","2022-02-20 01:37:31","2023-10-06 17:10:11"
"86","183","Program Overview",NULL,NULL,NULL,"A","2022-03-07 13:47:39",NULL
"87","184","Program Overview",NULL,NULL,NULL,"A","2022-03-08 08:45:52",NULL
"88","185","Program Overview","""""","{""program_overview"":[{""refId"":6,""icon"":""anecdotal-discussions-by-our-industrial-1615178945.svg"",""txt"":""You don\u2019t have to be a software engineer, data scientist or lawyer to benefit from international remote work - an effective virtual assistant is always in great demand"",""allowed"":1},{""refId"":33,""icon"":""exercises-on-current-events-affecting-the-real-1615181310.svg"",""txt"":""LawSikho has helped more than a thousand professionals from India to get remote jobs and freelance work in the US, UK, Canada, Europe, Australia, the Middle East and other places. You could be our next success story!"",""allowed"":1},{""refId"":52,""icon"":""build-your-competence-in-english--1615184532.svg"",""txt"":""All the skills to be a virtual assistant can be learned in 6 months provided that your English communication skills are upto the mark. Knowing a foreign language can be a bonus."",""allowed"":1},{""refId"":59,""icon"":""practice-oratory-skills-in-class-to-perform-1615199312.svg"",""txt"":""This course enables you to work with startup founders, top executives, law firm partners and other successful professionals as a well paid virtual assistant"",""allowed"":1},{""refId"":81,""icon"":""live-drafting-classes-of-relevant-contracts-1622207532.svg"",""txt"":""6 months, 2 hours a day, that is all we ask from you to master these skills."",""allowed"":1},{""refId"":134,""icon"":""school-1622270420.svg"",""txt"":""Escape the office cubicle, exhausting daily commute and being forced to live in cramped spaces. You can do this while traveling the world, or living wherever you wish."",""allowed"":1},{""refId"":211,""icon"":""people-1-1636550592.svg"",""txt"":""It is possible to get full time remote jobs after this course as well part time work or remote freelance assignments if you prefer that"",""allowed"":1},{""refId"":223,""icon"":""skills-1-1637042413.png"",""txt"":""We will teach you the most in demand skills that will make you very attractive for busy entrepreneurs and executives, such that they would be delighted to pay you $10-20 per hour as you make their life easier and growth faster"",""allowed"":1},{""refId"":230,""icon"":""internship-1637043388.png"",""txt"":""We can help you to get a very flexible job that enables you to earn upto $2000 per month while having time for your family and loved ones"",""allowed"":1}]}","""6,33,52,59,81,134,211,223,230""","A","2022-03-15 18:03:09","2026-01-31 14:01:42"
"89","186","Program Overview","""""","{""program_overview"":[{""refId"":1,""icon"":""Ofline basecamps for networking-1599708702.png"",""txt"":""This course enables you to work as a content-writer with startups, SMEs and large companies, law firm partners and other successful professionals as a well paid content writer"",""allowed"":1},{""refId"":2,""icon"":""Personalised resume feedback-1599708675.png"",""txt"":""You don\u2019t have to be a software engineer, data scientist or lawyer to benefit from international remote work - content writers are always in great demand"",""allowed"":1},{""refId"":3,""icon"":""reviewing-a-term-sheet--transactional-documents-1615179013.svg"",""txt"":""Escape the office cubicle, exhausting daily commute and being forced to live in cramped spaces. You can do this while traveling the world, or living wherever you wish."",""allowed"":1},{""refId"":4,""icon"":""additional-readings-on-the-latest-1615178800.svg"",""txt"":""We can help you to get a very flexible job that enables you to earn upto $2000 per month while having time for your family and loved ones"",""allowed"":1},{""refId"":5,""icon"":""exercises-on-current-transactions-1615178970.svg"",""txt"":""We will teach you the most in demand skills that will make you very attractive for fast-growing startups, influencers, busy entrepreneurs and executives, such that they would be delighted to pay you $10-20 per hour as you make their life easier and growth faster"",""allowed"":1},{""refId"":6,""icon"":""anecdotal-discussions-by-our-industrial-1615178945.svg"",""txt"":""All the skills to be an effective content writer can be learned in 3 months provided that your English communication skills are upto the mark. Knowing a foreign language can be a bonus."",""allowed"":1},{""refId"":8,""icon"":""development-of-key-practical-skills-1615178900.svg"",""txt"":""It is possible to get full time remote jobs after this course as well as part time work or remote freelance assignments if you prefer that"",""allowed"":1},{""refId"":9,""icon"":""simulation-case-studies-on-preparing-1615178878.svg"",""txt"":""LawSikho has helped more than a thousand professionals from India to get remote jobs and freelance work in the US, UK, Canada, Europe, Australia, the Middle East and other places. You could be our next success story!"",""allowed"":1}]}","""1,2,3,4,5,6,8,9""","A","2022-03-25 19:58:45","2022-03-25 20:03:37"
"90","187","Program Overview","""""","{""program_overview"":[{""refId"":1,""icon"":""Ofline basecamps for networking-1599708702.png"",""txt"":""Barrister and Solicitor is the ultimate step to enter into the Canadian Legal system as a Lawyer after obtaining the Certificate of Qualification from the Federation of Law Societies of Canada after qualifying the National Committee of Accreditation. "",""allowed"":1},{""refId"":2,""icon"":""Personalised resume feedback-1599708675.png"",""txt"":""Passing the Barrister solicitor exam is essential for anyone who wants to be a Licensed lawyer in Canada. It demonstrates that you have the required skills and ethics necessary to be successfully called to the Bar Society."",""allowed"":1},{""refId"":3,""icon"":""reviewing-a-term-sheet--transactional-documents-1615179013.svg"",""txt"":""Lawsikho offers a variety of resources and support to help students succeed in the Ontario Barrister and Solicitor exam. These resources include 90+ recordings of classes by Barristers and Solicitors, and mock practice exams that allow students to learn at their own pace and in a way that best suits their needs."",""allowed"":1},{""refId"":4,""icon"":""additional-readings-on-the-latest-1615178800.svg"",""txt"":""Lawsikho offers competitive pricing for its Ontario Barrister and Solicitor preparation courses."",""allowed"":1},{""refId"":5,""icon"":""exercises-on-current-transactions-1615178970.svg"",""txt"":""Lawsikho offers a variety of learning options, such as relevant material for all the subjects. This allows students to learn at their own pace and in a way that best suits their needs."",""allowed"":1},{""refId"":6,""icon"":""anecdotal-discussions-by-our-industrial-1615178945.svg"",""txt"":""Lawsikho's Ontario Barrister and Solicitor preparation materials are created by experts. These materials are designed to help students learn the material and prepare for the exams."",""allowed"":1},{""refId"":7,""icon"":""complete-coverage-of-different-concepts-1615178924.svg"",""txt"":""Lawsikho's Ontario Barrister and Solicitor preparation team is available to provide students with personalised support. This support includes mentoring, counselling, and giving a roadmap to students."",""allowed"":1},{""refId"":8,""icon"":""development-of-key-practical-skills-1615178900.svg"",""txt"":""We are India\u2019s first legal education company that is going to train students to take the LSO\u2019s Barrister and Solicitor examination."",""allowed"":1}]}","""1,2,3,4,5,6,7,8""","A","2022-05-13 11:26:13","2026-05-27 15:05:18"
"91","188","Program Overview",NULL,NULL,NULL,"A","2022-06-09 14:15:32",NULL
"92","189","Program Overview",NULL,NULL,NULL,"A","2022-06-18 13:31:36",NULL
"93","190","Program Overview",NULL,NULL,NULL,"A","2022-07-01 12:01:28",NULL
"94","191","Program Overview",NULL,NULL,NULL,"A","2022-07-22 12:32:12",NULL
"95","192","Program Overview",NULL,NULL,NULL,"A","2022-07-23 12:13:38",NULL
"96","193","Program Overview",NULL,NULL,NULL,"A","2022-08-29 13:04:17",NULL
"97","194","Program Overview",NULL,NULL,NULL,"A","2022-09-13 12:03:00",NULL
"98","195","Program Overview","""""","{""program_overview"":[{""refId"":2,""icon"":""Personalised resume feedback-1599708675.png"",""txt"":""Personalised resume feedback"",""allowed"":1},{""refId"":4,""icon"":""additional-readings-on-the-latest-1615178800.svg"",""txt"":""Additional readings on the latest developments in the market and concepts being discussed."",""allowed"":1},{""refId"":63,""icon"":""coverage-of-both-legal-as-well-as-1615185959.svg"",""txt"":""Coverage of both legal as well as compliance aspects in company law with the help of screenshare demonstration and screenshot guides;"",""allowed"":1},{""refId"":64,""icon"":""significant-number-of-downloadable-1615185977.svg"",""txt"":""Significant number of downloadable templates and checklists;"",""allowed"":1},{""refId"":128,""icon"":""live-drafting-classes-of-relevant-contracts-1622267758.svg"",""txt"":""90-120 live classes of 1.5 hours each"",""allowed"":1},{""refId"":129,""icon"":""complete-coverage-of-different-concepts-1622267835.svg"",""txt"":""Additional readings on the recent amendments and leading cases"",""allowed"":1}]}","""2,4,63,64,128,129""","A","2022-09-25 12:22:03","2023-09-01 00:09:45"
"99","196","Program Overview",NULL,NULL,NULL,"A","2022-11-21 15:28:30",NULL
"100","197","Program Overview",NULL,NULL,NULL,"A","2022-11-21 21:23:46",NULL
"101","198","Program Overview","""""","{""program_overview"":[{""refId"":1,""icon"":""Ofline basecamps for networking-1599708702.png"",""txt"":""Individual Profile Assessment: We understand that personal branding is a highly individualized process. Therefore, we conduct a comprehensive assessment of each student's current profile, strengths, and areas for improvement. This assessment forms the basis for personalized guidance and recommendations throughout the course."",""allowed"":1},{""refId"":2,""icon"":""Personalised resume feedback-1599708675.png"",""txt"":""Guided Approach: Our course is not a one-time event but a continuous journey. We provide ongoing support and guidance as students progress through their personal brand-building process. Our experienced instructors are available to answer questions, provide feedback, and offer personalized advice tailored to each student's unique goals and circumstances."",""allowed"":1},{""refId"":3,""icon"":""reviewing-a-term-sheet--transactional-documents-1615179013.svg"",""txt"":""Holistic Approach: Personal branding extends beyond mere online presence. We take a holistic approach that encompasses both online and offline aspects of personal branding. Our curriculum covers topics such as public speaking, networking, professional image, and reputation management, ensuring that students develop a well-rounded personal brand that resonates in all aspects of their professional lives."",""allowed"":1},{""refId"":4,""icon"":""additional-readings-on-the-latest-1615178800.svg"",""txt"":""Building Thought Leadership: Thought leadership is a crucial aspect of personal branding for corporate leaders. We dedicate a significant portion of our course to developing thought leadership skills. Students will learn how to identify their areas of expertise, create compelling content, and position themselves as industry experts through public speaking engagements, writing articles, participating in industry events, and leveraging social media platforms."",""allowed"":1},{""refId"":5,""icon"":""exercises-on-current-transactions-1615178970.svg"",""txt"":""Managing Digital Presence: In today's digital world, online reputation plays a critical role in personal branding. We offer comprehensive guidance on managing and enhancing one's online reputation. Students will learn effective strategies to build a positive online presence, handle online criticism or negative reviews, and leverage social media platforms for professional networking and personal brand promotion."",""allowed"":1},{""refId"":6,""icon"":""anecdotal-discussions-by-our-industrial-1615178945.svg"",""txt"":""Networking Strategies: Networking is an essential component of personal branding for leaders. We provide practical techniques and frameworks to help students build meaningful professional relationships and expand their networks. Students will learn how to leverage networking opportunities, both online and offline, to enhance their personal brand, establish connections with influential individuals, and create opportunities for career advancement."",""allowed"":1}]}","""1,2,3,4,5,6""","A","2022-11-24 17:31:42","2023-06-27 16:06:34"
"102","199","Program Overview",NULL,NULL,NULL,"A","2022-11-25 14:31:59",NULL
"103","200","Program Overview",NULL,NULL,NULL,"A","2022-12-20 20:04:35",NULL
"104","201","Program Overview",NULL,NULL,NULL,"A","2023-01-02 11:22:10",NULL
"105","202","Program Overview",NULL,NULL,NULL,"A","2023-01-02 12:27:29",NULL
"106","203","Program Overview",NULL,NULL,NULL,"A","2023-01-02 16:30:48",NULL
"107","204","Program Overview",NULL,NULL,NULL,"A","2023-01-02 17:59:46",NULL
"108","205","Program Overview",NULL,NULL,NULL,"A","2023-01-24 15:06:40",NULL
"109","206","Program Overview",NULL,NULL,NULL,"A","2023-01-30 14:55:05",NULL
"110","207","Program Overview",NULL,NULL,NULL,"A","2023-02-02 13:02:27",NULL
"111","208","Program Overview","""""","{""program_overview"":[{""refId"":1,""icon"":""Ofline basecamps for networking-1599708702.png"",""txt"":""This course is for those who want to learn how to get remote international opportunities from fast-growing startups as HRs."",""allowed"":1},{""refId"":2,""icon"":""Personalised resume feedback-1599708675.png"",""txt"":""This course is of great help to someone who is looking for growth in the current job or wants to upskill in this fast-paced industry"",""allowed"":1},{""refId"":3,""icon"":""reviewing-a-term-sheet--transactional-documents-1615179013.svg"",""txt"":""Whether you are a beginner, intermediate or already have some expertise & experience in the field of HR but want to acquire mastery, we will take care of your learning needs. For absolute beginners we have special classes to bring them up to the mark."",""allowed"":1},{""refId"":4,""icon"":""additional-readings-on-the-latest-1615178800.svg"",""txt"":""We do not teach theories and case studies of HR in this course beyond passing references where you need to know. The focus is on practical skills so you can do real work\/freelancing work that is done in companies, startups, MNCs. For that, whatever you need to learn, we will teach you."",""allowed"":1},{""refId"":5,""icon"":""exercises-on-current-transactions-1615178970.svg"",""txt"":""In 24 weeks, master 50+ most important and most sought-after professional skills"",""allowed"":1},{""refId"":6,""icon"":""anecdotal-discussions-by-our-industrial-1615178945.svg"",""txt"":""The focus here is on practicing knowledge of skills, getting that evaluated and improving on the same. "",""allowed"":1},{""refId"":7,""icon"":""complete-coverage-of-different-concepts-1615178924.svg"",""txt"":""Learn to draft important legal documents like Employment Contracts, ESOP amongst others in multiple jurisdictions like USA, Dubai, Singapore etc.."",""allowed"":1},{""refId"":8,""icon"":""development-of-key-practical-skills-1615178900.svg"",""txt"":""Attend two live sessions a week for 6 months, and work on realistic assignments that you will face in real-time situations."",""allowed"":1},{""refId"":9,""icon"":""simulation-case-studies-on-preparing-1615178878.svg"",""txt"":""Get one-on-one feedback on the policies and strategies you prepare. "",""allowed"":1},{""refId"":10,""icon"":""live-drafting-classes-of-key-agreements-1615178859.svg"",""txt"":""Also, get trained on how to draft different policies and employee handbooks to streamline HR process in any organization"",""allowed"":1},{""refId"":11,""icon"":""learn-how-to-respond-to-notices-by-1615178209.svg"",""txt"":""Get internships, freelance work, and jobs based on skills we discuss in class."",""allowed"":1},{""refId"":15,""icon"":""3-live-sessions-a-week-1615178515.svg"",""txt"":""HR professionals\/Freshers who are struggling to earn well or get a well-paid job, this course can really help you. Learning professional skills can rapidly change your earning potential."",""allowed"":1},{""refId"":17,""icon"":""segmentation-of-contracts-as-per-1615178606.svg"",""txt"":""Learn practical insights from industry experts, some of them with decades of experience, and get your doubts cleared on the spot."",""allowed"":1},{""refId"":18,""icon"":""discussion-on-stamp-duty-1615178661.svg"",""txt"":""Get access to 200+ high quality templates that you can actually use to work with clients"",""allowed"":1}]}","""1,2,3,4,5,6,7,8,9,10,11,15,17,18""","A","2023-02-09 13:21:30","2023-06-05 17:06:56"
"112","209","Program Overview",NULL,NULL,NULL,"A","2023-02-14 16:23:14",NULL
"113","210","Program Overview",NULL,NULL,NULL,"A","2023-02-20 11:52:57",NULL
"114","211","Program Overview",NULL,NULL,NULL,"A","2023-02-28 16:26:58",NULL
"115","212","Program Overview",NULL,NULL,NULL,"A","2023-03-03 18:37:25",NULL
"116","213","Program Overview",NULL,NULL,NULL,"A","2023-03-06 15:42:57",NULL
"117","214","Program Overview",NULL,NULL,NULL,"A","2023-03-17 16:07:32",NULL
"118","215","Program Overview",NULL,NULL,NULL,"A","2023-03-24 17:12:46",NULL
"119","216","Program Overview",NULL,NULL,NULL,"A","2023-03-24 17:39:51",NULL
"120","217","Program Overview",NULL,NULL,NULL,"A","2023-04-07 15:14:35",NULL
"121","218","Program Overview","""""","{""program_overview"":[{""refId"":1,""icon"":""Ofline basecamps for networking-1599708702.png"",""txt"":""Ofline basecamps for networking"",""allowed"":1},{""refId"":2,""icon"":""Personalised resume feedback-1599708675.png"",""txt"":""Personalised resume feedback"",""allowed"":1},{""refId"":3,""icon"":""reviewing-a-term-sheet--transactional-documents-1615179013.svg"",""txt"":""Reviewing a term sheet & transactional documents both from the seller and buyer\u2019s perspective and understanding the key considerations."",""allowed"":1}]}","""1,2,3""","A","2023-04-09 11:50:42","2023-06-02 14:06:49"
"122","219","Program Overview",NULL,NULL,NULL,"A","2023-04-10 15:12:48",NULL
"123","220","Program Overview","""""","{""program_overview"":[{""refId"":2,""icon"":""Personalised resume feedback-1599708675.png"",""txt"":""The course is designed to accommodate the schedules of busy legal professionals. Classes are held after regular work hours, allowing participants to balance their professional commitments with their learning objectives."",""allowed"":1},{""refId"":6,""icon"":""anecdotal-discussions-by-our-industrial-1615178945.svg"",""txt"":""This course offers a specialized curriculum focusing on the intersection of AI and law. It provides in-depth knowledge and practical skills required to effectively integrate AI into legal practice."",""allowed"":1},{""refId"":52,""icon"":""build-your-competence-in-english--1615184532.svg"",""txt"":""The course instils a mindset of continuous learning and adaptation. Participants gain the skills to stay updated on the latest trends and advancements in AI, ensuring that their legal practice remains competitive and innovative in the evolving landscape."",""allowed"":1},{""refId"":58,""icon"":""develop-strong-listening-and-conversational-1615184904.svg"",""txt"":""Participants receive personalized attention from instructors and trainers. They have the opportunity to ask questions, seek clarification, and receive detailed feedback on their assignments, creating a supportive learning environment."",""allowed"":1},{""refId"":61,""icon"":""focus-in-live-classes-on-how-company-1615199684.svg"",""txt"":""Through live online classes and in-class assignments, participants engage in hands-on learning experiences. This approach ensures that theoretical knowledge is applied in practical contexts, enhancing comprehension and retention."",""allowed"":1},{""refId"":70,""icon"":""develop-competence-on-industrial-1615199266.svg"",""txt"":""The course empowers participants to immediately apply their acquired skills in real-world scenarios. This includes tasks such as contract drafting, legal research optimization, and more, enabling them to add immediate value to their legal practice. For participants with advanced legal skills, the course opens avenues for remote freelance work in areas such as contract drafting, human resources, and international business clients. "",""allowed"":1},{""refId"":130,""icon"":""onlineclass-2-1622267863.svg"",""txt"":""Learn from active practitioners in the field."",""allowed"":1},{""refId"":226,""icon"":""presentation-1-1637042635.png"",""txt"":""Learn practical insights from industry experts, some of them with decades of experience, and get your doubts cleared on the spot."",""allowed"":1},{""refId"":230,""icon"":""internship-1637043388.png"",""txt"":""Get internships, freelance work and jobs based on your outstanding skills and track record you build while studying with us"",""allowed"":1},{""refId"":231,""icon"":""value-1637043513.png"",""txt"":""Get access to 200+ high quality templates that you can actually use to work with clients"",""allowed"":1},{""refId"":232,""icon"":""witness-1637043552.svg"",""txt"":""Many of these skills are internationally relevant so doing this course has opened doors for doing international freelance work for many people, especially when combined with our courses like US Corporate Law or International Business Laws."",""allowed"":1}]}","""2,6,52,58,61,70,130,226,230,231,232""","A","2023-04-13 18:11:13","2026-01-31 13:01:33"
"124","221","Program Overview","""""","{""program_overview"":[{""refId"":33,""icon"":""exercises-on-current-events-affecting-the-real-1615181310.svg"",""txt"":""The program aims to provide a clear and structured path to success, allowing HR professionals to leave uncertainty behind and thrive in their careers. Whether you're an experienced HR expert, a student specializing in HR, or even someone retired seeking additional income, this program offers a unique chance to enhance your skills."",""allowed"":1},{""refId"":42,""icon"":""learn-how-to-conduct-disciplinary-proceedings-1615186170.svg"",""txt"":""The course opens doors to freelancing and global opportunities, allowing you to transcend local limits and explore a world of diverse work options. The program equips you with the knowledge and skills to understand and navigate complex global labor laws, providing a competitive edge in the field."",""allowed"":1},{""refId"":47,""icon"":""develop-competence-on-industrial-1615184099.svg"",""txt"":""The course emphasizes hands-on learning, allowing you to tackle real-world challenges and gain practical insights that are immediately applicable in your professional journey."",""allowed"":1},{""refId"":114,""icon"":""meeting-1-1622265730.svg"",""txt"":""Pursue various career paths, including roles in multinational corporations, consulting firms, government agencies, international organizations, and more. The program comes with comprehensive placement support, including assistance with creating standout CVs, mock interviews, and guidance during your critical first month at a new job or internship."",""allowed"":1},{""refId"":155,""icon"":""school-1622529588.svg"",""txt"":""The course focuses on specific learning objectives, including understanding jurisdictional dynamics, fundamentals of labor laws, employment standards, workplace health and safety, and more."",""allowed"":1},{""refId"":216,""icon"":""computer-1637042017.svg"",""txt"":""The course provides rigorous study materials, real-world applications, and interactive discussions to offer participants a comprehensive understanding of labor regulations across multiple jurisdictions. Upon successful completion of the course, participants receive an Executive Certificate, validating their expertise in international labor laws and compliance."",""allowed"":1},{""refId"":227,""icon"":""feedback-1-1637042714.png"",""txt"":""The course not only provides knowledge but also enables students to start earning from their expertise through freelance opportunities, even if they are still in the process of learning. The course offers a 100% money-back guarantee if a student diligently pursues the course for a month but doesn't find value in it."",""allowed"":1}]}","""33,42,47,114,155,216,227""","A","2023-04-14 16:43:41","2023-10-06 15:10:32"
"125","222","Program Overview","""""","{""program_overview"":[{""refId"":5,""icon"":""exercises-on-current-transactions-1615178970.svg"",""txt"":""The course addresses the critical issue of preventing sexual harassment in international organizations across various countries including the US, UK, Canada, Singapore, and Dubai."",""allowed"":1},{""refId"":6,""icon"":""anecdotal-discussions-by-our-industrial-1615178945.svg"",""txt"":""The course incorporates real-world case studies and scenarios to help participants apply theoretical knowledge to practical situations. Emphasis is placed on cultural nuances and differences that may affect how incidents of sexual harassment are perceived and handled."",""allowed"":1},{""refId"":47,""icon"":""develop-competence-on-industrial-1615184099.svg"",""txt"":""The course provides skills for conducting fair and impartial investigations into allegations of sexual harassment, as well as exploring various resolution strategies. Through this course, understand the role of leadership in fostering a harassment-free workplace and promoting accountability at all levels of the organization."",""allowed"":1},{""refId"":52,""icon"":""build-your-competence-in-english--1615184532.svg"",""txt"":""Gain a deep understanding of the legal frameworks, rules, and regulations related to sexual harassment in these countries."",""allowed"":1},{""refId"":55,""icon"":""learn-how-to-write-articles-like-a-pro-1615184808.svg"",""txt"":""Learn proactive strategies for preventing sexual harassment, including creating a culture of respect, implementing training programs, and developing clear policies and procedures."",""allowed"":1}]}","""5,6,47,52,55""","A","2023-04-14 17:34:13","2023-10-06 16:10:18"
"126","223","Program Overview",NULL,NULL,NULL,"A","2023-04-19 17:58:17",NULL
"127","224","Program Overview",NULL,NULL,NULL,"A","2023-04-21 13:39:03",NULL
"128","226","Program Overview","""""","{""program_overview"":[{""refId"":2,""icon"":""Personalised resume feedback-1599708675.png"",""txt"":""The course is structured to accommodate professionals' schedules, with classes held after regular work hours. This allows participants to seamlessly integrate learning into their existing routines."",""allowed"":1},{""refId"":3,""icon"":""reviewing-a-term-sheet--transactional-documents-1615179013.svg"",""txt"":""The syllabus covers a wide range of topics, from exploring the AI landscape to using AI-powered tools for various professional tasks, including content generation, social media management, market research, and knowledge management."",""allowed"":1},{""refId"":11,""icon"":""learn-how-to-respond-to-notices-by-1615178209.svg"",""txt"":""The course is specifically designed for lawyers who want to leverage AI to elevate their personal brand, increase productivity, and excel in their roles, whether in private practice or within organizations."",""allowed"":1},{""refId"":47,""icon"":""develop-competence-on-industrial-1615184099.svg"",""txt"":""The course places a strong emphasis on developing practical skills. Participants will learn how to use AI tools to perform tasks like generating ideas, writing narratives, conducting research, creating content, and managing workflows, providing them with tangible skills they can apply immediately in their professional roles."",""allowed"":1},{""refId"":61,""icon"":""focus-in-live-classes-on-how-company-1615199684.svg"",""txt"":""The program focuses on hands-on learning with practical exercises and live online classes. This approach ensures that participants gain practical experience in using AI tools for their professional development."",""allowed"":1},{""refId"":115,""icon"":""project-1-1622265750.svg"",""txt"":""This course emphasizes the importance of embracing AI for senior professionals, highlighting that when used effectively, AI can significantly enhance efficiency and productivity, ultimately giving professionals a competitive edge in their fields."",""allowed"":1},{""refId"":227,""icon"":""feedback-1-1637042714.png"",""txt"":""The course offers a strong guarantee, promising a full refund if participants diligently follow the course for a month and do not find it valuable. This provides assurance to participants about the quality of the program."",""allowed"":1}]}","""2,3,11,47,61,115,227""","A","2023-05-07 11:27:52","2023-10-06 16:10:35"
"129","227","Program Overview",NULL,NULL,NULL,"A","2023-05-17 13:34:51",NULL
"130","9","Program Overview","""""","{""program_overview"":[{""refId"":1,""icon"":""Ofline basecamps for networking-1599708702.png"",""txt"":""The course is not limited to a provision-by-provision study of some statutes and associated case laws alone"",""allowed"":1},{""refId"":2,""icon"":""Personalised resume feedback-1599708675.png"",""txt"":""The course trains you on different kinds of actual work that is required to be performed by lawyers and other professionals. After finishing the course, you will know as much practical knowledge as a lawyer working at a big law firm in these teams will know after a year or two of experience. "",""allowed"":1},{""refId"":3,""icon"":""reviewing-a-term-sheet--transactional-documents-1615179013.svg"",""txt"":""It is not a mere theoretical study, but hands-on practical lessons where you will have to draft a lot of documents."",""allowed"":1},{""refId"":4,""icon"":""additional-readings-on-the-latest-1615178800.svg"",""txt"":""The focus here is on practicing various skills pertaining to intellectual property, and getting corrections so you can systematically & drastically improve. We have seen that our students learn in 50 weeks what those working for top law firms take 3 years or more to learn"",""allowed"":1},{""refId"":5,""icon"":""exercises-on-current-transactions-1615178970.svg"",""txt"":""Attend two live sessions a week for one year, and work on real life realistic assignments that develop your legal brain and insights."",""allowed"":1},{""refId"":6,""icon"":""anecdotal-discussions-by-our-industrial-1615178945.svg"",""txt"":""The course is tough and intensive, you will not be awarded the certificate unless you complete all the exercises. You have to spend 8-10 hours per week on this course."",""allowed"":1},{""refId"":7,""icon"":""complete-coverage-of-different-concepts-1615178924.svg"",""txt"":""You will get personal attention and coaching from the trainer, and get individual feedback on the quality of work you produce"",""allowed"":1},{""refId"":8,""icon"":""development-of-key-practical-skills-1615178900.svg"",""txt"":""You will be writing an article every month and with our guidance publish the same either on iPleaders blog or various other industry publications"",""allowed"":1},{""refId"":9,""icon"":""simulation-case-studies-on-preparing-1615178878.svg"",""txt"":""We will provide you free courses on professional networking, CV writing and interview skills so that you can easily find jobs."",""allowed"":1},{""refId"":10,""icon"":""live-drafting-classes-of-key-agreements-1615178859.svg"",""txt"":""Those who perform well in class will be recommended to top law firms for internships and jobs. If you do not need such help, let us know in what other way we can help you."",""allowed"":1},{""refId"":11,""icon"":""learn-how-to-respond-to-notices-by-1615178209.svg"",""txt"":""After completing the course, you will be able to perform various tasks that fall in the domain of media, entertainment and intellectual property laws and be at ease with different aspects of trademarks, copyrights and patents. "",""allowed"":1},{""refId"":15,""icon"":""3-live-sessions-a-week-1615178515.svg"",""txt"":""We also recommend this course to other professionals like music and movie directors, media personnels, singers, writers and other artists who can immensely benefit from this knowledge."",""allowed"":1}]}","""1,2,3,4,5,6,7,8,9,10,11,15""","A","2023-06-02 21:36:47",NULL
"131","228","Program Overview",NULL,NULL,NULL,"A","2023-06-03 13:56:27",NULL
"132","229","Program Overview","""""","{""program_overview"":[{""refId"":4,""icon"":""additional-readings-on-the-latest-1615178800.svg"",""txt"":""The course is tailored for students of diverse backgrounds, including commerce, economics, finance, and accounting enthusiasts."",""allowed"":1},{""refId"":10,""icon"":""live-drafting-classes-of-key-agreements-1615178859.svg"",""txt"":""Gain expertise in US Generally Accepted Accounting Principles (GAAP) and proficiency with leading accounting software. Access lucrative opportunities in US accounting and bookkeeping, offering services at a competitive cost."",""allowed"":1},{""refId"":54,""icon"":""enhance-your-english-vocabulary-1615184596.svg"",""txt"":""Tap into the expanding remote job market, transcending geographical boundaries for work.No specialized degrees (CA, CS, MBA) required to excel in this course."",""allowed"":1},{""refId"":149,""icon"":""modeling-1622274035.svg"",""txt"":""Potential to earn up to USD 2000 per month, with room for exponential growth as experience and recognition increase. Ideal for college students seeking additional income and professionals looking to work remotely from home."",""allowed"":1},{""refId"":151,""icon"":""meeting-1-1622274225.svg"",""txt"":""Comprehensive placement and freelance support provided, ensuring a seamless transition into the professional realm."",""allowed"":1}]}","""4,10,54,149,151""","A","2023-06-10 15:33:32","2023-10-06 16:10:19"
"133","230","Program Overview",NULL,NULL,NULL,"A","2023-06-15 15:49:51",NULL
"134","231","Program Overview",NULL,NULL,NULL,"A","2023-06-21 13:33:02",NULL
"135","232","Program Overview",NULL,NULL,NULL,"A","2023-06-28 13:37:52",NULL
"136","233","Program Overview",NULL,NULL,NULL,"A","2023-07-13 13:41:42",NULL
"137","234","Program Overview",NULL,NULL,NULL,"A","2023-07-13 14:22:57",NULL
"138","236","Program Overview",NULL,NULL,NULL,"A","2023-07-26 18:45:20",NULL
"139","237","Program Overview",NULL,NULL,NULL,"A","2023-08-03 16:23:56",NULL
"140","238","Program Overview",NULL,NULL,NULL,"A","2023-08-19 15:42:04",NULL
"141","239","Program Overview",NULL,NULL,NULL,"A","2023-08-22 15:16:58",NULL
"142","240","Program Overview",NULL,NULL,NULL,"A","2023-08-24 17:45:57",NULL
"143","241","Program Overview","""""","{""program_overview"":[{""refId"":1,""icon"":""Ofline basecamps for networking-1599708702.png"",""txt"":""Offline basecamps for networking"",""allowed"":1},{""refId"":2,""icon"":""Personalised resume feedback-1599708675.png"",""txt"":""Personalised resume feedback"",""allowed"":1},{""refId"":3,""icon"":""reviewing-a-term-sheet--transactional-documents-1615179013.svg"",""txt"":""Reviewing a term sheet & transactional documents both from the seller and buyer\u2019s perspective and understanding the key considerations."",""allowed"":1},{""refId"":128,""icon"":""live-drafting-classes-of-relevant-contracts-1622267758.svg"",""txt"":""90-120 live classes of 1.5 hours each"",""allowed"":1},{""refId"":130,""icon"":""onlineclass-2-1622267863.svg"",""txt"":""Learn from active practitioners in the field."",""allowed"":1},{""refId"":131,""icon"":""complete-coverage-of-different-concepts-1622267920.svg"",""txt"":""Anecdotal discussions with Advocates-on-Record currently practicing in the Supreme Court."",""allowed"":1}]}","""1,2,3,128,130,131""","A","2023-08-25 17:59:49","2023-12-13 18:12:23"
"144","242","Program Overview",NULL,NULL,NULL,"A","2023-08-25 18:41:37",NULL
"145","243","Program Overview","""""","{""program_overview"":[{""refId"":1,""icon"":""Ofline basecamps for networking-1599708702.png"",""txt"":""This course enables you to build your profile and work with startups, SMEs and large companies, top executives, law firm partners and other successful professionals as a well paid freelancer, content writer, virtual assistant and other remote opportunities."",""allowed"":1},{""refId"":2,""icon"":""Personalised resume feedback-1599708675.png"",""txt"":""You don\u2019t have to be a software engineer, data scientist or lawyer to benefit from international remote work - people having skills and building profile in the ways taught in this course are always in great demand"",""allowed"":1},{""refId"":3,""icon"":""reviewing-a-term-sheet--transactional-documents-1615179013.svg"",""txt"":""Escape the office cubicle, exhausting daily commute and being forced to live in cramped spaces. After building such an online profile you can get a lot of freelance work which you can do while travelling the world, or living wherever you wish. "",""allowed"":1},{""refId"":4,""icon"":""additional-readings-on-the-latest-1615178800.svg"",""txt"":""We can help you to get a very flexible job\/ paid internships\/ freelance work\/ remote opportunities that enables you to earn up to $2000 per month while having time for your family and loved ones."",""allowed"":1},{""refId"":5,""icon"":""exercises-on-current-transactions-1615178970.svg"",""txt"":""We will teach you to make the most in demand profile that will make you very attractive for fast-growing startups, influencers, busy entrepreneurs and executives, such that they would be delighted to pay you $10-20 per hour as you make their life easier and growth faster"",""allowed"":1},{""refId"":6,""icon"":""anecdotal-discussions-by-our-industrial-1615178945.svg"",""txt"":""All the skills to do such work can be learned in 6 months provided that your English communication skills are upto the mark. Knowing a foreign language can be a bonus."",""allowed"":1},{""refId"":8,""icon"":""development-of-key-practical-skills-1615178900.svg"",""txt"":""It is possible to get full time remote jobs, part time work or remote freelance assignments after this course as well if you prefer that."",""allowed"":1},{""refId"":9,""icon"":""simulation-case-studies-on-preparing-1615178878.svg"",""txt"":""We have helped more than 5000 students and professionals from India to get remote jobs and freelance work in the US, UK, Canada, Europe, Australia, the Middle East and other places. You could be our next success story!"",""allowed"":1}]}","""1,2,3,4,5,6,8,9""","A","2023-08-25 19:28:33","2026-01-31 12:01:04"
"146","244","Program Overview",NULL,NULL,NULL,"A","2023-08-29 13:38:07",NULL
"147","245","Program Overview",NULL,NULL,NULL,"A","2023-08-31 20:33:34",NULL
"148","246","Program Overview",NULL,NULL,NULL,"A","2023-09-13 14:29:22",NULL
"149","247","Program Overview",NULL,NULL,NULL,"A","2023-09-15 15:35:56",NULL
"150","248","Program Overview",NULL,NULL,NULL,"A","2023-09-16 09:12:51",NULL
"151","249","Program Overview","""""","{""program_overview"":[{""refId"":10,""icon"":""live-drafting-classes-of-key-agreements-1615178859.svg"",""txt"":""This course offers a thorough exploration of the dynamic data protection and privacy landscape, spotlighting pivotal global trends and legislative advancements."",""allowed"":1},{""refId"":20,""icon"":""Exercises and Training on dispute resolution of contracts involving litigation, arbitration and choosing the right fora of adjudication.-1611209015.svg"",""txt"":""Gain insights into the escalating wave of cyber threats and data breaches, illustrated by the World Health Organization's experience of a fivefold increase in cyber attacks as well as from real-world examples of data breaches that impacted major industry players such as Microsoft, Twitter, Zoom, and others. "",""allowed"":1},{""refId"":52,""icon"":""build-your-competence-in-english--1615184532.svg"",""txt"":""Discover strategies to tackle the vulnerabilities arising from the widespread adoption of remote work, with a surge in internet-connected devices. The course provides actionable measures to enhance data protection in these scenarios."",""allowed"":1},{""refId"":90,""icon"":""additional-readings-on-the-latest-developments-1622260724.svg"",""txt"":""Stay informed about the global response to data privacy concerns through the enactment of key legislations such as GDPR, Digital Charter Implementation Act in Canada, state-level privacy laws in the U.S., and data protection laws in countries like Brazil, Australia, China, and India."",""allowed"":1},{""refId"":111,""icon"":""additional-readings-on-the-latest-1622264575.svg"",""txt"":""This course opens doors to burgeoning career opportunities for young lawyers, accountants, and company secretaries in the dynamic field of data protection and privacy, both within organizations and as freelancers."",""allowed"":1},{""refId"":114,""icon"":""meeting-1-1622265730.svg"",""txt"":""Explore a wide range of potential employers, from law firms and tech companies to multinational corporations and consulting firms. This underscores the high demand for professionals adept in international data protection and privacy laws."",""allowed"":1}]}","""10,20,52,90,111,114""","A","2023-09-21 19:44:04","2023-10-06 16:10:23"
"152","250","Program Overview",NULL,NULL,NULL,"A","2023-09-24 11:18:30",NULL
"153","251","Program Overview","""""","{""program_overview"":[{""refId"":17,""icon"":""segmentation-of-contracts-as-per-1615178606.svg"",""txt"":""This course empowers privacy professionals with practical expertise in data protection, ensuring they are well-prepared to excel in the Certified Information Privacy Professional (CIPP) Exam."",""allowed"":1},{""refId"":25,""icon"":""development-of-key-practical-skills-like-1615179845.svg"",""txt"":""Dive into real-world case studies illustrating the consequences of privacy breaches. Develop a practical understanding of potential pitfalls and the urgency of privacy compliance. "",""allowed"":1},{""refId"":74,""icon"":""complete-and-step-by-step-coverage-of-corporate-1622206659.svg"",""txt"":""Master the intricate articles of the EU GDPR, setting a global standard for data protection. Go beyond memorization to comprehend practical implications. Similarly, delve into US and Canadian privacy laws."",""allowed"":1},{""refId"":110,""icon"":""complete-coverage-of-different-concepts-1622264549.svg"",""txt"":""The course provides extensive placement support, connecting students with job and internship opportunities upon successful certification. "",""allowed"":1},{""refId"":159,""icon"":""survey-1622545062.svg"",""txt"":""Going beyond numbers, the course teaches professionals how to protect confidential data, mitigating risks associated with financial losses, legal complications, and reputational damage."",""allowed"":1},{""refId"":200,""icon"":""testing-1636549990.svg"",""txt"":""With an array of mock tests, practice scenarios, and exam-taking techniques, the course thoroughly prepares students for the CIPP exam, instilling confidence for success. Through self-paced sessions, access to study materials, mock tests, and personalized doubt-clearing sessions, the course ensures students receive a comprehensive education."",""allowed"":1},{""refId"":227,""icon"":""feedback-1-1637042714.png"",""txt"":""Offering a 100% money-back guarantee within the first month, the course assures students that their investment is protected if expectations are not met."",""allowed"":1}]}","""17,25,74,110,159,200,227""","A","2023-09-24 12:35:49","2026-05-27 17:05:03"
"154","89","Program Overview","""""","{""program_overview"":[{""refId"":1,""icon"":""Ofline basecamps for networking-1599708702.png"",""txt"":""The course equips candidates with techniques to approach exams confidently, manage time effectively, and present knowledge with precision, essential for acing the SEBI Grade A Legal Officers' exam. The course is designed to fit candidates' schedules, allowing them to study at their own pace and access materials 24\/7, enabling them to balance preparation with other commitments."",""allowed"":1},{""refId"":2,""icon"":""Personalised resume feedback-1599708675.png"",""txt"":""This course is designed for law graduates who want to work as SEBI compliance officer, serve as in-house counsel or policy related jobs. The SEBI Grade A Legal Officers' Test Prep Course offers a unique learning journey that combines existing legal expertise with government law and regulations."",""allowed"":1},{""refId"":3,""icon"":""reviewing-a-term-sheet--transactional-documents-1615179013.svg"",""txt"":""The benefits of learning in a systematic, step-by-step way by practising skills in a safe space where you are not rebuked for making a mistake are immense. You can learn much faster and retain that learning much better."",""allowed"":1},{""refId"":4,""icon"":""additional-readings-on-the-latest-1615178800.svg"",""txt"":""Recognizing the time constraints of working professionals, the course provides a structured study plan to optimize preparation hours. The course offers a comprehensive strategy to leave no room for errors in a highly competitive exam with a low pass rate."",""allowed"":1},{""refId"":5,""icon"":""exercises-on-current-transactions-1615178970.svg"",""txt"":""Prepare yourself for the SEBI Grade A Officers' exams in the Legal Stream, and get expert guidance on company and securities laws. While preparing for SEBI Grade A exams, the course also lays the foundation for other competitive exams like UPSC, UGC-NET, and the judiciary track, opening doors to various career paths."",""allowed"":1},{""refId"":33,""icon"":""exercises-on-current-events-affecting-the-real-1615181310.svg"",""txt"":""The course offers measurable indicators of progress, helping candidates stay motivated and focused throughout their preparation journey. Candidates receive clear guidance and mentorship from seasoned legal professionals, ensuring effective exam preparation."",""allowed"":1},{""refId"":51,""icon"":""learn-grammar-from-the-basic-to-1615184207.svg"",""txt"":""The course has a proven track record of successful placements, with a total value of work secured amounting to over Rs. 2.7 Crore or USD 3,30,000 by Lawsikho for its students."",""allowed"":1},{""refId"":58,""icon"":""develop-strong-listening-and-conversational-1615184904.svg"",""txt"":""Learn with In-depth live classes, practical exercises, and personalized counseling sessions that ensure a holistic preparation approach, covering both legal and non-legal subjects relevant to the exam and keep yourself updated with the latest developments in financial markets and regulations, ensuring your knowledge remains current and aligned with exam requirements."",""allowed"":1},{""refId"":158,""icon"":""school-1622545009.svg"",""txt"":""The course provides focused preparation on unique subjects relevant to the SEBI Grade A Legal Officers' exam. Assignments are designed to help candidates apply their newfound expertise, allowing them to earn while they learn. Practice tests and writing assignments replicate the actual exam environment, allowing candidates to gauge their progress and receive constructive feedback for improvement."",""allowed"":1}]}","""1,2,3,4,5,33,51,58,158""","A","2023-09-28 12:33:09","2023-10-06 15:10:31"
"155","225","Program Overview","""""","{""program_overview"":[{""refId"":10,""icon"":""live-drafting-classes-of-key-agreements-1615178859.svg"",""txt"":""This course provides a comprehensive understanding of corporate law, covering aspects like transactions, governance, and compliance with SEBI regulations. It focuses on both theoretical knowledge and practical application."",""allowed"":1},{""refId"":42,""icon"":""learn-how-to-conduct-disciplinary-proceedings-1615186170.svg"",""txt"":""Diverse Career Opportunities: Graduates of this program are prepared for a wide range of career options, including roles in in-house legal teams, law firms, compliance departments, and corporate litigation. The knowledge gained is applicable across various industries."",""allowed"":1},{""refId"":51,""icon"":""learn-grammar-from-the-basic-to-1615184207.svg"",""txt"":""Whether you aspire to be a transactional lawyer handling complex deals or a corporate litigator arguing before tribunals, this course equips you with the specialised skills needed for success in the field of corporate law."",""allowed"":1},{""refId"":58,""icon"":""develop-strong-listening-and-conversational-1615184904.svg"",""txt"":""Participants receive personal attention and coaching from experienced trainers. They also have the opportunity to get individual feedback on their work, ensuring a tailored learning experience."",""allowed"":1},{""refId"":127,""icon"":""complete-and-step-by-step-coverage-of-corporate-1622267733.svg"",""txt"":""The course covers the entire lifecycle of a company, providing insights into procedures from incorporation to dissolution. Participants learn to apply their knowledge in diverse transactions."",""allowed"":1},{""refId"":147,""icon"":""school-1622277455.svg"",""txt"":""With online access to study material, hard copy modules, practical exercises, live online classes, and doubt-clearing forums, the course offers a flexible and accessible learning experience. The knowledge acquired in this course is not limited to specific roles or industries. It is applicable in various legal domains, including M&A, compliance, commercial litigation, and more."",""allowed"":1},{""refId"":209,""icon"":""idea-5-1636550426.svg"",""txt"":""The course aims to provide a 'why to' and a 'how to' guidance, along with best practices and strategies. It encourages practical application of knowledge, ensuring that participants can navigate complex legal scenarios."",""allowed"":1}]}","""10,42,51,58,127,147,209""","A","2023-10-06 17:00:05",NULL
"156","252","Program Overview",NULL,NULL,NULL,"A","2023-10-11 18:58:35",NULL
"157","253","Program Overview",NULL,NULL,NULL,"A","2023-10-13 14:20:51",NULL
"158","254","Program Overview",NULL,NULL,NULL,"A","2023-11-07 12:52:47",NULL
"159","255","Program Overview",NULL,NULL,NULL,"A","2023-11-10 20:49:24",NULL
"160","256","Program Overview",NULL,NULL,NULL,"A","2023-12-01 15:02:34",NULL
"161","257","Program Overview",NULL,NULL,NULL,"A","2023-12-05 22:04:26",NULL
"162","258","Program Overview",NULL,NULL,NULL,"A","2023-12-10 18:16:33",NULL
"163","259","Program Overview",NULL,NULL,NULL,"A","2023-12-19 10:37:52",NULL
"164","260","Program Overview","""""","{""program_overview"":[{""refId"":1,""icon"":""Ofline basecamps for networking-1599708702.png"",""txt"":""The course emphasizes practical knowledge and application as an arbitrator. It is designed to  make you think and function as an arbitrator in an actual dispute, whether it is ad hoc (i.e. court facilitated), or institutional arbitration."",""allowed"":1},{""refId"":3,""icon"":""reviewing-a-term-sheet--transactional-documents-1615179013.svg"",""txt"":""This course equips participants with the theoretical grounding and practical skills required by arbitrators to decide complex and tricky legal questions"",""allowed"":1},{""refId"":4,""icon"":""additional-readings-on-the-latest-1615178800.svg"",""txt"":""Participants will gain expertise on procedural and evidentiary issues in arbitration proceedings, including how to oversee chief and cross examination as an arbitrator, how to determine challenges to jurisdiction etc.."",""allowed"":1},{""refId"":5,""icon"":""exercises-on-current-transactions-1615178970.svg"",""txt"":""The course structure includes live online classes, role-plays for arbitration hearings and proceedings and practical exercises for writing and documenting daily orders and arbitral awards."",""allowed"":1},{""refId"":6,""icon"":""anecdotal-discussions-by-our-industrial-1615178945.svg"",""txt"":""Participants will obtain feedback on their assignments."",""allowed"":1}]}","""1,3,4,5,6""","A","2024-01-06 12:34:44","2024-03-28 20:03:36"
"165","261","Program Overview",NULL,NULL,NULL,"A","2024-01-17 15:14:31",NULL
"166","262","Program Overview",NULL,NULL,NULL,"A","2024-01-27 16:17:37",NULL
"167","263","Program Overview",NULL,NULL,NULL,"A","2024-01-27 17:40:54",NULL
"168","264","Program Overview",NULL,NULL,NULL,"A","2024-02-03 16:58:38",NULL
"169","265","Program Overview",NULL,NULL,NULL,"A","2024-02-05 16:12:50",NULL
"170","266","Program Overview",NULL,NULL,NULL,"A","2024-02-09 16:58:35",NULL
"171","267","Program Overview",NULL,NULL,NULL,"A","2024-02-21 20:29:02",NULL
"172","268","Program Overview",NULL,NULL,NULL,"A","2024-03-01 20:01:20",NULL
"173","269","Program Overview",NULL,NULL,NULL,"A","2024-03-08 19:38:48",NULL
"174","270","Program Overview",NULL,NULL,NULL,"A","2024-03-11 11:44:37",NULL
"175","271","Program Overview",NULL,NULL,NULL,"A","2024-03-12 22:22:39",NULL
"176","272","Program Overview",NULL,NULL,NULL,"A","2024-03-20 17:20:32",NULL
"177","273","Program Overview",NULL,NULL,NULL,"A","2024-03-22 14:20:07",NULL
"178","274","Program Overview",NULL,NULL,NULL,"A","2024-03-22 18:34:22",NULL
"179","275","Program Overview",NULL,NULL,NULL,"A","2024-03-29 17:25:30",NULL
"180","276","Program Overview",NULL,NULL,NULL,"A","2024-03-29 22:36:09",NULL
"181","277","Program Overview",NULL,NULL,NULL,"A","2024-04-12 20:26:18",NULL
"182","278","Program Overview",NULL,NULL,NULL,"A","2024-04-17 17:42:01",NULL
"183","279","Program Overview",NULL,NULL,NULL,"A","2024-04-29 12:08:36",NULL
"184","280","Program Overview",NULL,NULL,NULL,"A","2024-04-29 20:26:39",NULL
"185","281","Program Overview",NULL,NULL,NULL,"A","2024-05-03 13:01:27",NULL
"186","282","Program Overview",NULL,NULL,NULL,"A","2024-05-03 16:00:58",NULL
"187","283","Program Overview",NULL,NULL,NULL,"A","2024-05-08 12:33:17",NULL
"188","284","Program Overview",NULL,NULL,NULL,"A","2024-05-16 23:42:33",NULL
"189","285","Program Overview",NULL,NULL,NULL,"A","2024-05-23 23:08:32",NULL
"190","286","Program Overview",NULL,NULL,NULL,"A","2024-06-03 20:02:46",NULL
"191","287","Program Overview",NULL,NULL,NULL,"A","2024-06-15 15:34:21",NULL
"192","288","Program Overview",NULL,NULL,NULL,"A","2024-06-17 12:21:14",NULL
"193","289","Program Overview",NULL,NULL,NULL,"A","2024-06-21 16:46:41",NULL
"194","290","Program Overview",NULL,NULL,NULL,"A","2024-06-23 13:16:17",NULL
"195","291","Program Overview",NULL,NULL,NULL,"A","2024-06-26 16:10:37",NULL
"196","292","Program Overview",NULL,NULL,NULL,"A","2024-07-09 12:49:24",NULL
"197","293","Program Overview",NULL,NULL,NULL,"A","2024-07-09 13:17:14",NULL
"198","294","Program Overview",NULL,NULL,NULL,"A","2024-08-01 22:33:38",NULL
"199","295","Program Overview",NULL,NULL,NULL,"A","2024-08-10 14:02:58",NULL
"200","296","Program Overview",NULL,NULL,NULL,"A","2024-08-10 14:47:31",NULL
"201","297","Program Overview",NULL,NULL,NULL,"A","2024-08-10 15:58:19",NULL
"202","298","Program Overview",NULL,NULL,NULL,"A","2024-08-10 20:13:12",NULL
"203","299","Program Overview",NULL,NULL,NULL,"A","2024-08-23 12:58:51",NULL
"204","300","Program Overview",NULL,NULL,NULL,"A","2024-08-23 14:39:47",NULL
"205","301","Program Overview",NULL,NULL,NULL,"A","2024-08-23 20:27:50",NULL
"206","302","Program Overview",NULL,NULL,NULL,"A","2024-08-25 14:20:05",NULL
"207","303","Program Overview",NULL,NULL,NULL,"A","2024-09-14 00:30:48",NULL
"208","304","Program Overview",NULL,NULL,NULL,"A","2024-09-29 14:57:50",NULL
"209","305","Program Overview",NULL,NULL,NULL,"A","2024-10-10 19:47:37",NULL
"210","306","Program Overview",NULL,NULL,NULL,"A","2024-10-11 16:42:56",NULL
"211","307","Program Overview",NULL,NULL,NULL,"A","2024-10-20 15:17:38",NULL
"212","308","Program Overview",NULL,NULL,NULL,"A","2024-11-05 09:23:41",NULL
"213","309","Program Overview",NULL,NULL,NULL,"A","2024-11-12 12:16:52",NULL
"214","310","Program Overview",NULL,NULL,NULL,"A","2024-11-13 21:35:51",NULL
"215","311","Program Overview",NULL,NULL,NULL,"A","2024-11-13 22:24:18",NULL
"216","312","Program Overview",NULL,NULL,NULL,"A","2024-12-12 11:12:00",NULL
"217","313","Program Overview",NULL,NULL,NULL,"A","2024-12-19 17:31:12",NULL
"218","314","Program Overview",NULL,NULL,NULL,"A","2025-01-03 22:41:33",NULL
"219","315","Program Overview",NULL,NULL,NULL,"A","2025-01-03 22:44:35",NULL
"220","316","Program Overview",NULL,NULL,NULL,"A","2025-01-18 14:33:09",NULL
"221","317","Program Overview",NULL,NULL,NULL,"A","2025-01-21 11:07:08",NULL
"222","318","Program Overview",NULL,NULL,NULL,"A","2025-01-27 12:18:42",NULL
"223","319","Program Overview",NULL,NULL,NULL,"A","2025-01-29 12:44:15",NULL
"224","321","Program Overview",NULL,NULL,NULL,"A","2025-01-31 23:36:11",NULL
"225","322","Program Overview",NULL,NULL,NULL,"A","2025-02-10 16:21:24",NULL
"226","324","Program Overview",NULL,NULL,NULL,"A","2025-02-14 15:07:21",NULL
"227","325","Program Overview",NULL,NULL,NULL,"A","2025-02-14 16:07:34",NULL
"228","326","Program Overview",NULL,NULL,NULL,"A","2025-02-18 20:41:35",NULL
"229","327","Program Overview",NULL,NULL,NULL,"A","2025-02-19 11:19:46",NULL
"230","328","Program Overview",NULL,NULL,NULL,"A","2025-02-21 14:49:32",NULL
"231","329","Program Overview",NULL,NULL,NULL,"A","2025-02-24 16:16:21",NULL
"232","330","Program Overview",NULL,NULL,NULL,"A","2025-03-03 11:30:50",NULL
"233","332","Program Overview",NULL,NULL,NULL,"A","2025-03-05 10:43:49",NULL
"234","333","Program Overview",NULL,NULL,NULL,"A","2025-03-05 11:29:39",NULL
"235","334","Program Overview",NULL,NULL,NULL,"A","2025-03-18 18:49:06",NULL
"236","335","Program Overview",NULL,NULL,NULL,"A","2025-03-18 18:54:13",NULL
"237","336","Program Overview",NULL,NULL,NULL,"A","2025-04-21 16:45:31",NULL
"238","337","Program Overview",NULL,NULL,NULL,"A","2025-04-30 19:23:38",NULL
"239","338","Program Overview",NULL,NULL,NULL,"A","2025-04-30 22:39:59",NULL
"240","339","Program Overview",NULL,NULL,NULL,"A","2025-05-12 13:27:47",NULL
"241","340","Program Overview",NULL,NULL,NULL,"A","2025-05-15 14:51:34",NULL
"242","341","Program Overview",NULL,NULL,NULL,"A","2025-06-19 11:09:46",NULL
"243","342","Program Overview",NULL,NULL,NULL,"A","2025-06-20 14:02:49",NULL
"244","343","Program Overview",NULL,NULL,NULL,"A","2025-06-26 19:09:31",NULL
"245","344","Program Overview",NULL,NULL,NULL,"A","2025-06-30 20:56:56",NULL
"246","345","Program Overview",NULL,NULL,NULL,"A","2025-07-07 23:10:45",NULL
"247","346","Program Overview",NULL,NULL,NULL,"A","2025-07-14 15:56:43",NULL
"248","347","Program Overview",NULL,NULL,NULL,"A","2025-07-23 10:42:23",NULL
"249","348","Program Overview",NULL,NULL,NULL,"A","2025-07-27 12:08:01",NULL
"250","349","Program Overview",NULL,NULL,NULL,"A","2025-07-29 14:42:17",NULL
"251","350","Program Overview",NULL,NULL,NULL,"A","2025-07-31 23:31:24",NULL
"252","351","Program Overview",NULL,NULL,NULL,"A","2025-08-20 15:53:51",NULL
"253","352","Program Overview",NULL,NULL,NULL,"A","2025-08-31 13:13:56",NULL
"254","353","Program Overview",NULL,NULL,NULL,"A","2025-09-05 20:19:53",NULL
"255","354","Program Overview",NULL,NULL,NULL,"A","2025-09-06 08:36:48",NULL
"256","355","Program Overview",NULL,NULL,NULL,"A","2025-09-12 18:41:18",NULL
"257","356","Program Overview",NULL,NULL,NULL,"A","2025-09-15 18:36:46",NULL
"258","357","Program Overview",NULL,NULL,NULL,"A","2025-09-17 20:54:10",NULL
"259","358","Program Overview",NULL,NULL,NULL,"A","2025-09-22 17:09:26",NULL
"260","359","Program Overview",NULL,NULL,NULL,"A","2025-10-05 13:35:52",NULL
"261","360","Program Overview",NULL,NULL,NULL,"A","2025-10-10 12:45:53",NULL
"262","361","Program Overview",NULL,NULL,NULL,"A","2025-10-17 10:07:47",NULL
"263","362","Program Overview",NULL,NULL,NULL,"A","2025-10-23 22:34:38",NULL
"264","363","Program Overview",NULL,NULL,NULL,"A","2025-11-02 11:58:36",NULL
"265","365","Program Overview",NULL,NULL,NULL,"A","2025-11-02 19:18:10",NULL
"266","366","Program Overview",NULL,NULL,NULL,"A","2025-11-02 20:44:35",NULL
"267","367","Program Overview",NULL,NULL,NULL,"A","2025-11-05 15:53:29",NULL
"268","368","Program Overview","""""","{""program_overview"":[{""refId"":2,""icon"":""Personalised resume feedback-1599708675.png"",""txt"":""Get Official student ID Card from iHub, IIT Roorkee"",""allowed"":1},{""refId"":3,""icon"":""reviewing-a-term-sheet--transactional-documents-1615179013.svg"",""txt"":""Get iHub, IIT Roorkee newsletter subscription"",""allowed"":1},{""refId"":21,""icon"":""exercises-on-modification-of-contracts-1615178823.svg"",""txt"":""2 days campus immersion and certificate issuance ceremony at IIT Roorkee"",""allowed"":1}]}","""2,3,21""","A","2025-11-09 16:41:06","2025-11-20 14:11:03"
"269","369","Program Overview",NULL,NULL,NULL,"A","2025-11-19 21:51:47",NULL
"270","370","Program Overview","""""","{""program_overview"":[{""refId"":1,""icon"":""Ofline basecamps for networking-1599708702.png"",""txt"":""<b>Campus Immersion<\/b> \u2013 2 days campus immersion and certificate issuance ceremony at IIT Roorkee"",""allowed"":1},{""refId"":2,""icon"":""Personalised resume feedback-1599708675.png"",""txt"":""<b>Official Student ID<\/b> \u2013 Get official student ID Card from iHub, IIT Roorkee"",""allowed"":1},{""refId"":3,""icon"":""reviewing-a-term-sheet--transactional-documents-1615179013.svg"",""txt"":""<b>Newsletter<\/b> \u2013 Get iHub, IIT Roorkee newsletter subscription"",""allowed"":1},{""refId"":4,""icon"":""additional-readings-on-the-latest-1615178800.svg"",""txt"":""<b>Live Online Classes<\/b> \u2013 Master classes from IIT Faculties and Industry experts"",""allowed"":1}]}","""1,2,3,4""","A","2025-12-04 14:32:29","2025-12-04 17:12:23"
"271","371","Program Overview",NULL,NULL,NULL,"A","2025-12-09 16:14:27",NULL
"272","372","Program Overview",NULL,NULL,NULL,"A","2025-12-10 18:08:49",NULL
"273","373","Program Overview",NULL,NULL,NULL,"A","2025-12-12 14:26:12",NULL
"274","374","Program Overview",NULL,NULL,NULL,"A","2025-12-12 16:32:05",NULL
"275","375","Program Overview",NULL,NULL,NULL,"A","2026-01-16 13:30:19",NULL
"276","376","Program Overview",NULL,NULL,NULL,"A","2026-01-23 09:58:58",NULL
"277","377","Program Overview",NULL,NULL,NULL,"A","2026-01-23 10:36:29",NULL
"278","378","Program Overview",NULL,NULL,NULL,"A","2026-02-06 07:26:28",NULL
"279","379","Program Overview",NULL,NULL,NULL,"A","2026-02-19 14:45:25",NULL
"280","381","Program Overview",NULL,NULL,NULL,"A","2026-02-23 13:40:24",NULL
"281","382","Program Overview",NULL,NULL,NULL,"A","2026-04-09 10:02:21",NULL
"282","383","Program Overview",NULL,NULL,NULL,"A","2026-04-09 10:51:43",NULL
"283","384","Program Overview",NULL,NULL,NULL,"A","2026-05-06 15:08:43",NULL
"284","385","Program Overview",NULL,NULL,NULL,"A","2026-05-06 18:34:46",NULL
"285","386","Program Overview",NULL,NULL,NULL,"A","2026-05-14 18:39:08",NULL
"286","387","Program Overview",NULL,NULL,NULL,"A","2026-05-26 01:04:41",NULL
"287","388","Program Overview",NULL,NULL,NULL,"A","2026-06-04 16:49:15",NULL
"288","389","Program Overview",NULL,NULL,NULL,"A","2026-06-09 15:57:17",NULL
"289","391","Key Highlights","""""","{""program_overview"":[{""refId"":1,""icon"":""Ofline basecamps for networking-1599708702.png"",""txt"":""<b>Get Official student ID Card from iHub, IIT Roorkee<\/b>"",""allowed"":1},{""refId"":2,""icon"":""Personalised resume feedback-1599708675.png"",""txt"":""<b>2 days campus immersion and certificate issuance ceremony at IIT Roorkee<\/b>"",""allowed"":1},{""refId"":3,""icon"":""reviewing-a-term-sheet--transactional-documents-1615179013.svg"",""txt"":""<b>Get iHub, IIT Roorkee newsletter subscription<\/b>"",""allowed"":1}]}","""1,2,3""","A","2026-06-13 11:24:15","2026-06-15 16:06:52"
"290","392","Program Overview",NULL,NULL,NULL,"A","2026-06-17 11:03:07",NULL
"291","393","Program Overview",NULL,NULL,NULL,"A","2026-06-20 14:55:49",NULL
"292","394","Program Overview",NULL,NULL,NULL,"A","2026-06-23 23:33:50",NULL
"293","395","Program Overview",NULL,NULL,NULL,"A","2026-06-25 19:22:12",NULL
