id,course_id,assignment_portal_course_id,course_plan_type_id,added_date,modified_date,status,orginal_price,promotional_price,description,course_plan_position,btn_sign_up,btn_enroll_now,btn_complete_view,installment_facility,no_of_installment,lms_course_id,edmingle_course_id,view_details_link,is_assignment_portal_eligible,plan_has_alias,alias_course_id,show_promo_price
1,1,170,1,"2019-10-17 02:21:54","2021-01-26 14:01:06",A,0,,"<p>- Get Sample Material in your inbox</p>

<p>- Regular career guidance on email</p>

<p>- Sample Exercises</p>

<p>- Five very useful lessons</p>

<p>- No certification</p>",1,Y,N,N,N,0,NULL,NULL,NULL,N,N,NULL,N
2,1,170,2,"2019-10-17 02:29:03","2021-01-26 14:01:06",A,28000,,"<p>- Printed study material (by courier)</p>

<p>- Practical excercise/Drafting excercises per week(40 weeks)</p>

<p>- 10 writing assignmnets(10 weeks)</p>

<p>- 1 online live class/week(50 weeks)</p>

<p>- Get digital access to entire study materials</p>",2,N,Y,N,Y,2,47893,NULL,,Y,N,NULL,N
3,1,170,3,"2019-10-17 02:52:19","2021-01-26 14:01:06",D,100000,,"<p>- Access to all of Lawsikho.com&#39;s courses for 5 years (including new courses launched in this period)</p>

<p>- Immunity from future price increases for 5 years</p>

<p>- Complimentary access to members-only paid Facebook group for exclusive career opportunities and content</p>

<p>- Inclusion of templates and lessons on your request on a priority basis</p>

<p>- Priority pass for personal coaching, doubt-clearing, customer-support</p>

<p>- Free passes and invitations to all Lawsikho events and meet-ups across India</p>

<p>- Direct mentorship from Ramanuj and Abhyuday</p>

<p>- Personal feedback on as many assignments as you want</p>

<p>- Access to Lawsikho alumni network</p>

<p>- Priority processing for articles submitted to iPleaders blog and Superlawyer interview recommendations</p>",3,N,N,Y,N,0,NULL,NULL,NULL,N,N,NULL,N
4,2,25,2,"2019-10-19 01:56:37","2020-12-03 03:54:13",A,36600,34000,"<p>- Printed study material (by courier)</p>

<p>- 2 practical exercises/ Drafting exercises per week (50 weeks)</p>

<p>- 10 writing assignments (10 weeks)</p>

<p>- 1 online live class/week (50 weeks)</p>

<p>- Get digital access to entire study material</p>

<p>- Access on LMS, Android &amp; iOS app</p>

<p>- Instructor feedback on assignments</p>

<p>- Doubt clearing on WhatsApp, LMS &amp; classes</p>

<p>- Instructor led course with online live classes</p>

<p>- Online exams (give exams as per your convenience on given time slots)</p>

<p>- Certificate (by courier)</p>

<p>- CV enhancement</p>

<p>- Coaching for professional networking</p>

<p>- Internship &amp; job Support</p>

<p>- Interview preparation support</p>

<p>- Networking with students &amp; alumni</p>

<p>- Content access for 3 years</p>

<p>- Doubt clearing within 24 hours</p>

<p>- Top performers are recommended for jobs and client opportunities</p>",2,N,Y,N,Y,2,86479,NULL,,Y,N,0,N
5,2,25,1,"2019-10-19 01:58:57","2019-12-28 02:34:45",A,0,0,"<p>- Get Sample Material in your inbox</p>

<p>- Regular career guidance on email</p>

<p>- Sample Exercises</p>

<p>- Attend a trial class (on request)</p>

<p>- Five very useful lessons</p>

<p>- No certification</p>",1,Y,N,N,N,0,,NULL,,N,N,NULL,N
6,3,37,1,"2019-10-21 06:07:47","2019-11-15 03:36:21",A,0,,"<p>- Get Sample Material in your inbox</p>

<p>- Regular career guidance on email</p>

<p>- Sample Exercises</p>

<p>- Five very useful lessons</p>

<p>- No certification</p>",1,Y,N,N,N,0,,NULL,,N,N,NULL,N
7,3,37,2,"2019-10-21 06:16:29","2021-01-02 01:55:37",A,15000,14000,"<p>- Printed study material (by courier)</p>

<p>- 1 online live class/ week (12 weeks)</p>

<p>- 2 practical or drafting exercises per week (9 weeks)</p>

<p>- 3 writing assignments (3 weeks)</p>

<p>- Get digital access to entire study material</p>

<p>- Access on LMS, Android &amp; iOS app</p>

<p>- Instructor feedback on assignments</p>

<p>- Doubt clearing on WhatsApp, LMS &amp; classes</p>

<p>- Instructor led course with online live classes</p>

<p>- Online exams (give exams as per your convenience on given time slots)</p>

<p>- Certificate (by courier)</p>

<p>- CV enhancement</p>

<p>- Coaching for professional networking</p>

<p>- Training for writing and publishing articles</p>

<p>- Internship &amp; Job Support</p>

<p>- Interview preparation guidance</p>

<p>- Networking with other students &amp; alumni</p>

<p>- Access to updated content online for 3 years</p>

<p>- Doubt clearing within 24 hours</p>

<p>- Top students are recommended to law firms and companies</p>

<p>- Internship and job support available</p>",2,N,Y,N,Y,2,88647,NULL,,Y,N,0,N
8,3,37,3,"2019-10-21 06:18:58","2020-11-19 04:23:55",A,150000,,"<p>- Access to all of Lawsikho.com&#39;s courses for 4 years (including new courses launched in this period)</p>

<p>- Immunity from future price increases for 4 years</p>

<p>- Complimentary access to members-only paid Facebook group for exclusive career opportunities and content</p>

<p>- Inclusion of templates and lessons on your request on a priority basis</p>

<p>- Priority pass for personal coaching, doubt-clearing, customer-support</p>

<p>- Free passes and invitations to all Lawsikho events and meet-ups across India</p>

<p>- Direct mentorship from Ramanuj and Abhyuday</p>

<p>- Personal feedback on as many assignments as you want</p>

<p>- Access to Lawsikho alumni network</p>

<p>- Priority processing for articles submitted to iPleaders blog and Superlawyer interview recommendations</p>",3,N,N,Y,N,0,,NULL,,N,N,0,N
9,4,30,1,"2019-10-21 06:55:30","2019-11-15 03:29:01",A,0,,"<p style="text-align: justify;">- Get Sample Material in your inbox</p>

<p style="text-align: justify;">- Regular career guidance on email</p>

<p style="text-align: justify;">- Sample Exercises</p>

<p style="text-align: justify;">- Five very useful lessons</p>

<p style="text-align: justify;">- No certification</p>",1,Y,N,N,N,0,,NULL,,N,N,NULL,N
10,4,30,2,"2019-10-21 06:56:37","2021-01-02 01:57:53",A,15000,14000,"<p>- Printed study material (by courier)</p>

<p>- 1 online live class/ week (12 weeks)</p>

<p>- 2 practical or drafting exercises per week (9 weeks)</p>

<p>- 3 writing assignments (3 weeks)</p>

<p>- Get digital access to entire study material</p>

<p>- Access on LMS, Android &amp; iOS app</p>

<p>- Instructor feedback on assignments</p>

<p>- Doubt clearing on WhatsApp, LMS &amp; classes</p>

<p>- Instructor led course with online live classes</p>

<p>- Online exams (give exams as per your convenience on given time slots)</p>

<p>- Certificate (by courier)</p>

<p>- CV enhancement</p>

<p>- Coaching for professional networking</p>

<p>- Training for writing and publishing articles</p>

<p>- Internship &amp; Job Support</p>

<p>- Interview preparation guidance</p>

<p>- Networking with other students &amp; alumni</p>

<p>- Access to updated content online for 3 years</p>

<p>- Doubt clearing within 24 hours</p>

<p>- Top students are recommended to law firms and companies</p>

<p>- Internship and job support available</p>

<p>- Printed study material (by courier)</p>

<p>- 1 online live class/ week (12 weeks)</p>

<p>- 2 practical or drafting exercises per week (9 weeks)</p>

<p>- 3 writing assignments (3 weeks)</p>

<p>- Get digital access to entire study material</p>

<p>- Access on LMS, Android &amp; iOS app</p>

<p>- Instructor feedback on exercises</p>

<p>- Doubt clearing on WhatsApp, LMS &amp; classes</p>

<p>- Self-paced courses</p>

<p>- Online exams (give exams as per your convenience on given dates)</p>

<p>- Certificate (by courier)</p>

<p>- CV enhancement</p>

<p>- Coaching for professional networking</p>

<p>- Training for writing and publishing articles</p>

<p>- Internship &amp; Job Support</p>

<p>- Interview preparation guidance</p>

<p>- Networking with other students &amp; alumni</p>

<p>- Access to updated content online for 3 years</p>

<p>- Doubt clearing within 24 hours</p>

<p>- Top students are recommended to law firms and companies</p>

<p>- Internship and job support available</p>",2,N,Y,N,Y,2,86451,NULL,,Y,N,0,N
11,4,30,3,"2019-10-21 06:57:12","2020-11-19 04:23:41",A,150000,,"<p>- Access to all of Lawsikho.com&#39;s courses for 4 years (including new courses launched in this period)</p>

<p>- Immunity from future price increases for 4 years</p>

<p>- Complimentary access to members-only paid Facebook group for exclusive career opportunities and content</p>

<p>- Inclusion of templates and lessons on your request on a priority basis</p>

<p>- Priority pass for personal coaching, doubt-clearing, customer-support</p>

<p>- Free passes and invitations to all Lawsikho events and meet-ups across India</p>

<p>- Direct mentorship from Ramanuj and Abhyuday</p>

<p>- Personal feedback on as many assignments as you want</p>

<p>- Access to Lawsikho alumni network</p>

<p>- Priority processing for articles submitted to iPleaders blog and Superlawyer interview recommendations</p>",3,N,N,Y,N,0,,NULL,,N,N,0,N
12,5,23,1,"2019-10-21 09:23:07","2019-11-15 02:28:58",A,0,,"<p style="text-align: justify;">&nbsp;Get Sample Material in your inbox</p>

<p style="text-align: justify;">- Regular career guidance on email</p>

<p style="text-align: justify;">- Sample Exercises</p>

<p style="text-align: justify;">- Five very useful lessons</p>

<p style="text-align: justify;">- No certification</p>",1,Y,N,N,N,0,,NULL,,N,N,NULL,N
13,5,23,2,"2019-10-21 09:26:45","2021-01-02 01:44:26",A,36600,34000,"<p>- Printed study material (by courier)</p>

<p>- 2 practical exercises/ Drafting exercises per week (50 weeks)</p>

<p>- 10 writing assignments (10 weeks)</p>

<p>- 1 online live class/week (50 weeks)</p>

<p>- Get digital access to entire study material</p>

<p>- Access on LMS, Android &amp; iOS app</p>

<p>- Instructor feedback on assignments</p>

<p>- Doubt clearing on WhatsApp, LMS &amp; classes</p>

<p>- Instructor led course with online live classes</p>

<p>- Online exams (give exams as per your convenience on given time slots)</p>

<p>- Certificate (by courier)</p>

<p>- CV enhancement</p>

<p>- Coaching for professional networking</p>

<p>- Internship &amp; job Support</p>

<p>- Interview preparation support</p>

<p>- Networking with students &amp; alumni</p>

<p>- Content access for 3 years</p>

<p>- Doubt clearing within 24 hours</p>

<p>- Top performers are recommended for jobs and client opportunities</p>",2,N,Y,N,Y,2,86455,NULL,,Y,N,0,N
14,5,23,3,"2019-10-21 09:29:18","2020-11-19 04:23:17",A,150000,,"<p>- Access to all of Lawsikho.com&#39;s courses for 4 years (including new courses launched in this period)</p>

<p>- Immunity from future price increases for 4 years</p>

<p>- Complimentary access to members-only paid Facebook group for exclusive career opportunities and content</p>

<p>- Inclusion of templates and lessons on your request on a priority basis</p>

<p>- Priority pass for personal coaching, doubt-clearing, customer-support</p>

<p>- Free passes and invitations to all Lawsikho events and meet-ups across India</p>

<p>- Direct mentorship from Ramanuj and Abhyuday</p>

<p>- Personal feedback on as many assignments as you want</p>

<p>- Access to Lawsikho alumni network</p>

<p>- Priority processing for articles submitted to iPleaders blog and Superlawyer interview recommendations</p>",3,N,N,Y,N,0,,NULL,,N,N,0,N
15,7,38,1,"2019-10-22 12:15:27","2019-11-15 04:43:30",A,0,,"<p>- Get Sample Material in your inbox</p>

<p>- Regular career guidance on email</p>

<p>- Sample Exercises</p>

<p>- Five very useful lessons</p>

<p>- No certification</p>",1,Y,N,N,N,0,,NULL,,N,N,NULL,N
16,6,24,1,"2019-10-22 12:19:09","2019-11-15 01:33:50",A,0,0,"<p>- Get Sample Material in your inbox</p>

<p>- Regular career guidance on email</p>

<p>- Sample Exercises</p>

<p>- Five very useful lessons</p>

<p>- No certification</p>",1,Y,N,N,N,0,,19818,,N,N,NULL,N
17,7,38,2,"2019-10-22 12:21:03","2021-01-16 12:59:19",A,15000,14000,"<p>- Printed study material (by courier)</p>

<p>- 1 online live class/ week (12 weeks)</p>

<p>- 2 practical or drafting exercises per week (9 weeks)</p>

<p>- 3 writing assignments (3 weeks)</p>

<p>- Get digital access to entire study material</p>

<p>- Access on LMS, Android &amp; iOS app</p>

<p>- Instructor feedback on assignments</p>

<p>- Doubt clearing on WhatsApp, LMS &amp; classes</p>

<p>- Instructor led course with online live classes</p>

<p>- Online exams (give exams as per your convenience on given time slots)</p>

<p>- Certificate (by courier)</p>

<p>- CV enhancement</p>

<p>- Coaching for professional networking</p>

<p>- Training for writing and publishing articles</p>

<p>- Internship &amp; Job Support</p>

<p>- Interview preparation guidance</p>

<p>- Networking with other students &amp; alumni</p>

<p>- Access to updated content online for 3 years</p>

<p>- Doubt clearing within 24 hours</p>

<p>- Top students are recommended to law firms and companies</p>

<p>- Internship and job support available</p>",2,N,Y,N,Y,2,89753,NULL,,Y,N,0,N
18,6,24,2,"2019-10-22 12:23:05","2021-01-02 01:45:07",A,36600,34000,"<p>- Printed study material (by courier)</p>

<p>- 2 practical exercises/ Drafting exercises per week (50 weeks)</p>

<p>- 10 writing assignments (10 weeks)</p>

<p>- 1 online live class/week (50 weeks)</p>

<p>- Get digital access to entire study material</p>

<p>- Access on LMS, Android &amp; iOS app</p>

<p>- Instructor feedback on assignments</p>

<p>- Doubt clearing on WhatsApp, LMS &amp; classes</p>

<p>- Instructor led course with online live classes</p>

<p>- Online exams (give exams as per your convenience on given time slots)</p>

<p>- Certificate (by courier)</p>

<p>- CV enhancement</p>

<p>- Coaching for professional networking</p>

<p>- Internship &amp; job Support</p>

<p>- Interview preparation support</p>

<p>- Networking with students &amp; alumni</p>

<p>- Content access for 3 years</p>

<p>- Doubt clearing within 24 hours</p>

<p>- Top performers are recommended for jobs and client opportunities</p>",2,N,Y,N,Y,2,79317,19818,,Y,N,0,N
19,7,38,3,"2019-10-22 12:23:49","2020-11-19 04:22:54",A,150000,,"<p>- Access to all of Lawsikho.com&#39;s courses for 4 years (including new courses launched in this period)</p>

<p>- Immunity from future price increases for 4 years</p>

<p>- Complimentary access to members-only paid Facebook group for exclusive career opportunities and content</p>

<p>- Inclusion of templates and lessons on your request on a priority basis</p>

<p>- Priority pass for personal coaching, doubt-clearing, customer-support</p>

<p>- Free passes and invitations to all Lawsikho events and meet-ups across India</p>

<p>- Direct mentorship from Ramanuj and Abhyuday</p>

<p>- Personal feedback on as many assignments as you want</p>

<p>- Access to Lawsikho alumni network</p>

<p>- Priority processing for articles submitted to iPleaders blog and Superlawyer interview recommendations</p>",3,N,N,Y,N,0,,NULL,,N,N,0,N
20,6,24,3,"2019-10-22 12:24:56","2020-11-19 04:22:38",A,150000,,"<p>- Access to all of Lawsikho.com&#39;s courses for 4 years (including new courses launched in this period)</p>

<p>- Immunity from future price increases for 4 years</p>

<p>- Complimentary access to members-only paid Facebook group for exclusive career opportunities and content</p>

<p>- Inclusion of templates and lessons on your request on a priority basis</p>

<p>- Priority pass for personal coaching, doubt-clearing, customer-support</p>

<p>- Free passes and invitations to all Lawsikho events and meet-ups across India</p>

<p>- Direct mentorship from Ramanuj and Abhyuday</p>

<p>- Personal feedback on as many assignments as you want</p>

<p>- Access to Lawsikho alumni network</p>

<p>- Priority processing for articles submitted to iPleaders blog and Superlawyer interview recommendations</p>",3,N,N,Y,N,0,,19818,,N,N,0,N
21,8,52,1,"2019-10-22 02:14:41","2020-06-01 04:44:36",A,0,,"<p>- Get Sample Material in your inbox</p>

<p>- Regular career guidance on email</p>

<p>- Sample Exercises</p>

<p>- Five very useful lessons</p>

<p>- No certification</p>",1,N,N,N,N,0,,NULL,,N,N,0,N
22,8,52,4,"2019-10-22 02:18:17","2020-08-04 09:22:01",A,9440,,"<p>- Get digital access to entire study material&nbsp;</p>

<p>- Certificate (by courier)</p>

<p>- No Live classes</p>

<p>- Content access for 1 year</p>

<p>- Doubt clearing within 48 hours</p>",2,N,Y,N,N,0,49882,NULL,,Y,N,0,N
23,8,52,3,"2019-10-22 02:18:51","2020-11-19 04:22:20",A,150000,,"<p>- Access to all of Lawsikho.com&#39;s courses for 4 years (including new courses launched in this period)</p>

<p>- Immunity from future price increases for 4 years</p>

<p>- Complimentary access to members-only paid Facebook group for exclusive career opportunities and content</p>

<p>- Inclusion of templates and lessons on your request on a priority basis</p>

<p>- Priority pass for personal coaching, doubt-clearing, customer-support</p>

<p>- Free passes and invitations to all Lawsikho events and meet-ups across India</p>

<p>- Direct mentorship from Ramanuj and Abhyuday</p>

<p>- Personal feedback on as many assignments as you want</p>

<p>- Access to Lawsikho alumni network</p>

<p>- Priority processing for articles submitted to iPleaders blog and Superlawyer interview recommendations</p>",3,N,N,Y,N,0,,NULL,,N,N,0,N
24,10,40,1,"2019-10-22 04:08:07","2019-11-15 05:07:50",A,0,,"<p>- Get Sample Material in your inbox</p>

<p>- Regular career guidance on email</p>

<p>- Sample Exercises</p>

<p>- Five very useful lessons</p>

<p>- No certification</p>",1,Y,N,N,N,0,,NULL,,N,N,NULL,N
25,10,40,2,"2019-10-22 04:10:28","2021-01-05 07:36:46",A,15000,14000,"<p>- Printed study material (by courier)</p>

<p>- 1 online live class/ week (12 weeks)</p>

<p>- 2 practical or drafting exercises per week (9 weeks)</p>

<p>- 3 writing assignments (3 weeks)</p>

<p>- Get digital access to entire study material</p>

<p>- Access on LMS, Android &amp; iOS app</p>

<p>- Instructor feedback on assignments</p>

<p>- Doubt clearing on WhatsApp, LMS &amp; classes</p>

<p>- Instructor led course with online live classes</p>

<p>- Online exams (give exams as per your convenience on given time slots)</p>

<p>- Certificate (by courier)</p>

<p>- CV enhancement</p>

<p>- Coaching for professional networking</p>

<p>- Training for writing and publishing articles</p>

<p>- Internship &amp; Job Support</p>

<p>- Interview preparation guidance</p>

<p>- Networking with other students &amp; alumni</p>

<p>- Access to updated content online for 3 years</p>

<p>- Doubt clearing within 24 hours</p>

<p>- Top students are recommended to law firms and companies</p>

<p>- Internship and job support available</p>",2,N,Y,N,Y,2,88908,NULL,,Y,N,0,N
26,10,40,3,"2019-10-22 04:11:13","2020-11-19 04:22:09",A,150000,,"<p>- Access to all of Lawsikho.com&#39;s courses for 4 years (including new courses launched in this period)</p>

<p>- Immunity from future price increases for 4 years</p>

<p>- Complimentary access to members-only paid Facebook group for exclusive career opportunities and content</p>

<p>- Inclusion of templates and lessons on your request on a priority basis</p>

<p>- Priority pass for personal coaching, doubt-clearing, customer-support</p>

<p>- Free passes and invitations to all Lawsikho events and meet-ups across India</p>

<p>- Direct mentorship from Ramanuj and Abhyuday</p>

<p>- Personal feedback on as many assignments as you want</p>

<p>- Access to Lawsikho alumni network</p>

<p>- Priority processing for articles submitted to iPleaders blog and Superlawyer interview recommendations</p>",3,N,N,Y,N,0,,NULL,,N,N,0,N
27,11,49,1,"2019-10-22 05:09:28","2019-11-15 08:24:40",A,0,,"<p>- Get Sample Material in your inbox</p>

<p>- Regular career guidance on email</p>

<p>- Sample Exercises</p>

<p>- Five very useful lessons</p>

<p>- No certification</p>",1,Y,N,N,N,0,,NULL,,N,N,NULL,N
28,11,49,2,"2019-10-22 05:33:15","2021-01-16 01:05:47",A,15000,14000,"<p>- Printed study material (by courier)</p>

<p>- 1 online live class/ week (12 weeks)</p>

<p>- 2 practical or drafting exercises per week (9 weeks)</p>

<p>- 3 writing assignments (3 weeks)</p>

<p>- Get digital access to entire study material</p>

<p>- Access on LMS, Android &amp; iOS app</p>

<p>- Instructor feedback on assignments</p>

<p>- Doubt clearing on WhatsApp, LMS &amp; classes</p>

<p>- Instructor led course with online live classes</p>

<p>- Online exams (give exams as per your convenience on given time slots)</p>

<p>- Certificate (by courier)</p>

<p>- CV enhancement</p>

<p>- Coaching for professional networking</p>

<p>- Training for writing and publishing articles</p>

<p>- Internship &amp; Job Support</p>

<p>- Interview preparation guidance</p>

<p>- Networking with other students &amp; alumni</p>

<p>- Access to updated content online for 3 years</p>

<p>- Doubt clearing within 24 hours</p>

<p>- Top students are recommended to law firms and companies</p>

<p>- Internship and job support available</p>",2,N,Y,N,Y,2,89754,NULL,,Y,N,0,N
29,11,49,3,"2019-10-22 05:34:48","2020-11-19 04:21:59",A,150000,,"<p>- Access to all of Lawsikho.com&#39;s courses for 4 years (including new courses launched in this period)</p>

<p>- Immunity from future price increases for 4 years</p>

<p>- Complimentary access to members-only paid Facebook group for exclusive career opportunities and content</p>

<p>- Inclusion of templates and lessons on your request on a priority basis</p>

<p>- Priority pass for personal coaching, doubt-clearing, customer-support</p>

<p>- Free passes and invitations to all Lawsikho events and meet-ups across India</p>

<p>- Direct mentorship from Ramanuj and Abhyuday</p>

<p>- Personal feedback on as many assignments as you want</p>

<p>- Access to Lawsikho alumni network</p>

<p>- Priority processing for articles submitted to iPleaders blog and Superlawyer interview recommendations</p>",3,N,N,Y,N,0,,NULL,,N,N,0,N
30,9,1,1,"2019-10-22 06:00:12","2019-11-28 19:11:55",A,0,,"<p>- Get Sample Material in your inbox<br />
- Regular career guidance on email<br />
- Sample Exercises<br />
- Five very useful lessons<br />
- No certification</p>",1,Y,N,N,N,0,40361,NULL,,N,N,NULL,N
31,9,1,2,"2019-10-22 06:05:04","2021-01-16 12:56:36",A,30000,28000,"<p>- Printed study material (by courier)</p>

<p>- 2 practical exercises/ Drafting exercises per week (50 weeks)</p>

<p>- 10 writing assignments (10 weeks)</p>

<p>- 1 online live class/week (50 weeks)</p>

<p>- Get digital access to entire study material</p>

<p>- Access on LMS, Android &amp; iOS app</p>

<p>- Instructor feedback on assignments</p>

<p>- Doubt clearing on WhatsApp, LMS &amp; classes</p>

<p>- Instructor led course with online live classes</p>

<p>- Online exams (give exams as per your convenience on given time slots)</p>

<p>- Certificate (by courier)</p>

<p>- CV enhancement</p>

<p>- Coaching for professional networking</p>

<p>- Internship &amp; job Support</p>

<p>- Interview preparation support</p>

<p>- Networking with students &amp; alumni</p>

<p>- Content access for 3 years</p>

<p>- Doubt clearing within 24 hours</p>

<p>- Top performers are recommended for jobs and client opportunities</p>",2,N,Y,N,Y,2,86614,NULL,,Y,N,0,N
32,9,1,3,"2019-10-22 06:08:08","2020-11-19 04:21:30",A,150000,,"<p>-Access to all of Lawsikho.com&#39;s courses for 4 years (including new courses launched in this period)<br />
- Immunity from future price increases for 4 years<br />
- Complimentary access to members-only paid Facebook group for exclusive career opportunities and content<br />
- Inclusion of templates and lessons on your request on a priority basis<br />
- Priority pass for personal coaching, doubt-clearing, customer-support<br />
- Free passes and invitations to all Lawsikho events and meet-ups across India<br />
- Direct mentorship from Ramanuj and Abhyuday<br />
- Personal feedback on as many assignments as you want<br />
- Access to Lawsikho alumni network<br />
- Priority processing for articles submitted to iPleaders blog and Superlawyer interview recommendations</p>",3,N,N,Y,N,0,40361,NULL,,N,N,0,N
33,12,47,1,"2019-10-22 06:10:17","2019-11-15 07:05:26",A,0,,"<p>- Get Sample Material in your inbox</p>

<p>- Regular career guidance on email</p>

<p>- Sample Exercises</p>

<p>- Five very useful lessons</p>

<p>- No certification</p>",1,Y,N,N,N,0,41914,NULL,,N,N,NULL,N
34,12,47,2,"2019-10-22 06:12:20","2023-05-11 06:41:05",A,32000,29500,"<p>- Printed study material (by courier)</p>

<p>-1 online live class/ week (minimum 20&nbsp;weeks)</p>

<p>-Get digital access to entire study material</p>

<p>-Access on LMS, Android &amp; iOS app</p>

<p>-Self-paced courses</p>

<p>-Online exams (give exams as per your convenience on given dates)</p>

<p>-Certificate (by courier)</p>

<p>-CV enhancement</p>

<p>-Coaching for professional networking</p>

<p>-Training for writing and publishing articles</p>

<p>-Internship &amp; Job Support</p>

<p>-Interview preparation guidance</p>

<p>-Networking with other students &amp; alumni</p>

<p>-Access to updated content online for 3 years</p>

<p>-Doubt clearing within 24 hours</p>

<p>-Top students are recommended to law firms and companies</p>

<p>-Internship and job support available</p>",2,N,Y,N,Y,3,51774,0,,N,N,0,N
35,12,47,3,"2019-10-22 06:13:02","2020-11-19 04:21:10",A,150000,,"<p>- Access to all of Lawsikho.com&#39;s courses for 4 years (including new courses launched in this period)</p>

<p>- Immunity from future price increases for 4 years</p>

<p>- Complimentary access to members-only paid Facebook group for exclusive career opportunities and content</p>

<p>- Inclusion of templates and lessons on your request on a priority basis</p>

<p>- Priority pass for personal coaching, doubt-clearing, customer-support</p>

<p>- Free passes and invitations to all Lawsikho events and meet-ups across India</p>

<p>- Direct mentorship from Ramanuj and Abhyuday</p>

<p>- Personal feedback on as many assignments as you want</p>

<p>- Access to Lawsikho alumni network</p>

<p>- Priority processing for articles submitted to iPleaders blog and Superlawyer interview recommendations</p>",3,N,N,Y,N,0,41914,NULL,,N,N,0,N
36,14,51,1,"2019-10-22 06:57:51","2019-11-16 11:29:03",A,0,,"<p>- Get Sample Material in your inbox</p>

<p>- Regular career guidance on email</p>

<p>- Sample Exercises</p>

<p>- Five very useful lessons</p>

<p>- No certification</p>",1,Y,N,N,N,0,,NULL,,N,N,NULL,N
37,14,51,2,"2019-10-22 07:00:23","2020-12-02 04:13:12",A,26000,25000,"<p>- Printed study material (by courier)</p>

<p>- 1 online live class/ week (24 weeks)</p>

<p>- 2 practical or drafting exercises per week (18 weeks)</p>

<p>- 3 writing assignments (6 weeks)</p>

<p>- Get digital access to entire study material</p>

<p>- Access on LMS, Android &amp; iOS app</p>

<p>- Instructor feedback on assignments</p>

<p>- Doubt clearing on WhatsApp, LMS &amp; classes</p>

<p>- Instructor led course with online live classes</p>

<p>- Online exams (give exams as per your convenience on given time slots)</p>

<p>- Certificate (by courier)</p>

<p>- CV enhancement</p>

<p>- Coaching for professional networking</p>

<p>- Training for writing and publishing articles</p>

<p>- Internship &amp; Job Support</p>

<p>- Interview preparation guidance</p>

<p>- Networking with other students &amp; alumni</p>

<p>- Access to updated content online for 3 years</p>

<p>- Doubt clearing within 24 hours</p>

<p>- Top students are recommended to law firms and companies</p>

<p>- Internship and job support available</p>",2,N,Y,N,Y,2,83933,NULL,,Y,N,0,N
38,14,51,3,"2019-10-22 07:02:12","2020-11-19 04:20:52",A,150000,,"<p>- Access to all of Lawsikho.com&#39;s courses for 4 years (including new courses launched in this period)</p>

<p>- Immunity from future price increases for 4 years</p>

<p>- Complimentary access to members-only paid Facebook group for exclusive career opportunities and content</p>

<p>- Inclusion of templates and lessons on your request on a priority basis</p>

<p>- Priority pass for personal coaching, doubt-clearing, customer-support</p>

<p>- Free passes and invitations to all Lawsikho events and meet-ups across India</p>

<p>- Direct mentorship from Ramanuj and Abhyuday</p>

<p>- Personal feedback on as many assignments as you want</p>

<p>- Access to Lawsikho alumni network</p>

<p>- Priority processing for articles submitted to iPleaders blog and Superlawyer interview recommendations</p>",3,N,N,Y,N,0,,NULL,,N,N,0,N
39,13,41,1,"2019-10-22 07:15:48","2019-11-15 05:51:01",A,0,,"<p>- Get Sample Material in your inbox</p>

<p>- Regular career guidance on email</p>

<p>- Sample Exercises</p>

<p>- Five very useful lessons</p>

<p>- No certification</p>",NULL,Y,N,N,N,0,,NULL,,N,N,NULL,N
40,13,41,2,"2019-10-22 07:17:18","2020-12-02 04:14:03",A,15000,14000,"<p>- Printed study material (by courier)</p>

<p>- 1 online live class/ week (12 weeks)</p>

<p>- 2 practical or drafting exercises per week (9 weeks)</p>

<p>- 3 writing assignments (3 weeks)</p>

<p>- Get digital access to entire study material</p>

<p>- Access on LMS, Android &amp; iOS app</p>

<p>- Instructor feedback on assignments</p>

<p>- Doubt clearing on WhatsApp, LMS &amp; classes</p>

<p>- Instructor led course with online live classes</p>

<p>- Online exams (give exams as per your convenience on given time slots)</p>

<p>- Certificate (by courier)</p>

<p>- CV enhancement</p>

<p>- Coaching for professional networking</p>

<p>- Training for writing and publishing articles</p>

<p>- Internship &amp; Job Support</p>

<p>- Interview preparation guidance</p>

<p>- Networking with other students &amp; alumni</p>

<p>- Access to updated content online for 3 years</p>

<p>- Doubt clearing within 24 hours</p>

<p>- Top students are recommended to law firms and companies</p>

<p>- Internship and job support available</p>",NULL,N,Y,N,Y,2,81506,NULL,,Y,N,0,N
41,13,41,3,"2019-10-22 07:17:49","2020-11-19 04:20:30",A,150000,,"<p>- Access to all of Lawsikho.com&#39;s courses for 4 years (including new courses launched in this period)</p>

<p>- Immunity from future price increases for 4 years</p>

<p>- Complimentary access to members-only paid Facebook group for exclusive career opportunities and content</p>

<p>- Inclusion of templates and lessons on your request on a priority basis</p>

<p>- Priority pass for personal coaching, doubt-clearing, customer-support</p>

<p>- Free passes and invitations to all Lawsikho events and meet-ups across India</p>

<p>- Direct mentorship from Ramanuj and Abhyuday</p>

<p>- Personal feedback on as many assignments as you want</p>

<p>- Access to Lawsikho alumni network</p>

<p>- Priority processing for articles submitted to iPleaders blog and Superlawyer interview recommendations</p>",NULL,N,N,Y,N,0,,NULL,,N,N,0,N
42,15,46,1,"2019-10-23 12:33:26","2019-11-15 07:43:53",A,0,,"<p>- Get Sample Material in your inbox</p>

<p>- Regular career guidance on email</p>

<p>- Sample Exercises</p>

<p>- Five very useful lessons</p>

<p>- No certification</p>",1,Y,N,N,N,0,44577,NULL,,N,N,NULL,N
43,16,26,1,"2019-10-23 12:34:09","2019-11-15 03:14:18",A,0,,"<p>- Get Sample Material in your inbox</p>

<p>- Regular career guidance on email</p>

<p>- Sample Exercises</p>

<p>- Five very useful lessons</p>

<p>- No certification</p>",1,Y,N,N,N,0,40367,NULL,,N,N,NULL,N
44,15,46,2,"2019-10-23 12:34:41","2021-01-16 01:12:21",A,15000,14000,"<p>- Printed study material (by courier)</p>

<p>- 1 online live class/ week (12 weeks)</p>

<p>- 2 practical or drafting exercises per week (9 weeks)</p>

<p>- 3 writing assignments (3 weeks)</p>

<p>- Get digital access to entire study material</p>

<p>- Access on LMS, Android &amp; iOS app</p>

<p>- Instructor feedback on assignments</p>

<p>- Doubt clearing on WhatsApp, LMS &amp; classes</p>

<p>- Instructor led course with online live classes</p>

<p>- Online exams (give exams as per your convenience on given time slots)</p>

<p>- Certificate (by courier)</p>

<p>- CV enhancement</p>

<p>- Coaching for professional networking</p>

<p>- Training for writing and publishing articles</p>

<p>- Internship &amp; Job Support</p>

<p>- Interview preparation guidance</p>

<p>- Networking with other students &amp; alumni</p>

<p>- Access to updated content online for 3 years</p>

<p>- Doubt clearing within 24 hours</p>

<p>- Top students are recommended to law firms and companies</p>

<p>- Internship and job support available</p>",2,N,Y,N,Y,2,89756,NULL,,Y,N,0,N
45,16,26,2,"2019-10-23 12:35:28","2020-11-28 02:59:43",A,30000,28000,"<p>- Printed study material (by courier)</p>

<p>- 2 practical exercises/ Drafting exercises per week (50 weeks)</p>

<p>- 10 writing assignments (10 weeks)</p>

<p>- 1 online live class/week (50 weeks)</p>

<p>- Get digital access to entire study material</p>

<p>- Access on LMS, Android &amp; iOS app</p>

<p>- Instructor feedback on assignments</p>

<p>- Doubt clearing on WhatsApp, LMS &amp; classes</p>

<p>- Instructor led course with online live classes</p>

<p>- Online exams (give exams as per your convenience on given time slots)</p>

<p>- Certificate (by courier)</p>

<p>- CV enhancement</p>

<p>- Coaching for professional networking</p>

<p>- Internship &amp; job Support</p>

<p>- Interview preparation support</p>

<p>- Networking with students &amp; alumni</p>

<p>- Content access for 3 years</p>

<p>- Doubt clearing within 24 hours</p>

<p>- Top performers are recommended for jobs and client opportunities</p>",2,N,Y,N,Y,2,85980,NULL,,Y,N,0,N
46,15,46,3,"2019-10-23 12:35:28","2020-11-19 04:20:05",A,150000,,"<p>- Access to all of Lawsikho.com&#39;s courses for 4 years (including new courses launched in this period)</p>

<p>- Immunity from future price increases for 4 years</p>

<p>- Complimentary access to members-only paid Facebook group for exclusive career opportunities and content</p>

<p>- Inclusion of templates and lessons on your request on a priority basis</p>

<p>- Priority pass for personal coaching, doubt-clearing, customer-support</p>

<p>- Free passes and invitations to all Lawsikho events and meet-ups across India</p>

<p>- Direct mentorship from Ramanuj and Abhyuday</p>

<p>- Personal feedback on as many assignments as you want</p>

<p>- Access to Lawsikho alumni network</p>

<p>- Priority processing for articles submitted to iPleaders blog and Superlawyer interview recommendations</p>",3,N,N,Y,N,0,44577,NULL,,N,N,0,N
47,16,26,3,"2019-10-23 12:36:20","2020-11-19 04:19:23",A,150000,,"<p>- Access to all of Lawsikho.com&#39;s courses for 4 years (including new courses launched in this period)</p>

<p>- Immunity from future price increases for 4 years</p>

<p>- Complimentary access to members-only paid Facebook group for exclusive career opportunities and content</p>

<p>- Inclusion of templates and lessons on your request on a priority basis</p>

<p>- Priority pass for personal coaching, doubt-clearing, customer-support</p>

<p>- Free passes and invitations to all Lawsikho events and meet-ups across India</p>

<p>- Direct mentorship from Ramanuj and Abhyuday</p>

<p>- Personal feedback on as many assignments as you want</p>

<p>- Access to Lawsikho alumni network</p>

<p>- Priority processing for articles submitted to iPleaders blog and Superlawyer interview recommendations</p>",3,N,N,Y,N,0,40367,NULL,,N,N,0,N
48,18,48,1,"2019-10-23 12:50:56","2019-11-15 08:03:31",A,0,,"<p>- Get Sample Material in your inbox</p>

<p>- Regular career guidance on email</p>

<p>- Sample Exercises</p>

<p>- Five very useful lessons</p>

<p>- No certification</p>",1,Y,N,N,N,0,,NULL,,N,N,NULL,N
49,18,48,2,"2019-10-23 12:54:59","2020-11-28 03:30:06",A,26000,25000,"<p>- Printed study material (by courier)</p>

<p>- 1 online live class/ week (24 weeks)</p>

<p>- 2 practical or drafting exercises per week (18 weeks)</p>

<p>- 3 writing assignments (6 weeks)</p>

<p>- Get digital access to entire study material</p>

<p>- Access on LMS, Android &amp; iOS app</p>

<p>- Instructor feedback on assignments</p>

<p>- Doubt clearing on WhatsApp, LMS &amp; classes</p>

<p>- Instructor led course with online live classes</p>

<p>- Online exams (give exams as per your convenience on given time slots)</p>

<p>- Certificate (by courier)</p>

<p>- CV enhancement</p>

<p>- Coaching for professional networking</p>

<p>- Training for writing and publishing articles</p>

<p>- Internship &amp; Job Support</p>

<p>- Interview preparation guidance</p>

<p>- Networking with other students &amp; alumni</p>

<p>- Access to updated content online for 3 years</p>

<p>- Doubt clearing within 24 hours</p>

<p>- Top students are recommended to law firms and companies</p>

<p>- Internship and job support available</p>",2,N,Y,N,Y,2,85987,NULL,,Y,N,0,N
50,18,48,3,"2019-10-23 12:58:18","2020-11-19 04:19:07",A,150000,,"<p>- Access to all of Lawsikho.com&#39;s courses for 4 years (including new courses launched in this period)</p>

<p>- Immunity from future price increases for 4 years</p>

<p>- Complimentary access to members-only paid Facebook group for exclusive career opportunities and content</p>

<p>- Inclusion of templates and lessons on your request on a priority basis</p>

<p>- Priority pass for personal coaching, doubt-clearing, customer-support</p>

<p>- Free passes and invitations to all Lawsikho events and meet-ups across India</p>

<p>- Direct mentorship from Ramanuj and Abhyuday</p>

<p>- Personal feedback on as many assignments as you want</p>

<p>- Access to Lawsikho alumni network</p>

<p>- Priority processing for articles submitted to iPleaders blog and Superlawyer interview recommendations</p>",3,N,N,Y,N,0,,NULL,,N,N,0,N
51,17,43,1,"2019-10-23 01:10:49","2019-11-15 06:27:25",A,0,,"<p>- Get Sample Material in your inbox</p>

<p>- Regular career guidance on email</p>

<p>- Sample Exercises</p>

<p>- Five very useful lessons</p>

<p>- No certification</p>",NULL,Y,N,N,N,0,,NULL,,N,N,NULL,N
52,17,43,2,"2019-10-23 01:14:20","2021-01-16 01:18:12",A,20000,18000,"<p>- Printed study material (by courier)</p>

<p>- 1 online live class/ week (24 weeks)</p>

<p>- 2 practical or drafting exercises per week (18 weeks)</p>

<p>- 3 writing assignments (6 weeks)</p>

<p>- Get digital access to entire study material</p>

<p>- Access on LMS, Android &amp; iOS app</p>

<p>- Instructor feedback on assignments</p>

<p>- Doubt clearing on WhatsApp, LMS &amp; classes</p>

<p>- Instructor led course with online live classes</p>

<p>- Online exams (give exams as per your convenience on given time slots)</p>

<p>- Certificate (by courier)</p>

<p>- CV enhancement</p>

<p>- Coaching for professional networking</p>

<p>- Training for writing and publishing articles</p>

<p>- Internship &amp; Job Support</p>

<p>- Interview preparation guidance</p>

<p>- Networking with other students &amp; alumni</p>

<p>- Access to updated content online for 3 years</p>

<p>- Doubt clearing within 24 hours</p>

<p>- Top students are recommended to law firms and companies</p>

<p>- Internship and job support available</p>",NULL,N,Y,N,Y,2,89758,NULL,,Y,N,0,N
53,17,43,3,"2019-10-23 01:16:03","2020-11-19 04:18:40",A,150000,,"<p>- Access to all of Lawsikho.com&#39;s courses for 4 years (including new courses launched in this period)</p>

<p>- Immunity from future price increases for 4 years</p>

<p>- Complimentary access to members-only paid Facebook group for exclusive career opportunities and content</p>

<p>- Inclusion of templates and lessons on your request on a priority basis</p>

<p>- Priority pass for personal coaching, doubt-clearing, customer-support</p>

<p>- Free passes and invitations to all Lawsikho events and meet-ups across India</p>

<p>- Direct mentorship from Ramanuj and Abhyuday</p>

<p>- Personal feedback on as many assignments as you want</p>

<p>- Access to Lawsikho alumni network</p>

<p>- Priority processing for articles submitted to iPleaders blog and Superlawyer interview recommendations</p>",NULL,N,N,Y,N,0,37504,NULL,,N,N,0,N
54,20,44,1,"2019-10-23 01:37:10","2019-10-23 13:10:49",A,0,,"<ul _ngcontent-c41="" class="list-reset leading-normal" style="box-sizing: inherit; border: 0px solid rgb(218, 225, 231); margin: 0px; list-style: none; padding: 0px; line-height: 1.5; color: rgb(61, 72, 82); font-family: Lato; background-color: rgb(255, 255, 255);">
	<li _ngcontent-c41="" class="py-1" style="box-sizing: inherit; border: 0px solid rgb(218, 225, 231); padding-top: 0.25rem; padding-bottom: 0.25rem;">- Get Sample Material in your inbox</li>
	<li _ngcontent-c41="" class="py-1" style="box-sizing: inherit; border: 0px solid rgb(218, 225, 231); padding-top: 0.25rem; padding-bottom: 0.25rem;">- Regular career guidance on email</li>
	<li _ngcontent-c41="" class="py-1" style="box-sizing: inherit; border: 0px solid rgb(218, 225, 231); padding-top: 0.25rem; padding-bottom: 0.25rem;">- Sample Exercises</li>
	<li _ngcontent-c41="" class="py-1" style="box-sizing: inherit; border: 0px solid rgb(218, 225, 231); padding-top: 0.25rem; padding-bottom: 0.25rem;">- Five very useful lessons</li>
	<li _ngcontent-c41="" class="py-1" style="box-sizing: inherit; border: 0px solid rgb(218, 225, 231); padding-top: 0.25rem; padding-bottom: 0.25rem;">- No certification</li>
</ul>",1,Y,N,N,N,0,44520,NULL,NULL,N,N,NULL,N
55,20,44,2,"2019-10-23 01:38:40","2020-07-09 03:22:31",A,20000,18000,"<p>- Printed study material (by courier)</p>

<p>- 1 online live class/ week (24 weeks)</p>

<p>- 2 practical or drafting exercises per week (18 weeks)</p>

<p>- 3 writing assignments (6 weeks)</p>

<p>- Get digital access to entire study material</p>

<p>- Access on LMS, Android &amp; iOS app</p>

<p>- Instructor feedback on assignments</p>

<p>- Doubt clearing on WhatsApp, LMS &amp; classes</p>

<p>- Instructor led course with online live classes</p>

<p>- Online exams (give exams as per your convenience on given time slots)</p>

<p>- Certificate (by courier)</p>

<p>- CV enhancement</p>

<p>- Coaching for professional networking</p>

<p>- Training for writing and publishing articles</p>

<p>- Internship &amp; Job Support</p>

<p>- Interview preparation guidance</p>

<p>- Networking with other students &amp; alumni</p>

<p>- Access to updated content online for 3 years</p>

<p>- Doubt clearing within 24 hours</p>

<p>- Top students are recommended to law firms and companies</p>

<p>- Internship and job support available</p>",2,N,Y,N,Y,2,56274,NULL,,Y,N,0,N
56,20,44,3,"2019-10-23 01:39:20","2020-11-19 04:18:03",A,150000,,"<p>- Access to all of Lawsikho.com&#39;s courses for 4 years (including new courses launched in this period)<br />
- Immunity from future price increases for 4 years<br />
- Complimentary access to members-only paid Facebook group for exclusive career opportunities and content<br />
- Inclusion of templates and lessons on your request on a priority basis<br />
- Priority pass for personal coaching, doubt-clearing, customer-support<br />
- Free passes and invitations to all Lawsikho events and meet-ups across India<br />
- Direct mentorship from Ramanuj and Abhyuday<br />
- Personal feedback on as many assignments as you want<br />
- Access to Lawsikho alumni network<br />
- Priority processing for articles submitted to iPleaders blog and Superlawyer interview recommendations</p>",3,N,N,Y,N,0,44520,NULL,,N,N,0,N
57,19,42,1,"2019-10-23 02:13:45","2019-11-20 14:11:18",A,0,,"<p style="text-align: justify;">- Get Sample Material in your inbox</p>

<p style="text-align: justify;">- Regular career guidance on email</p>

<p style="text-align: justify;">- Sample Exercises</p>

<p style="text-align: justify;">- Five very useful lessons</p>

<p style="text-align: justify;">- No certification</p>",1,Y,N,N,N,0,10817,NULL,,N,N,NULL,N
58,19,42,4,"2019-10-23 02:17:40","2020-06-06 04:19:19",A,11800,,"<p>- Printed study material (by courier)<br />
- Get digital access to entire study material<br />
- Exercises provided - for self evaluation<br />
- Certificate (by courier)<br />
- No Live classes<br />
- Content access for 1 year<br />
- Doubt clearing within 48 hours</p>",2,N,Y,N,N,0,50873,NULL,,Y,N,0,N
59,19,42,3,"2019-10-23 02:19:19","2020-11-19 04:17:29",A,150000,,"<p>- Access to all of Lawsikho.com&#39;s courses for 4 years (including new courses launched in this period)</p>

<p>- Immunity from future price increases for 4 years</p>

<p>- Complimentary access to members-only paid Facebook group for exclusive career opportunities and content</p>

<p>- Inclusion of templates and lessons on your request on a priority basis</p>

<p>- Priority pass for personal coaching, doubt-clearing, customer-support</p>

<p>- Free passes and invitations to all Lawsikho events and meet-ups across India</p>

<p>- Direct mentorship from Ramanuj and Abhyuday</p>

<p>- Personal feedback on as many assignments as you want</p>

<p>- Access to Lawsikho alumni network</p>

<p>- Priority processing for articles submitted to iPleaders blog and Superlawyer interview recommendations</p>",3,N,N,Y,N,0,10817,NULL,,N,N,0,N
60,23,27,1,"2019-10-23 04:10:04","2024-01-29 03:35:19",A,,,"<p>- Get Sample Material in your inbox</p>

<p>- Regular career guidance on email</p>

<p>- Sample Exercises</p>

<p>- Five very useful lessons</p>

<p>- No certification</p>",1,N,N,N,N,0,30810,0,,N,N,0,N
61,23,27,3,"2019-10-23 04:10:45","2020-11-19 04:17:10",A,150000,,"<p>- Access to all of Lawsikho.com&#39;s courses for 4 years (including new courses launched in this period)</p>

<p>- Immunity from future price increases for 4 years</p>

<p>- Complimentary access to members-only paid Facebook group for exclusive career opportunities and content</p>

<p>- Inclusion of templates and lessons on your request on a priority basis</p>

<p>- Priority pass for personal coaching, doubt-clearing, customer-support</p>

<p>- Free passes and invitations to all Lawsikho events and meet-ups across India</p>

<p>- Direct mentorship from Ramanuj and Abhyuday</p>

<p>- Personal feedback on as many assignments as you want</p>

<p>- Access to Lawsikho alumni network</p>

<p>- Priority processing for articles submitted to iPleaders blog and Superlawyer interview recommendations</p>",2,N,N,Y,N,0,30810,NULL,,Y,N,0,N
62,2,25,3,"2019-10-23 04:44:21","2020-11-19 04:16:32",A,150000,,"<p>- Access to all of Lawsikho.com&#39;s courses for 4 years (including new courses launched in this period)</p>

<p>- Immunity from future price increases for 4 years</p>

<p>- Complimentary access to members-only paid Facebook group for exclusive career opportunities and content</p>

<p>- Inclusion of templates and lessons on your request on a priority basis</p>

<p>- Priority pass for personal coaching, doubt-clearing, customer-support</p>

<p>- Free passes and invitations to all Lawsikho events and meet-ups across India</p>

<p>- Direct mentorship from Ramanuj and Abhyuday</p>

<p>- Personal feedback on as many assignments as you want</p>

<p>- Access to Lawsikho alumni network</p>

<p>- Priority processing for articles submitted to iPleaders blog and Superlawyer interview recommendations</p>",3,N,N,Y,N,0,45375,NULL,,Y,N,0,N
63,22,22,1,"2019-10-23 05:42:05","2019-11-15 02:31:25",A,0,,"<p>- Get Sample Material in your inbox</p>

<p>- Regular career guidance on email</p>

<p>- Sample Exercises</p>

<p>- Five very useful lessons</p>

<p>- No certification</p>",NULL,Y,N,N,N,0,,NULL,,Y,N,NULL,N
64,22,22,2,"2019-10-23 05:44:20","2020-11-28 03:02:17",A,30000,28000,"<p>- Printed study material (by courier)</p>

<p>- 2 practical exercises/ Drafting exercises per week (50 weeks)</p>

<p>- 10 writing assignments (10 weeks)</p>

<p>- 1 online live class/week (50 weeks)</p>

<p>- Get digital access to entire study material</p>

<p>- Access on LMS, Android &amp; iOS app</p>

<p>- Instructor feedback on assignments</p>

<p>- Doubt clearing on WhatsApp, LMS &amp; classes</p>

<p>- Instructor led course with online live classes</p>

<p>- Online exams (give exams as per your convenience on given time slots)</p>

<p>- Certificate (by courier)</p>

<p>- CV enhancement</p>

<p>- Coaching for professional networking</p>

<p>- Internship &amp; job Support</p>

<p>- Interview preparation support</p>

<p>- Networking with students &amp; alumni</p>

<p>- Content access for 3 years</p>

<p>- Doubt clearing within 24 hours</p>

<p>- Top performers are recommended for jobs and client opportunities</p>",NULL,N,Y,N,Y,2,84615,NULL,,Y,N,0,N
65,22,NULL,3,"2019-10-23 05:45:02","2020-11-19 04:16:07",A,150000,,"<p style="text-align: justify;">Access to all of Lawsikho.com&#39;s courses for 4 years (including new courses launched in this period)</p>

<p style="text-align: justify;">- Immunity from future price increases for 4 years</p>

<p style="text-align: justify;">- Complimentary access to members-only paid Facebook group for exclusive career opportunities and content</p>

<p style="text-align: justify;">- Inclusion of templates and lessons on your request on a priority basis</p>

<p style="text-align: justify;">- Priority pass for personal coaching, doubt-clearing, customer-support</p>

<p style="text-align: justify;">- Free passes and invitations to all Lawsikho events and meet-ups across India</p>

<p style="text-align: justify;">- Direct mentorship from Ramanuj and Abhyuday</p>

<p style="text-align: justify;">- Personal feedback on as many assignments as you want</p>

<p style="text-align: justify;">- Access to Lawsikho alumni network</p>

<p style="text-align: justify;">- Priority processing for articles submitted to iPleaders blog and Superlawyer interview recommendations</p>",NULL,N,N,Y,N,0,,NULL,,Y,N,0,N
66,25,53,2,"2019-10-24 05:12:32","2020-05-29 07:15:10",A,100000,,"<p style="text-align: justify;">3 months offline Bootcamp training<br />
Receive stipend from 2nd month (subject to performance)<br />
Improve your CV and LinkedIn profile<br />
Improve your research and writing skills<br />
Access various kinds of training materials<br />
Build a portfolio of work<br />
Publish your articles online<br />
Get mentors and build professional relationships<br />
Get live coaching and improve everyday</p>",NULL,N,Y,N,N,0,,NULL,,N,N,0,N
67,25,53,3,"2019-10-24 05:15:33","2020-11-19 04:15:29",A,150000,,"<p>-Access to all of Lawsikho.com&#39;s courses for 4 years (including new courses launched in this period)<br />
- Immunity from future price increases for 4 years<br />
- Complimentary access to members-only paid Facebook group for exclusive career opportunities and content<br />
- Inclusion of templates and lessons on your request on a priority basis<br />
- Priority pass for personal coaching, doubt-clearing, customer-support<br />
- Free passes and invitations to all Lawsikho events and meet-ups across India<br />
- Direct mentorship from Ramanuj and Abhyuday<br />
- Personal feedback on as many assignments as you want<br />
- Access to Lawsikho alumni network<br />
- Priority processing for articles submitted to iPleaders blog and Superlawyer interview recommendations</p>",NULL,N,N,Y,N,0,,NULL,,Y,N,0,N
68,24,17,1,"2019-10-24 06:44:11","2019-10-24 19:10:32",A,0,,"<p>- Get Sample Material in your inbox<br />
- Regular career guidance on email<br />
- Sample Exercises<br />
- Five very useful lessons<br />
- No certification</p>",1,Y,Y,Y,N,0,,NULL,NULL,Y,N,NULL,N
69,24,17,2,"2019-10-24 07:14:36","2019-10-24 19:10:32",A,118,,"<p>- Carry in Materials Guides<br />
- Question Pappers from Dec. &#39;13<br />
- 13 Mock Tests&nbsp;<br />
- Barhacker Report: New AIBE Pattern<br />
- Course Content<br />
-Hacksheets(TM)<br />
-Money Back Guarantee</p>",2,Y,Y,Y,N,0,5248,NULL,NULL,Y,N,NULL,N
70,24,17,3,"2019-10-24 07:15:40","2020-11-19 04:14:50",A,150000,,"<p>- Access to all of Lawsikho.com&#39;s courses for 4 years (including new courses launched in this period)<br />
- Immunity from future price increases for 4 years<br />
- Complimentary access to members-only paid Facebook group for exclusive career opportunities and content<br />
- Inclusion of templates and lessons on your request on a priority basis<br />
- Priority pass for personal coaching, doubt-clearing, customer-support<br />
- Free passes and invitations to all Lawsikho events and meet-ups across India<br />
- Direct mentorship from Ramanuj and Abhyuday<br />
- Personal feedback on as many assignments as you want<br />
- Access to Lawsikho alumni network<br />
- Priority processing for articles submitted to iPleaders blog and Superlawyer interview recommendations</p>",3,N,N,Y,N,0,5248,NULL,,Y,N,0,N
71,26,50,1,"2019-10-25 03:11:33","2020-06-01 17:06:10",A,0,,"<p>- Get Sample Material in your inbox</p>

<p>- Regular career guidance on email</p>

<p>- Sample Exercises</p>

<p>- Five very useful lessons</p>

<p>- No certification</p>",1,N,N,N,N,0,,NULL,,N,N,0,N
72,26,50,2,"2019-10-25 03:12:49","2020-06-01 17:06:10",A,4000,,"<p>- Get digital access to entire study material</p>

<p>- Exercises provided - for self evaluation</p>

<p>- Certificate (by courier)</p>

<p>- No Live classes</p>

<p>- Content access for 1 year</p>

<p>- Doubt clearing within 48 hours</p>",2,N,N,N,N,0,41945,NULL,,Y,N,0,N
73,26,50,3,"2019-10-25 03:13:25","2020-11-19 04:14:13",A,150000,,"<p>- Access to all of Lawsikho.com&#39;s courses for 4 years (including new courses launched in this period)</p>

<p>- Immunity from future price increases for 4 years</p>

<p>- Complimentary access to members-only paid Facebook group for exclusive career opportunities and content</p>

<p>- Inclusion of templates and lessons on your request on a priority basis</p>

<p>- Priority pass for personal coaching, doubt-clearing, customer-support</p>

<p>- Free passes and invitations to all Lawsikho events and meet-ups across India</p>

<p>- Direct mentorship from Ramanuj and Abhyuday</p>

<p>- Personal feedback on as many assignments as you want</p>

<p>- Access to Lawsikho alumni network</p>

<p>- Priority processing for articles submitted to iPleaders blog and Superlawyer interview recommendations</p>",3,N,N,Y,N,0,,NULL,,N,N,0,N
74,27,4,1,"2019-11-12 07:00:16","2020-06-01 17:06:27",A,0,,"<p>- Get Sample Material in your inbox</p>

<p>- Regular career guidance on email</p>

<p>- Sample Exercises</p>

<p>- Five very useful lessons</p>

<p>- No certification</p>",1,N,N,N,N,0,10290,NULL,,N,N,0,N
75,27,4,3,"2019-11-12 07:01:40","2020-11-19 04:13:52",A,150000,,"<p>- Access to all of Lawsikho.com&#39;s courses for 4 years (including new courses launched in this period)</p>

<p>- Immunity from future price increases for 4&nbsp;years</p>

<p>- Complimentary access to members-only paid Facebook group for exclusive career opportunities and content</p>

<p>- Inclusion of templates and lessons on your request on a priority basis</p>

<p>- Priority pass for personal coaching, doubt-clearing, customer-support</p>

<p>- Free passes and invitations to all Lawsikho events and meet-ups across India</p>

<p>- Direct mentorship from Ramanuj and Abhyuday</p>

<p>- Personal feedback on as many assignments as you want</p>

<p>- Access to Lawsikho alumni network</p>

<p>- Priority processing for articles submitted to iPleaders blog and Superlawyer interview recommendations</p>",2,N,N,Y,N,0,10290,NULL,,N,N,0,N
76,28,29,1,"2019-11-12 07:46:33","2020-06-01 17:06:08",A,0,,"<p>- Get Sample Material in your inbox</p>

<p>- Regular career guidance on email</p>

<p>- Sample Exercises</p>

<p>- Five very useful lessons</p>

<p>- No certification</p>",1,N,N,N,N,0,23955,NULL,,N,N,0,N
77,28,29,4,"2019-11-12 07:52:11","2020-06-01 17:06:08",A,5900,,"<p>- Get digital access to entire study material</p>

<p>- Exercises provided - for self evaluation</p>

<p>- Certificate (by courier)</p>

<p>- No Live classes</p>

<p>- Content access for 1 year</p>

<p>- Doubt clearing within 48 hours</p>",2,N,N,N,N,0,23955,NULL,,Y,N,0,N
78,28,29,3,"2019-11-12 07:52:55","2020-11-19 04:12:43",A,150000,,"<p>- Access to all of Lawsikho.com&#39;s courses for 4 years (including new courses launched in this period)</p>

<p>- Immunity from future price increases for 4 years</p>

<p>- Complimentary access to members-only paid Facebook group for exclusive career opportunities and content</p>

<p>- Inclusion of templates and lessons on your request on a priority basis</p>

<p>- Priority pass for personal coaching, doubt-clearing, customer-support</p>

<p>- Free passes and invitations to all Lawsikho events and meet-ups across India</p>

<p>- Direct mentorship from Ramanuj and Abhyuday</p>

<p>- Personal feedback on as many assignments as you want</p>

<p>- Access to Lawsikho alumni network</p>

<p>- Priority processing for articles submitted to iPleaders blog and Superlawyer interview recommendations</p>",3,N,N,Y,N,0,23955,NULL,,N,N,0,N
79,29,20,1,"2019-11-13 12:02:40","2020-07-21 03:24:31",A,0,,"<p>- Get Sample Material in your inbox</p>

<p>- Regular career guidance on email</p>

<p>- Sample Exercises</p>

<p>- Five very useful lessons</p>

<p>- No certification</p>",1,Y,N,N,N,0,14605,NULL,,N,N,0,N
80,29,20,4,"2019-11-13 12:03:46","2020-07-21 03:24:11",A,9440,,"<p>- Get digital access to entire study material</p>

<p>- Exercises provided - for self evaluation</p>

<p>- Certificate (by courier)</p>

<p>- No Live classes</p>

<p>- Content access for 1 year</p>

<p>- Doubt clearing within 48 hours</p>",2,N,Y,N,N,0,14605,NULL,,Y,N,0,N
81,29,20,3,"2019-11-13 12:04:35","2020-11-19 04:09:12",A,150000,,"<p>- Access to all of Lawsikho.com&#39;s courses for 4 years (including new courses launched in this period)</p>

<p>- Immunity from future price increases for 4 years</p>

<p>- Complimentary access to members-only paid Facebook group for exclusive career opportunities and content</p>

<p>- Inclusion of templates and lessons on your request on a priority basis</p>

<p>- Priority pass for personal coaching, doubt-clearing, customer-support</p>

<p>- Free passes and invitations to all Lawsikho events and meet-ups across India</p>

<p>- Direct mentorship from Ramanuj and Abhyuday</p>

<p>- Personal feedback on as many assignments as you want</p>

<p>- Access to Lawsikho alumni network</p>

<p>- Priority processing for articles submitted to iPleaders blog and Superlawyer interview recommendations</p>",3,N,N,Y,N,0,14605,NULL,,N,N,0,N
82,30,5,1,"2019-11-13 12:37:10","2020-08-06 08:25:35",A,0,,"<p>- Get Sample Material in your inbox</p>

<p>- Regular career guidance on email</p>

<p>- Sample Exercises</p>

<p>- Five very useful lessons</p>

<p>- No certification</p>",1,Y,N,N,N,0,,NULL,,N,N,0,N
83,30,5,4,"2019-11-13 12:37:50","2020-08-06 08:14:50",A,11800,,"<p>- Get digital access to entire study material</p>

<p>- Exercises provided - for self evaluation</p>

<p>- Certificate (by courier)</p>

<p>- No Live classes</p>

<p>- Content access for 1 year</p>

<p>- Doubt clearing within 48 hours</p>",2,N,Y,N,N,0,53761,NULL,,Y,N,0,N
84,30,5,3,"2019-11-13 12:38:27","2020-11-19 04:10:34",A,150000,,"<p>- Access to all of Lawsikho.com&#39;s courses for 4 years (including new courses launched in this period)</p>

<p>- Immunity from future price increases for 4 years</p>

<p>- Complimentary access to members-only paid Facebook group for exclusive career opportunities and content</p>

<p>- Inclusion of templates and lessons on your request on a priority basis</p>

<p>- Priority pass for personal coaching, doubt-clearing, customer-support</p>

<p>- Free passes and invitations to all Lawsikho events and meet-ups across India</p>

<p>- Direct mentorship from Ramanuj and Abhyuday</p>

<p>- Personal feedback on as many assignments as you want</p>

<p>- Access to Lawsikho alumni network</p>

<p>- Priority processing for articles submitted to iPleaders blog and Superlawyer interview recommendations</p>",3,N,N,Y,N,0,10818,NULL,,N,N,0,N
85,31,31,1,"2019-11-13 02:22:11","2020-06-01 17:06:20",A,0,,"<p>- Get Sample Material in your inbox</p>

<p>- Regular career guidance on email</p>

<p>- Sample Exercises</p>

<p>- Five very useful lessons</p>

<p>- No certification</p>",1,N,N,N,N,0,10827,NULL,,N,N,0,N
86,31,31,4,"2019-11-13 02:23:14","2020-06-01 17:06:20",A,5900,,"<p>- Get digital access to entire study material</p>

<p>- Exercises provided - for self evaluation</p>

<p>- Certificate (by courier)</p>

<p>- No Live classes</p>

<p>- Content access for 1 year</p>

<p>- Doubt clearing within 48 hours</p>",2,N,N,N,N,0,10827,NULL,,Y,N,0,N
87,31,31,3,"2019-11-13 02:23:55","2020-11-19 04:09:51",A,150000,,"<p>- Access to all of Lawsikho.com&#39;s courses for 4 years (including new courses launched in this period)</p>

<p>- Immunity from future price increases for 4 years</p>

<p>- Complimentary access to members-only paid Facebook group for exclusive career opportunities and content</p>

<p>- Inclusion of templates and lessons on your request on a priority basis</p>

<p>- Priority pass for personal coaching, doubt-clearing, customer-support</p>

<p>- Free passes and invitations to all Lawsikho events and meet-ups across India</p>

<p>- Direct mentorship from Ramanuj and Abhyuday</p>

<p>- Personal feedback on as many assignments as you want</p>

<p>- Access to Lawsikho alumni network</p>

<p>- Priority processing for articles submitted to iPleaders blog and Superlawyer interview recommendations</p>",3,N,N,Y,N,0,10827,NULL,,N,N,0,N
88,32,12,1,"2019-11-13 03:24:53","2020-06-01 17:06:42",A,0,,"<p>
<style type="text/css"><!--td {border: 1px solid #ccc;}br {mso-data-placement:same-cell;}-->
</style>
<span data-sheets-userformat="{&quot;2&quot;:4733,&quot;3&quot;:{&quot;1&quot;:0},&quot;5&quot;:{&quot;1&quot;:[{&quot;1&quot;:2,&quot;2&quot;:0,&quot;5&quot;:[null,2,0]},{&quot;1&quot;:0,&quot;2&quot;:0,&quot;3&quot;:3},{&quot;1&quot;:1,&quot;2&quot;:0,&quot;4&quot;:1}]},&quot;6&quot;:{&quot;1&quot;:[{&quot;1&quot;:2,&quot;2&quot;:0,&quot;5&quot;:[null,2,0]},{&quot;1&quot;:0,&quot;2&quot;:0,&quot;3&quot;:3},{&quot;1&quot;:1,&quot;2&quot;:0,&quot;4&quot;:1}]},&quot;7&quot;:{&quot;1&quot;:[{&quot;1&quot;:2,&quot;2&quot;:0,&quot;5&quot;:[null,2,0]},{&quot;1&quot;:0,&quot;2&quot;:0,&quot;3&quot;:3},{&quot;1&quot;:1,&quot;2&quot;:0,&quot;4&quot;:1}]},&quot;8&quot;:{&quot;1&quot;:[{&quot;1&quot;:2,&quot;2&quot;:0,&quot;5&quot;:[null,2,0]},{&quot;1&quot;:0,&quot;2&quot;:0,&quot;3&quot;:3},{&quot;1&quot;:1,&quot;2&quot;:0,&quot;4&quot;:2}]},&quot;9&quot;:1,&quot;12&quot;:0,&quot;15&quot;:&quot;Verdana&quot;}" data-sheets-value="{&quot;1&quot;:3,&quot;3&quot;:10831}" style="font-family:verdana; font-size:10pt; text-align:center">- Get Sample Material in your inbox</span></p>

<p><span data-sheets-userformat="{&quot;2&quot;:4733,&quot;3&quot;:{&quot;1&quot;:0},&quot;5&quot;:{&quot;1&quot;:[{&quot;1&quot;:2,&quot;2&quot;:0,&quot;5&quot;:[null,2,0]},{&quot;1&quot;:0,&quot;2&quot;:0,&quot;3&quot;:3},{&quot;1&quot;:1,&quot;2&quot;:0,&quot;4&quot;:1}]},&quot;6&quot;:{&quot;1&quot;:[{&quot;1&quot;:2,&quot;2&quot;:0,&quot;5&quot;:[null,2,0]},{&quot;1&quot;:0,&quot;2&quot;:0,&quot;3&quot;:3},{&quot;1&quot;:1,&quot;2&quot;:0,&quot;4&quot;:1}]},&quot;7&quot;:{&quot;1&quot;:[{&quot;1&quot;:2,&quot;2&quot;:0,&quot;5&quot;:[null,2,0]},{&quot;1&quot;:0,&quot;2&quot;:0,&quot;3&quot;:3},{&quot;1&quot;:1,&quot;2&quot;:0,&quot;4&quot;:1}]},&quot;8&quot;:{&quot;1&quot;:[{&quot;1&quot;:2,&quot;2&quot;:0,&quot;5&quot;:[null,2,0]},{&quot;1&quot;:0,&quot;2&quot;:0,&quot;3&quot;:3},{&quot;1&quot;:1,&quot;2&quot;:0,&quot;4&quot;:2}]},&quot;9&quot;:1,&quot;12&quot;:0,&quot;15&quot;:&quot;Verdana&quot;}" data-sheets-value="{&quot;1&quot;:3,&quot;3&quot;:10831}" style="font-family:verdana; font-size:10pt; text-align:center">- Regular career guidance on email</span></p>

<p><span data-sheets-userformat="{&quot;2&quot;:4733,&quot;3&quot;:{&quot;1&quot;:0},&quot;5&quot;:{&quot;1&quot;:[{&quot;1&quot;:2,&quot;2&quot;:0,&quot;5&quot;:[null,2,0]},{&quot;1&quot;:0,&quot;2&quot;:0,&quot;3&quot;:3},{&quot;1&quot;:1,&quot;2&quot;:0,&quot;4&quot;:1}]},&quot;6&quot;:{&quot;1&quot;:[{&quot;1&quot;:2,&quot;2&quot;:0,&quot;5&quot;:[null,2,0]},{&quot;1&quot;:0,&quot;2&quot;:0,&quot;3&quot;:3},{&quot;1&quot;:1,&quot;2&quot;:0,&quot;4&quot;:1}]},&quot;7&quot;:{&quot;1&quot;:[{&quot;1&quot;:2,&quot;2&quot;:0,&quot;5&quot;:[null,2,0]},{&quot;1&quot;:0,&quot;2&quot;:0,&quot;3&quot;:3},{&quot;1&quot;:1,&quot;2&quot;:0,&quot;4&quot;:1}]},&quot;8&quot;:{&quot;1&quot;:[{&quot;1&quot;:2,&quot;2&quot;:0,&quot;5&quot;:[null,2,0]},{&quot;1&quot;:0,&quot;2&quot;:0,&quot;3&quot;:3},{&quot;1&quot;:1,&quot;2&quot;:0,&quot;4&quot;:2}]},&quot;9&quot;:1,&quot;12&quot;:0,&quot;15&quot;:&quot;Verdana&quot;}" data-sheets-value="{&quot;1&quot;:3,&quot;3&quot;:10831}" style="font-family:verdana; font-size:10pt; text-align:center">- Sample Exercises</span></p>

<p><span data-sheets-userformat="{&quot;2&quot;:4733,&quot;3&quot;:{&quot;1&quot;:0},&quot;5&quot;:{&quot;1&quot;:[{&quot;1&quot;:2,&quot;2&quot;:0,&quot;5&quot;:[null,2,0]},{&quot;1&quot;:0,&quot;2&quot;:0,&quot;3&quot;:3},{&quot;1&quot;:1,&quot;2&quot;:0,&quot;4&quot;:1}]},&quot;6&quot;:{&quot;1&quot;:[{&quot;1&quot;:2,&quot;2&quot;:0,&quot;5&quot;:[null,2,0]},{&quot;1&quot;:0,&quot;2&quot;:0,&quot;3&quot;:3},{&quot;1&quot;:1,&quot;2&quot;:0,&quot;4&quot;:1}]},&quot;7&quot;:{&quot;1&quot;:[{&quot;1&quot;:2,&quot;2&quot;:0,&quot;5&quot;:[null,2,0]},{&quot;1&quot;:0,&quot;2&quot;:0,&quot;3&quot;:3},{&quot;1&quot;:1,&quot;2&quot;:0,&quot;4&quot;:1}]},&quot;8&quot;:{&quot;1&quot;:[{&quot;1&quot;:2,&quot;2&quot;:0,&quot;5&quot;:[null,2,0]},{&quot;1&quot;:0,&quot;2&quot;:0,&quot;3&quot;:3},{&quot;1&quot;:1,&quot;2&quot;:0,&quot;4&quot;:2}]},&quot;9&quot;:1,&quot;12&quot;:0,&quot;15&quot;:&quot;Verdana&quot;}" data-sheets-value="{&quot;1&quot;:3,&quot;3&quot;:10831}" style="font-family:verdana; font-size:10pt; text-align:center">- Five very useful lessons</span></p>

<p><span data-sheets-userformat="{&quot;2&quot;:4733,&quot;3&quot;:{&quot;1&quot;:0},&quot;5&quot;:{&quot;1&quot;:[{&quot;1&quot;:2,&quot;2&quot;:0,&quot;5&quot;:[null,2,0]},{&quot;1&quot;:0,&quot;2&quot;:0,&quot;3&quot;:3},{&quot;1&quot;:1,&quot;2&quot;:0,&quot;4&quot;:1}]},&quot;6&quot;:{&quot;1&quot;:[{&quot;1&quot;:2,&quot;2&quot;:0,&quot;5&quot;:[null,2,0]},{&quot;1&quot;:0,&quot;2&quot;:0,&quot;3&quot;:3},{&quot;1&quot;:1,&quot;2&quot;:0,&quot;4&quot;:1}]},&quot;7&quot;:{&quot;1&quot;:[{&quot;1&quot;:2,&quot;2&quot;:0,&quot;5&quot;:[null,2,0]},{&quot;1&quot;:0,&quot;2&quot;:0,&quot;3&quot;:3},{&quot;1&quot;:1,&quot;2&quot;:0,&quot;4&quot;:1}]},&quot;8&quot;:{&quot;1&quot;:[{&quot;1&quot;:2,&quot;2&quot;:0,&quot;5&quot;:[null,2,0]},{&quot;1&quot;:0,&quot;2&quot;:0,&quot;3&quot;:3},{&quot;1&quot;:1,&quot;2&quot;:0,&quot;4&quot;:2}]},&quot;9&quot;:1,&quot;12&quot;:0,&quot;15&quot;:&quot;Verdana&quot;}" data-sheets-value="{&quot;1&quot;:3,&quot;3&quot;:10831}" style="font-family:verdana; font-size:10pt; text-align:center">- No certification</span></p>",1,N,N,N,N,0,10831,NULL,,N,N,0,N
89,32,12,4,"2019-11-13 03:25:37","2020-06-01 17:06:42",A,5900,,"<p>- Get digital access to entire study material</p>

<p>- Exercises provided - for self evaluation</p>

<p>- Certificate (by courier)</p>

<p>- No Live classes</p>

<p>- Content access for 1 year</p>

<p>- Doubt clearing within 48 hours</p>",2,N,N,N,N,0,10831,NULL,,Y,N,0,N
90,32,12,3,"2019-11-13 03:26:12","2020-11-19 04:09:26",A,150000,,"<p>- Access to all of Lawsikho.com&#39;s courses for 4 years (including new courses launched in this period)</p>

<p>- Immunity from future price increases for 4 years</p>

<p>- Complimentary access to members-only paid Facebook group for exclusive career opportunities and content</p>

<p>- Inclusion of templates and lessons on your request on a priority basis</p>

<p>- Priority pass for personal coaching, doubt-clearing, customer-support</p>

<p>- Free passes and invitations to all Lawsikho events and meet-ups across India</p>

<p>- Direct mentorship from Ramanuj and Abhyuday</p>

<p>- Personal feedback on as many assignments as you want</p>

<p>- Access to Lawsikho alumni network</p>

<p>- Priority processing for articles submitted to iPleaders blog and Superlawyer interview recommendations</p>",3,N,N,Y,N,0,10831,NULL,,N,N,0,N
91,33,14,1,"2019-11-13 03:55:38","2020-06-01 17:06:14",A,0,,"<p>- Get Sample Material in your inbox</p>

<p>- Regular career guidance on email</p>

<p>- Sample Exercises</p>

<p>- Five very useful lessons</p>

<p>- No certification</p>",1,N,N,N,N,0,10841,NULL,,N,N,0,N
92,33,14,4,"2019-11-13 03:56:15","2020-06-01 17:06:14",A,5900,,"<p>- Get digital access to entire study material</p>

<p>- Exercises provided - for self evaluation</p>

<p>- Certificate (by courier)</p>

<p>- No Live classes</p>

<p>- Content access for 1 year</p>

<p>- Doubt clearing within 48 hours</p>",2,N,N,N,N,0,10841,NULL,,Y,N,0,N
93,33,14,3,"2019-11-13 03:56:56","2020-11-19 04:08:03",A,150000,,"<p>- Access to all of Lawsikho.com&#39;s courses for 4 years (including new courses launched in this period)</p>

<p>- Immunity from future price increases for 4 years</p>

<p>- Complimentary access to members-only paid Facebook group for exclusive career opportunities and content</p>

<p>- Inclusion of templates and lessons on your request on a priority basis</p>

<p>- Priority pass for personal coaching, doubt-clearing, customer-support</p>

<p>- Free passes and invitations to all Lawsikho events and meet-ups across India</p>

<p>- Direct mentorship from Ramanuj and Abhyuday</p>

<p>- Personal feedback on as many assignments as you want</p>

<p>- Access to Lawsikho alumni network</p>

<p>- Priority processing for articles submitted to iPleaders blog and Superlawyer interview recommendations</p>",3,N,N,Y,N,0,10841,NULL,,N,N,0,N
94,34,15,1,"2019-11-14 12:07:15","2020-06-01 17:06:02",A,0,,"<p>- Get Sample Material in your inbox</p>

<p>- Regular career guidance on email</p>

<p>- Sample Exercises</p>

<p>- Five very useful lessons</p>

<p>- No certification</p>",1,N,N,N,N,0,11436,NULL,,N,N,0,N
95,34,15,3,"2019-11-14 12:07:52","2020-11-19 04:07:40",A,150000,,"<p>- Access to all of Lawsikho.com&#39;s courses for 4 years (including new courses launched in this period)</p>

<p>- Immunity from future price increases for 4 years</p>

<p>- Complimentary access to members-only paid Facebook group for exclusive career opportunities and content</p>

<p>- Inclusion of templates and lessons on your request on a priority basis</p>

<p>- Priority pass for personal coaching, doubt-clearing, customer-support</p>

<p>- Free passes and invitations to all Lawsikho events and meet-ups across India</p>

<p>- Direct mentorship from Ramanuj and Abhyuday</p>

<p>- Personal feedback on as many assignments as you want</p>

<p>- Access to Lawsikho alumni network</p>

<p>- Priority processing for articles submitted to iPleaders blog and Superlawyer interview recommendations</p>",3,N,N,Y,N,0,11436,NULL,,N,N,0,N
96,34,15,4,"2019-11-14 12:08:28","2020-06-01 17:06:02",A,5900,,"<p>- Get digital access to entire study material</p>

<p>- Exercises provided - for self evaluation</p>

<p>- Certificate (by courier)</p>

<p>- No Live classes</p>

<p>- Content access for 1 year</p>

<p>- Doubt clearing within 48 hours</p>",2,N,N,N,N,0,11436,NULL,,Y,N,0,N
97,35,9,1,"2019-11-14 12:41:21","2020-06-01 17:06:47",A,0,,"<p>- Get Sample Material in your inbox</p>

<p>- Regular career guidance on email</p>

<p>- Sample Exercises</p>

<p>- Five very useful lessons</p>

<p>- No certification</p>",1,N,N,N,N,0,10824,NULL,,N,N,0,N
98,35,9,4,"2019-11-14 12:41:56","2020-06-01 17:06:47",A,5900,,"<p>- Get digital access to entire study material</p>

<p>- Exercises provided - for self evaluation</p>

<p>- Certificate (by courier)</p>

<p>- No Live classes</p>

<p>- Content access for 1 year</p>

<p>- Doubt clearing within 48 hours</p>",2,N,N,N,N,0,10824,NULL,,N,N,0,N
99,35,9,3,"2019-11-14 12:42:38","2020-11-19 04:06:19",A,150000,,"<p>- Access to all of Lawsikho.com&#39;s courses for 4 years (including new courses launched in this period)</p>

<p>- Immunity from future price increases for 4 years</p>

<p>- Complimentary access to members-only paid Facebook group for exclusive career opportunities and content</p>

<p>- Inclusion of templates and lessons on your request on a priority basis</p>

<p>- Priority pass for personal coaching, doubt-clearing, customer-support</p>

<p>- Free passes and invitations to all Lawsikho events and meet-ups across India</p>

<p>- Direct mentorship from Ramanuj and Abhyuday</p>

<p>- Personal feedback on as many assignments as you want</p>

<p>- Access to Lawsikho alumni network</p>

<p>- Priority processing for articles submitted to iPleaders blog and Superlawyer interview recommendations</p>",3,N,N,Y,N,0,10824,NULL,,N,N,0,N
100,36,8,1,"2019-11-14 01:12:09","2020-06-01 17:06:44",A,0,,"<p>- Get Sample Material in your inbox</p>

<p>- Regular career guidance on email</p>

<p>- Sample Exercises</p>

<p>- Five very useful lessons</p>

<p>- No certification</p>",1,N,N,N,N,0,10822,NULL,,N,N,0,N
101,36,8,4,"2019-11-14 01:12:45","2020-06-01 17:06:44",A,5900,,"<p>- Get digital access to entire study material</p>

<p>- Exercises provided - for self evaluation</p>

<p>- Certificate (by courier)</p>

<p>- No Live classes</p>

<p>- Content access for 1 year</p>

<p>- Doubt clearing within 48 hours</p>",2,N,N,N,N,0,10822,NULL,,Y,N,0,N
102,36,8,3,"2019-11-14 01:13:20","2020-11-19 04:05:40",A,150000,,"<p>- Access to all of Lawsikho.com&#39;s courses for 4 years (including new courses launched in this period)</p>

<p>- Immunity from future price increases for 4 years</p>

<p>- Complimentary access to members-only paid Facebook group for exclusive career opportunities and content</p>

<p>- Inclusion of templates and lessons on your request on a priority basis</p>

<p>- Priority pass for personal coaching, doubt-clearing, customer-support</p>

<p>- Free passes and invitations to all Lawsikho events and meet-ups across India</p>

<p>- Direct mentorship from Ramanuj and Abhyuday</p>

<p>- Personal feedback on as many assignments as you want</p>

<p>- Access to Lawsikho alumni network</p>

<p>- Priority processing for articles submitted to iPleaders blog and Superlawyer interview recommendations</p>",3,N,N,Y,N,0,10822,NULL,,N,N,0,N
103,37,21,1,"2019-11-14 02:22:05","2019-11-18 11:11:11",A,0,,"<p>- Get Sample Material in your inbox</p>

<p>- Regular career guidance on email</p>

<p>- Sample Exercises</p>

<p>- Five very useful lessons</p>

<p>- No certification</p>",1,Y,N,N,N,0,17090,NULL,,N,N,NULL,N
104,37,21,4,"2019-11-14 02:22:39","2020-02-28 07:28:19",A,9440,,"<p>- Get digital access to entire study material</p>

<p>- Exercises provided - for self evaluation</p>

<p>- Certificate (by courier)</p>

<p>- No Live classes</p>

<p>- Content access for 1 year</p>

<p>- Doubt clearing within 48 hours</p>",3,N,Y,N,N,0,17090,NULL,,Y,N,NULL,N
105,37,21,3,"2019-11-14 02:23:10","2020-11-19 04:05:11",A,150000,,"<p>- Access to all of Lawsikho.com&#39;s courses for 4 years (including new courses launched in this period)</p>

<p>- Immunity from future price increases for 4 years</p>

<p>- Complimentary access to members-only paid Facebook group for exclusive career opportunities and content</p>

<p>- Inclusion of templates and lessons on your request on a priority basis</p>

<p>- Priority pass for personal coaching, doubt-clearing, customer-support</p>

<p>- Free passes and invitations to all Lawsikho events and meet-ups across India</p>

<p>- Direct mentorship from Ramanuj and Abhyuday</p>

<p>- Personal feedback on as many assignments as you want</p>

<p>- Access to Lawsikho alumni network</p>

<p>- Priority processing for articles submitted to iPleaders blog and Superlawyer interview recommendations</p>",2,N,N,Y,N,0,17090,NULL,,N,N,0,N
106,38,6,1,"2019-11-14 02:37:38","2020-06-01 17:06:02",A,0,,"<p>- Get Sample Material in your inbox</p>

<p>- Regular career guidance on email</p>

<p>- Sample Exercises</p>

<p>- Five very useful lessons</p>

<p>- No certification</p>",1,N,N,N,N,0,5341,NULL,,N,N,0,N
107,38,6,4,"2019-11-14 02:38:12","2020-06-01 17:06:02",A,5900,,"<p>- Get digital access to entire study material</p>

<p>- Exercises provided - for self evaluation</p>

<p>- Certificate (by courier)</p>

<p>- No Live classes</p>

<p>- Content access for 1 year</p>

<p>- Doubt clearing within 48 hours</p>",2,N,N,N,N,0,5341,NULL,,Y,N,0,N
108,38,6,3,"2019-11-14 02:38:59","2020-11-19 04:04:44",A,150000,,"<p>- Access to all of Lawsikho.com&#39;s courses for 4 years (including new courses launched in this period)</p>

<p>- Immunity from future price increases for 4 years</p>

<p>- Complimentary access to members-only paid Facebook group for exclusive career opportunities and content</p>

<p>- Inclusion of templates and lessons on your request on a priority basis</p>

<p>- Priority pass for personal coaching, doubt-clearing, customer-support</p>

<p>- Free passes and invitations to all Lawsikho events and meet-ups across India</p>

<p>- Direct mentorship from Ramanuj and Abhyuday</p>

<p>- Personal feedback on as many assignments as you want</p>

<p>- Access to Lawsikho alumni network</p>

<p>- Priority processing for articles submitted to iPleaders blog and Superlawyer interview recommendations</p>",3,N,N,Y,N,0,5341,NULL,,N,N,0,N
109,39,19,1,"2019-11-15 12:35:36","2020-06-01 04:57:32",A,0,,"<p>- Get Sample Material in your inbox</p>

<p>- Regular career guidance on email</p>

<p>- Sample Exercises</p>

<p>- Five very useful lessons</p>

<p>- No certification</p>",1,N,N,N,N,0,10698,NULL,,N,N,0,N
110,39,19,4,"2019-11-15 12:36:11","2020-06-01 04:56:42",A,9440,,"<p>- Get digital access to entire study material</p>

<p>- Exercises provided - for self evaluation</p>

<p>- Certificate (by courier)</p>

<p>- No Live classes</p>

<p>- Content access for 1 year</p>

<p>- Doubt clearing within 48 hours</p>",3,N,N,N,N,0,10698,NULL,,Y,N,0,N
111,39,19,3,"2019-11-15 12:36:42","2020-11-19 04:03:39",A,150000,,"<p>- Access to all of Lawsikho.com&#39;s courses for 4 years (including new courses launched in this period)</p>

<p>- Immunity from future price increases for 4 years</p>

<p>- Complimentary access to members-only paid Facebook group for exclusive career opportunities and content</p>

<p>- Inclusion of templates and lessons on your request on a priority basis</p>

<p>- Priority pass for personal coaching, doubt-clearing, customer-support</p>

<p>- Free passes and invitations to all Lawsikho events and meet-ups across India</p>

<p>- Direct mentorship from Ramanuj and Abhyuday</p>

<p>- Personal feedback on as many assignments as you want</p>

<p>- Access to Lawsikho alumni network</p>

<p>- Priority processing for articles submitted to iPleaders blog and Superlawyer interview recommendations</p>",2,N,N,Y,N,0,10698,NULL,,N,N,0,N
112,40,3,1,"2019-11-15 12:54:22","2020-06-01 17:06:33",A,0,,"<p>- Get Sample Material in your inbox</p>

<p>- Regular career guidance on email</p>

<p>- Sample Exercises</p>

<p>- Five very useful lessons</p>

<p>- No certification</p>",1,N,N,N,N,0,8458,NULL,,N,N,0,N
113,40,3,4,"2019-11-15 12:55:30","2020-06-01 17:06:33",A,5900,,"<p>- Get digital access to entire study material</p>

<p>- Exercises provided - for self evaluation</p>

<p>- Certificate (by courier)</p>

<p>- No Live classes</p>

<p>- Content access for 1 year</p>

<p>- Doubt clearing within 48 hours</p>",2,N,N,N,N,0,8458,NULL,,Y,N,0,N
114,40,3,3,"2019-11-15 12:56:00","2020-11-19 04:03:21",A,150000,,"<p>- Access to all of Lawsikho.com&#39;s courses for 4 years (including new courses launched in this period)</p>

<p>- Immunity from future price increases for 4 years</p>

<p>- Complimentary access to members-only paid Facebook group for exclusive career opportunities and content</p>

<p>- Inclusion of templates and lessons on your request on a priority basis</p>

<p>- Priority pass for personal coaching, doubt-clearing, customer-support</p>

<p>- Free passes and invitations to all Lawsikho events and meet-ups across India</p>

<p>- Direct mentorship from Ramanuj and Abhyuday</p>

<p>- Personal feedback on as many assignments as you want</p>

<p>- Access to Lawsikho alumni network</p>

<p>- Priority processing for articles submitted to iPleaders blog and Superlawyer interview recommendations</p>",3,N,N,Y,N,0,8458,NULL,,N,N,0,N
115,41,10,1,"2019-11-15 01:20:18","2020-06-01 17:06:33",A,0,,"<p>- Get Sample Material in your inbox</p>

<p>- Regular career guidance on email</p>

<p>- Sample Exercises</p>

<p>- Five very useful lessons</p>

<p>- No certification</p>",1,N,N,N,N,0,10829,NULL,,N,N,0,N
116,41,10,4,"2019-11-15 01:20:48","2020-06-01 17:06:33",A,11800,,"<p style="text-align: justify;">- Get digital access to entire study material</p>

<p style="text-align: justify;">- Exercises provided - for self evaluation</p>

<p style="text-align: justify;">- Certificate (by courier)</p>

<p style="text-align: justify;">- No Live classes</p>

<p style="text-align: justify;">- Content access for 1 year</p>

<p style="text-align: justify;">- Doubt clearing within 48 hours</p>",2,N,N,N,N,0,10829,NULL,,Y,N,0,N
117,41,10,3,"2019-11-15 01:21:20","2020-11-19 04:02:51",A,150000,,"<p>- Access to all of Lawsikho.com&#39;s courses for 4 years (including new courses launched in this period)</p>

<p>- Immunity from future price increases for 4 years</p>

<p>- Complimentary access to members-only paid Facebook group for exclusive career opportunities and content</p>

<p>- Inclusion of templates and lessons on your request on a priority basis</p>

<p>- Priority pass for personal coaching, doubt-clearing, customer-support</p>

<p>- Free passes and invitations to all Lawsikho events and meet-ups across India</p>

<p>- Direct mentorship from Ramanuj and Abhyuday</p>

<p>- Personal feedback on as many assignments as you want</p>

<p>- Access to Lawsikho alumni network</p>

<p>- Priority processing for articles submitted to iPleaders blog and Superlawyer interview recommendations</p>",3,N,N,Y,N,0,10829,NULL,,N,N,0,N
118,42,11,1,"2019-11-15 03:00:14","2020-06-01 17:06:51",A,0,,"<p>- Get Sample Material in your inbox</p>

<p>- Regular career guidance on email</p>

<p>- Sample Exercises</p>

<p>- Five very useful lessons</p>

<p>- No certification</p>",1,N,N,N,N,0,10830,NULL,,N,N,0,N
119,42,11,4,"2019-11-15 03:00:46","2020-06-01 17:06:51",A,5900,,"<p>- Get digital access to entire study material</p>

<p>- Exercises provided - for self evaluation</p>

<p>- Certificate (by courier)</p>

<p>- No Live classes</p>

<p>- Content access for 1 year</p>

<p>- Doubt clearing within 48 hours</p>",2,N,N,N,N,0,10830,NULL,,Y,N,0,N
120,42,11,3,"2019-11-15 03:01:20","2020-11-19 04:01:52",A,150000,,"<p>- Access to all of Lawsikho.com&#39;s courses for 4 years (including new courses launched in this period)</p>

<p>- Immunity from future price increases for 4 years</p>

<p>- Complimentary access to members-only paid Facebook group for exclusive career opportunities and content</p>

<p>- Inclusion of templates and lessons on your request on a priority basis</p>

<p>- Priority pass for personal coaching, doubt-clearing, customer-support</p>

<p>- Free passes and invitations to all Lawsikho events and meet-ups across India</p>

<p>- Direct mentorship from Ramanuj and Abhyuday</p>

<p>- Personal feedback on as many assignments as you want</p>

<p>- Access to Lawsikho alumni network</p>

<p>- Priority processing for articles submitted to iPleaders blog and Superlawyer interview recommendations</p>",3,N,N,Y,N,0,10830,NULL,,N,N,0,N
121,61,33,1,"2019-11-21 09:27:46","2020-06-01 05:00:25",A,0,,"<p>- Get Sample Material in your inbox<br />
- Regular career guidance on email<br />
- Sample Exercises<br />
- Five very useful lessons<br />
- No certification</p>",1,N,N,N,N,0,24284,NULL,,N,N,0,N
122,61,33,4,"2019-11-21 09:28:23","2020-06-01 05:00:16",A,5900,,"<p>- Get digital access to entire study material<br />
- Exercises provided - for self evaluation<br />
- Certificate (by courier)<br />
- No Live classes<br />
- Content access for 1 year<br />
- Doubt clearing within 48 hours</p>",2,N,N,N,N,0,24284,NULL,,Y,N,0,N
123,61,33,3,"2019-11-21 09:29:32","2020-11-19 04:00:47",A,150000,,"<p>- Access to all of Lawsikho.com&#39;s courses for 4 years (including new courses launched in this period)</p>

<p>- Immunity from future price increases for 4 years</p>

<p>- Complimentary access to members-only paid Facebook group for exclusive career opportunities and content</p>

<p>- Inclusion of templates and lessons on your request on a priority basis</p>

<p>- Priority pass for personal coaching, doubt-clearing, customer-support</p>

<p>- Free passes and invitations to all Lawsikho events and meet-ups across India</p>

<p>- Direct mentorship from Ramanuj and Abhyuday</p>

<p>- Personal feedback on as many assignments as you want</p>

<p>- Access to Lawsikho alumni network</p>

<p>- Priority processing for articles submitted to iPleaders blog and Superlawyer interview recommendations</p>",3,N,N,Y,N,0,24284,NULL,,N,N,0,N
124,62,2,1,"2019-11-22 12:16:08","2020-06-01 05:00:52",A,0,,"<p>- Get Sample Material in your inbox<br />
- Regular career guidance on email<br />
- Sample Exercises<br />
- Five very useful lessons<br />
- No certification</p>",1,N,N,N,N,0,8163,NULL,,N,N,0,N
125,62,2,4,"2019-11-22 12:16:41","2020-06-01 05:00:44",A,9440,,"<p>- Get digital access to entire study material<br />
- Exercises provided - for self evaluation<br />
- Certificate (by courier)<br />
- No Live classes<br />
- Content access for 1 year<br />
- Doubt clearing within 48 hours</p>",2,N,N,N,N,0,8163,NULL,,Y,N,0,N
126,62,2,3,"2019-11-22 12:17:11","2020-11-19 03:59:48",A,150000,,"<p>- Access to all of Lawsikho.com&#39;s courses for 4 years (including new courses launched in this period)</p>

<p>- Immunity from future price increases for 4 years</p>

<p>- Complimentary access to members-only paid Facebook group for exclusive career opportunities and content</p>

<p>- Inclusion of templates and lessons on your request on a priority basis</p>

<p>- Priority pass for personal coaching, doubt-clearing, customer-support</p>

<p>- Free passes and invitations to all Lawsikho events and meet-ups across India</p>

<p>- Direct mentorship from Ramanuj and Abhyuday</p>

<p>- Personal feedback on as many assignments as you want</p>

<p>- Access to Lawsikho alumni network</p>

<p>- Priority processing for articles submitted to iPleaders blog and Superlawyer interview recommendations</p>",3,N,N,Y,N,0,8163,NULL,,N,N,0,N
127,63,NULL,3,"2019-12-09 04:15:24","2020-11-20 04:55:04",A,150000,,"<p>- Access to all of Lawsikho.com&#39;s courses for 4 years (including new courses launched in this period)</p>

<p>- Immunity from future price increases for 4 years</p>

<p>- Complimentary access to members-only paid Facebook group for exclusive career opportunities and content</p>

<p>- Inclusion of templates and lessons on your request on a priority basis</p>

<p>- Priority pass for personal coaching, doubt-clearing, customer-support</p>

<p>- Free passes and invitations to all Lawsikho events and meet-ups across India</p>

<p>- Personal feedback on as many assignments as you want</p>

<p>- Access to Lawsikho alumni network</p>

<p>- Priority processing for articles submitted to iPleaders blog and Superlawyer interview recommendations</p>",1,N,Y,N,N,0,37504,NULL,,N,N,0,N
128,67,32,1,"2019-12-10 03:33:27","2020-03-28 12:03:20",A,0,,"<p>- Get Sample Material in your inbox<br />
- Regular career guidance on email<br />
- Sample Exercises<br />
- Five very useful lessons<br />
- No certification</p>",1,Y,N,N,N,0,11467,NULL,,N,N,NULL,N
129,67,32,4,"2019-12-10 03:34:12","2020-03-28 12:03:20",A,118,,"<p>- Networking with LawSikho<br />
- Doubt clearing in 24-48 hours<br />
- Content Access for 1 year</p>",2,N,N,N,N,0,11467,NULL,,Y,N,NULL,N
130,67,32,3,"2019-12-10 03:34:50","2020-11-19 03:59:20",A,150000,,"<p>- Access to all of Lawsikho.com&#39;s courses for 4 years (including new courses launched in this period)</p>

<p>- Immunity from future price increases for 4 years</p>

<p>- Complimentary access to members-only paid Facebook group for exclusive career opportunities and content</p>

<p>- Inclusion of templates and lessons on your request on a priority basis</p>

<p>- Priority pass for personal coaching, doubt-clearing, customer-support</p>

<p>- Free passes and invitations to all Lawsikho events and meet-ups across India</p>

<p>- Direct mentorship from Ramanuj and Abhyuday</p>

<p>- Personal feedback on as many assignments as you want</p>

<p>- Access to Lawsikho alumni network</p>

<p>- Priority processing for articles submitted to iPleaders blog and Superlawyer interview recommendations</p>",3,N,N,Y,N,0,,NULL,,N,N,0,N
131,68,NULL,1,"2019-12-10 03:47:17","2019-12-10 15:12:43",A,0,,"<p>- Get Sample Material in your inbox<br />
- Regular career guidance on email</p>",1,Y,N,N,N,0,8586,NULL,,N,N,NULL,N
132,68,NULL,4,"2019-12-10 03:47:52","2020-02-28 07:31:17",A,500,,"<p>- Web, Android and iOS<br />
- Content Access for 1 year</p>",3,N,Y,N,N,0,8586,NULL,,Y,N,NULL,N
133,68,NULL,3,"2019-12-10 03:48:27","2020-11-19 03:59:02",A,150000,,"<p>- Access to all of Lawsikho.com&#39;s courses for 4 years (including new courses launched in this period)</p>

<p>- Immunity from future price increases for 4 years</p>

<p>- Complimentary access to members-only paid Facebook group for exclusive career opportunities and content</p>

<p>- Inclusion of templates and lessons on your request on a priority basis</p>

<p>- Priority pass for personal coaching, doubt-clearing, customer-support</p>

<p>- Free passes and invitations to all Lawsikho events and meet-ups across India</p>

<p>- Direct mentorship from Ramanuj and Abhyuday</p>

<p>- Personal feedback on as many assignments as you want</p>

<p>- Access to Lawsikho alumni network</p>

<p>- Priority processing for articles submitted to iPleaders blog and Superlawyer interview recommendations</p>",2,N,N,Y,N,0,8586,NULL,,N,N,0,N
134,69,17,1,"2019-12-10 06:22:25","2020-05-30 15:05:22",A,0,,"<p>- Get Sample Material in your inbox<br />
- Regular career guidance on email<br />
- Sample Exercises<br />
- Five very useful lessons<br />
- No certification</p>",1,Y,N,N,N,0,5248,NULL,,N,N,NULL,N
135,69,17,2,"2019-12-10 06:23:45","2020-05-30 15:05:22",A,5310,,"<p>- Carry in Materials Guides<br />
- Question Papers from Dec. &#39;13<br />
- 13 Mock Tests<br />
- Barhacker Report: New AIBE Pattern<br />
- Course Content<br />
- 15-Minute Expert Consultation<br />
- Hacksheets(TM)<br />
- We guarantee that you will pass this exam if you use our course. If you will fail, we will refund your money.</p>",2,N,Y,N,N,0,5248,NULL,,Y,N,0,N
136,69,17,3,"2019-12-10 06:24:18","2020-05-30 15:05:22",D,150000,,"<p>- Access to all of Lawsikho.com&#39;s courses for 5 years (including new courses launched in this period)</p>

<p>- Immunity from future price increases for 5 years</p>

<p>- Complimentary access to members-only paid Facebook group for exclusive career opportunities and content</p>

<p>- Inclusion of templates and lessons on your request on a priority basis</p>

<p>- Priority pass for personal coaching, doubt-clearing, customer-support</p>

<p>- Free passes and invitations to all Lawsikho events and meet-ups across India</p>

<p>- Direct mentorship from Ramanuj and Abhyuday</p>

<p>- Personal feedback on as many assignments as you want</p>

<p>- Access to Lawsikho alumni network</p>

<p>- Priority processing for articles submitted to iPleaders blog and Superlawyer interview recommendations</p>",4,N,N,Y,N,0,,NULL,,N,N,NULL,N
137,70,45,2,"2019-12-10 07:11:58","2021-01-19 04:32:43",A,4999,,"<p>- 1 live-video based online classes per week (1 hour) total 8 classes.</p>",1,N,Y,N,N,0,10826,NULL,,Y,N,0,N
138,70,45,3,"2019-12-10 07:12:58","2020-11-19 03:58:31",A,150000,,"<p>- Access to all of Lawsikho.com&#39;s courses for 4 years (including new courses launched in this period)</p>

<p>- Immunity from future price increases for 4 years</p>

<p>- Complimentary access to members-only paid Facebook group for exclusive career opportunities and content</p>

<p>- Inclusion of templates and lessons on your request on a priority basis</p>

<p>- Priority pass for personal coaching, doubt-clearing, customer-support</p>

<p>- Free passes and invitations to all Lawsikho events and meet-ups across India</p>

<p>- Direct mentorship from Ramanuj and Abhyuday</p>

<p>- Personal feedback on as many assignments as you want</p>

<p>- Access to Lawsikho alumni network</p>

<p>- Priority processing for articles submitted to iPleaders blog and Superlawyer interview recommendations</p>",2,N,N,Y,N,0,10826,NULL,,N,N,0,N
139,71,63,1,"2019-12-10 07:42:30","2020-07-24 16:07:28",A,0,,"<p>- Get Sample Material in your inbox<br />
- Regular career guidance on email<br />
- Sample Exercises<br />
- Five very useful lessons<br />
- No certification</p>",1,Y,N,N,N,0,10817,NULL,,N,N,NULL,N
140,71,63,3,"2019-12-10 07:43:50","2020-11-19 03:57:56",A,150000,,"<p>- Access to all of Lawsikho.com&#39;s courses for 4 years (including new courses launched in this period)</p>

<p>- Immunity from future price increases for 4 years</p>

<p>- Complimentary access to members-only paid Facebook group for exclusive career opportunities and content</p>

<p>- Inclusion of templates and lessons on your request on a priority basis</p>

<p>- Priority pass for personal coaching, doubt-clearing, customer-support</p>

<p>- Free passes and invitations to all Lawsikho events and meet-ups across India</p>

<p>- Direct mentorship from Ramanuj and Abhyuday</p>

<p>- Personal feedback on as many assignments as you want</p>

<p>- Access to Lawsikho alumni network</p>

<p>- Priority processing for articles submitted to iPleaders blog and Superlawyer interview recommendations</p>",3,N,N,Y,N,0,10817,NULL,,N,N,0,N
141,72,54,2,"2020-01-20 02:08:03","2020-12-16 07:55:55",A,21000,20000,"<p>- Printed study material (by courier)</p>

<p>- 1 online live class/ week (12 weeks)</p>

<p>- 2 practical or drafting exercises per week (9 weeks)</p>

<p>- 3 writing assignments (3 weeks)</p>

<p>- Get digital access to entire study material</p>

<p>- Access on LMS, Android &amp; iOS app</p>

<p>- Instructor feedback on exercises</p>

<p>- Doubt clearing on WhatsApp, LMS &amp; classes</p>

<p>- Self-paced courses</p>

<p>- Online exams (give exams as per your convenience on given dates)</p>

<p>- Certificate (by courier)</p>

<p>- CV enhancement</p>

<p>- Coaching for professional networking</p>

<p>- Training for writing and publishing articles</p>

<p>- Internship &amp; Job Support</p>

<p>- Interview preparation guidance</p>

<p>- Networking with other students &amp; alumni</p>

<p>- Access to updated content online for 3 years</p>

<p>- Doubt clearing within 24 hours</p>

<p>- Top students are recommended to law firms and companies</p>

<p>- Internship and job support available</p>",2,N,Y,N,Y,2,85076,NULL,,Y,N,0,N
142,72,54,1,"2020-01-20 02:09:44","2020-01-20 14:01:41",A,0,,"<p>- Get Sample Material in your inbox</p>

<p>- Regular career guidance on email</p>

<p>- Sample Exercises</p>

<p>- Five very useful lessons</p>

<p>- No certification</p>",1,Y,N,N,N,0,,NULL,,N,N,NULL,N
143,72,54,3,"2020-01-20 02:11:04","2020-11-19 03:58:03",A,150000,,"<p>- Access to all of Lawsikho.com&#39;s courses for 4 years (including new courses launched in this period)</p>

<p>- Immunity from future price increases for 4 years</p>

<p>- Complimentary access to members-only paid Facebook group for exclusive career opportunities and content</p>

<p>- Inclusion of templates and lessons on your request on a priority basis</p>

<p>- Priority pass for personal coaching, doubt-clearing, customer-support</p>

<p>- Free passes and invitations to all Lawsikho events and meet-ups across India</p>

<p>- Direct mentorship from Ramanuj and Abhyuday</p>

<p>- Personal feedback on as many assignments as you want</p>

<p>- Access to Lawsikho alumni network</p>

<p>- Priority processing for articles submitted to iPleaders blog and Superlawyer interview recommendations</p>",3,N,N,Y,N,0,,NULL,,N,N,0,N
144,73,59,2,"2020-02-21 06:52:28","2020-07-16 16:07:16",A,150000,,"<p>- Instructor led course with online live classes<br />
- Special problem solving sessions<br />
- Life coaching and mentorship<br />
- Model answers for past year judiciary exams<br />
- Regular online tests and instructor feedback on assignments for judiciary course<br />
- Individual strategies and focus areas to crack exams<br />
- Training for writing judgements, other important applications and notices and essays<br />
- Get digital access to entire study material<br />
- Access on LMS, Android or iOS app<br />
- Doubt clearing on WhatsApp, LMS &amp; in classes<br />
- Doubt clearing within 24 hours<br />
- Guidance for legal practice development<br />
- CV enhancement<br />
- Coaching for professional networking<br />
- Internship &amp; Job Support<br />
- Interview preparation guidance<br />
- Networking with other students &amp; alumni<br />
- Access to updated content online for 3 years<br />
- Top students are recommended to litigators, law firms and companies for practical exposure</p>",6,N,Y,N,N,0,53745,NULL,,Y,N,NULL,N
145,73,59,6,"2020-03-23 12:53:40","2020-07-16 16:07:16",D,150000,50000,"<p>- Instructor led course with online live classes<br />
- Special problem solving sessions<br />
- Life coaching and mentorship<br />
- Model answers for past year judiciary exams<br />
- Regular online tests and instructor feedback on assignments for judiciary course<br />
- Individual strategies and focus areas to crack exams<br />
- Training for writing judgements, other important applications and notices and essays<br />
- Get digital access to entire study material<br />
- Access on LMS, Android or iOS app<br />
- Doubt clearing on WhatsApp, LMS &amp; in classes<br />
- Doubt clearing within 24 hours<br />
- Guidance for legal practice development<br />
- CV enhancement<br />
- Coaching for professional networking<br />
- Internship &amp; Job Support<br />
- Interview preparation guidance<br />
- Networking with other students &amp; alumni<br />
- Access to updated content online for 3 years<br />
- Top students are recommended to litigators, law firms and companies for practical exposure</p>",5,N,Y,N,N,0,,NULL,,Y,N,NULL,N
146,74,56,2,"2020-03-25 08:41:07","2020-06-06 02:57:29",A,16000,,"<p>- Instructor-led course with 2 online live classes/ week (4 weeks)</p>

<p>- 3&nbsp;practical drafting exercises per week (4 weeks)</p>

<p>- 1 writing assignment to write and publish an article</p>

<p>- Get digital access to entire study material</p>

<p>- Access on LMS, Android &amp; iOS app</p>

<p>- Instructor feedback on assignments</p>

<p>- Doubt clearing on WhatsApp, LMS &amp; classes</p>

<p>- Online MCQ-based final test (in addition to weekly exercises)&nbsp;</p>

<p>- Certificate (by courier)</p>

<p>- CV enhancement and networking guidance</p>

<p>- Training for writing and publishing articles</p>

<p>- Internship &amp; Job Support available</p>

<p>- Top students are recommended to law firms and companies</p>

<p>- Interview preparation guidance</p>

<p>- Networking with other students &amp; alumni</p>

<p>- Access to updated content online for 3 years</p>

<p>- Doubt clearing within 24 hours</p>",1,N,Y,N,N,0,60339,NULL,,Y,N,0,N
147,74,56,3,"2020-03-25 08:52:05","2020-11-19 03:57:03",A,150000,,"<p>- Access to all of Lawsikho.com&#39;s courses for 4 years (including new courses launched in this period)</p>

<p>- Immunity from future price increases for 4 years</p>

<p>- Complimentary access to members-only paid Facebook group for exclusive career opportunities and content</p>

<p>- Inclusion of templates and lessons on your request on a priority basis</p>

<p>- Priority pass for personal coaching, doubt-clearing, customer-support</p>

<p>- Free passes and invitations to all Lawsikho events and meet-ups across India</p>

<p>- Direct mentorship from Ramanuj and Abhyuday</p>

<p>- Personal feedback on as many assignments as you want</p>

<p>- Access to Lawsikho alumni network</p>

<p>- Priority processing for articles submitted to iPleaders blog and Superlawyer interview recommendations</p>",2,N,N,Y,N,0,,NULL,https://lawsikho.com/course/master-access,N,N,0,N
148,74,56,1,"2020-03-31 02:19:20","0000-00-00 00:00:00",A,0,,"<p>- Get Sample Material in your inbox</p>

<p>- Regular career guidance on email</p>

<p>- Sample Exercises</p>

<p>- Five very useful lessons</p>

<p>- No certification</p>",NULL,Y,N,N,N,0,,NULL,,N,N,NULL,N
149,73,NULL,7,"2020-04-06 06:22:54","0000-00-00 00:00:00",D,12000,,"<p><span style="color:rgb(34, 34, 34); font-family:arial,helvetica,sans-serif; font-size:small">- Book your seat now&nbsp;<br />
- Only 10 students will get scholarship<br />
- Get access to whole package worth INR 150000 for INR 60000<br />
- Get special assistance as a LawSikho scholar and improve your chances to crack the exam</span></p>",3,N,Y,N,N,0,,NULL,,Y,N,0,N
150,75,57,2,"2020-04-08 05:38:29","2021-01-16 01:21:36",A,26000,25000,"<p>- Printed study material (by courier)</p>

<p>- 1 online live class/ week (24 weeks)</p>

<p>- 2 practical or drafting exercises per week (18 weeks)</p>

<p>- 3 writing assignments (6 weeks)</p>

<p>- Get digital access to entire study material</p>

<p>- Access on LMS, Android &amp; iOS app</p>

<p>- Instructor feedback on assignments</p>

<p>- Doubt clearing on WhatsApp, LMS &amp; classes</p>

<p>- Instructor led course with online live classes</p>

<p>- Online exams (give exams as per your convenience on given time slots)</p>

<p>- Certificate (by courier)</p>

<p>- CV enhancement</p>

<p>- Coaching for professional networking</p>

<p>- Training for writing and publishing articles</p>

<p>- Internship &amp; Job Support</p>

<p>- Interview preparation guidance</p>

<p>- Networking with other students &amp; alumni</p>

<p>- Access to updated content online for 3 years</p>

<p>- Doubt clearing within 24 hours</p>

<p>- Top students are recommended to law firms and companies</p>

<p>- Internship and job support available</p>",2,N,Y,N,Y,2,80965,NULL,,Y,N,0,N
151,75,57,1,"2020-04-10 02:52:57","2020-07-29 11:07:16",A,0,,"<p>- Get Sample Material in your inbox</p>

<p>- Regular career guidance on email</p>

<p>- Sample Exercises</p>

<p>- Five very useful lessons</p>

<p>- No certification</p>",1,Y,N,N,N,0,,NULL,,N,N,NULL,N
152,76,58,2,"2020-04-10 05:57:38","2020-12-09 01:39:31",A,9000,,"<p>-&nbsp;&nbsp;Printed study material (by courier)</p>

<p>- 1&nbsp;online live class/ week (8 weeks)</p>

<p>- 1 practical or drafting exercises per week (8&nbsp;weeks)</p>

<p>- 1 writing assignment&nbsp;</p>

<p>- Get digital access to entire study material</p>

<p>- Access on LMS, Android &amp; iOS app</p>

<p>- Instructor feedback on assignments</p>

<p>- Doubt clearing on WhatsApp, LMS &amp; classes</p>

<p>- Instructor led course with online live classes</p>

<p>- Online exams (give exams as per your convenience on given time slots)</p>

<p>- Certificate (by courier)</p>

<p>- CV enhancement</p>

<p>- Coaching for professional networking</p>

<p>- Training for writing and publishing articles</p>

<p>- Internship &amp; Job Support</p>

<p>- Interview preparation guidance</p>

<p>- Networking with other students &amp; alumni</p>

<p>- Access to updated content online for 3 years</p>

<p>- Doubt clearing within 24 hours</p>

<p>- Top students are recommended to law firms and companies</p>

<p>- Internship and job support available</p>",2,N,Y,N,N,0,86958,NULL,,Y,N,0,N
153,73,NULL,8,"2020-04-15 12:50:27","2021-01-06 11:32:34",D,150000,60000,"<p dir="ltr" style="line-height: 2.4; margin-top: 10pt; margin-bottom: 10pt;">- Get scholarship upto INR 100000<br />
- Get access to complete package worth INR 150000 for INR 60000 as a LawSikho scholar</p>

<p dir="ltr" style="line-height: 2.4; margin-top: 10pt; margin-bottom: 10pt;">- Two years access for Judiciary course and one year access for complementary courses<br />
- Special access to mentors and additional support classes for LawSikho scholars<br />
- Special attention on the weakness and strengths of the LawSikho scholars to ensure their success<br />
- Bulletproof study plan for LawSikho scholars<br />
- Instructor led course with online live classes<br />
- Special problem solving sessions<br />
- Life coaching and mentorship<br />
- Model answers for past year judiciary exams<br />
- Regular online tests and instructor feedback on assignments for judiciary course<br />
- Individual strategies and focus areas to crack exams<br />
- Training for writing judgements, other important applications and notices and essays<br />
- Get digital access to entire study material<br />
- Access on LMS, Android or iOS app<br />
- Doubt clearing on WhatsApp, LMS &amp; in classes<br />
- Doubt clearing within 24 hours<br />
- Guidance for legal practice development<br />
- CV enhancement<br />
- Coaching for professional networking<br />
- Internship &amp; Job Support<br />
- Interview preparation guidance<br />
- Networking with other students &amp; alumni<br />
- Access to updated content online for 3 years<br />
- Top students are recommended to litigators, law firms and companies for practical exposure</p>",4,N,Y,N,N,0,53745,NULL,,Y,N,0,Y
154,76,58,1,"2020-04-20 12:36:01","2020-07-29 11:07:40",A,0,,"<p>- Get Sample Material in your inbox</p>

<p>- Regular career guidance on email</p>

<p>- Sample Exercises</p>

<p>- Five very useful lessons</p>

<p>- No certification</p>",1,Y,N,N,N,0,,NULL,,N,N,NULL,N
155,77,NULL,2,"2020-05-02 01:32:25","2020-06-01 06:09:32",A,15000,14000,"<p>This a test course for testing new email template</p>",1,N,Y,N,Y,2,8402,NULL,,N,N,0,N
156,78,60,4,"2020-05-04 04:40:01","2020-08-07 12:08:01",D,5000,,"<p>- Course Price INR: 5000/month (12 months)<br />
- Printed study material (by courier) (INR 1500)<br />
- 1 practical exercise/ drafting exercises per week (48 weeks)<br />
- 1 writing assignments per week (48 weeks)<br />
- 1 public speaking exercise per week (48 weeks)<br />
- 3 online live class per week (48 weeks)<br />
- Get digital access to entire study material<br />
- Access on LMS, Android &amp; iOS app<br />
- Instructor feedback on assignments<br />
- Doubt clearing on WhatsApp, LMS &amp; classes<br />
- Instructor led course with online live classes<br />
- Online exams (give exams as per your convenience on given time slots)<br />
- Certificate (by courier)<br />
- CV enhancement<br />
- Coaching for professional networking<br />
- Internship<br />
- Interview preparation support<br />
- Networking with students &amp; alumni<br />
- Content access for 3 years<br />
- Doubt clearing within 24 hours</p>",2,N,Y,N,N,0,60198,NULL,,Y,N,0,N
157,78,60,2,"2020-05-04 04:41:02","2021-01-02 01:50:40",A,50000,,"<p>- Printed study material (by courier)<br />
- 1 practical exercise/ drafting exercises per week (48 weeks)<br />
- 1 writing assignments per week (48 weeks)<br />
- 1 public speaking exercise per week (48 weeks)<br />
- 3 online live class per week (48 weeks)<br />
- Get digital access to entire study material<br />
- Access on LMS, Android &amp; iOS app<br />
- Instructor feedback on assignments<br />
- Doubt clearing on WhatsApp, LMS &amp; classes<br />
- Instructor led course with online live classes<br />
- Online exams (give exams as per your convenience on given time slots)<br />
- Certificate (by courier)<br />
- CV enhancement<br />
- Coaching for professional networking<br />
- Internship<br />
- Interview preparation support<br />
- Networking with students &amp; alumni<br />
- Content access for 3 years<br />
- Doubt clearing within 24 hours</p>",3,N,Y,N,N,0,88646,NULL,,Y,N,0,N
158,24,17,4,"2020-05-13 01:29:03","0000-00-00 00:00:00",D,2000,,"<p>coming soon...</p>",NULL,Y,N,N,N,0,,NULL,,N,N,NULL,N
159,69,17,5,"2020-05-13 01:32:30","2020-05-30 15:05:22",A,7500,,"<p>- Everything in standard, plus:<br />
- Weekly classrooms on preparation strategy, how to find answers to specific types of questions, doubt-clearing sessions (see the detailed list above)<br />
- Special weekly classrooms on last-minute preparation strategy in the last month</p>",3,N,Y,N,N,0,,NULL,,N,N,NULL,N
160,79,1,3,"2020-05-29 07:04:07","2025-02-11 08:25:45",A,150000,140000,"<div class="enrlCrd"><span class="prc">INR 1,50,000 <span>(inclusive of all costs)</span></span> Payment plan: INR 25,000 for 6 months
<div>Discounted price (for lump sum payment): INR 1,25,000</div>
</div>",1,N,Y,N,Y,2,,19987,,Y,N,0,N
161,81,NULL,2,"2020-06-08 06:16:01","2020-06-08 18:06:47",A,1000,,"<div class="enrlCrd"><span class="prc">INR 1,000 <span>(all-inclusive)</span></span> Date: June 15 and June 16
<div>June 15: 7 pm - 10 pm</div>

<div>June 16: 7 pm - 9 pm</div>
</div>",1,N,Y,N,N,0,,NULL,,N,N,0,N
162,82,62,2,"2020-06-09 01:47:45","2020-12-17 01:37:16",A,500,,"<div class="enrlCrd"><span class="prc">INR 500&nbsp;<span>(all-inclusive)</span></span>&nbsp;Date: 18th December
<div>Time: 6&nbsp;pm to 9&nbsp;pm</div>
</div>",1,N,Y,N,N,0,66904,NULL,,Y,N,0,N
163,83,NULL,2,"2020-06-09 07:13:42","2020-06-09 19:06:51",A,1000,,"<div class="enrlCrd"><span class="prc">INR 1,000 <span>(all-inclusive)</span></span> Date: June 18 and June 20
<div>June 00: 0 pm - 00 pm</div>

<div>June 00: 0 pm - 00 pm</div>
</div>",1,N,Y,N,N,0,,NULL,,N,N,0,N
164,84,NULL,2,"2020-06-17 11:21:31","2020-06-17 11:06:00",A,1000,,"<div class="enrlCrd"><span class="prc">INR 1,000 <span>(all-inclusive)</span></span> Date: June 18 and June 20
<div>June 18: 7 pm - 10 pm</div>

<div>June 20: 7 pm - 9 pm</div>
</div>",1,N,Y,N,N,0,,NULL,,N,N,0,N
165,85,NULL,2,"2020-06-17 11:42:17","2020-06-17 11:06:43",A,1000,,"<div class="enrlCrd"><span class="prc">INR 1,000 <span>(all-inclusive)</span></span> Date: June 18 and June 20
<div>June 18: 7 pm - 10 pm</div>

<div>June 20: 7 pm - 9 pm</div>
</div>",1,N,Y,N,N,0,,NULL,,N,N,0,N
166,86,NULL,2,"2020-06-17 11:54:58","2020-06-17 11:06:19",A,1000,,"<div class="enrlCrd"><span class="prc">INR 1,000 <span>(all-inclusive)</span></span> Date: June 18 and June 20
<div>June 18: 7 pm - 10 pm</div>

<div>June 20: 7 pm - 9 pm</div>
</div>",1,N,Y,N,N,0,,NULL,,N,N,0,N
167,87,NULL,2,"2020-06-17 12:31:35","2020-06-17 12:06:51",A,1000,,"<div class="enrlCrd"><span class="prc">INR 1,000 <span>(all-inclusive)</span></span> Date: June 18 and June 20
<div>June 18: 7 pm - 10 pm</div>

<div>June 20: 7 pm - 9 pm</div>
</div>",1,N,Y,N,N,0,,NULL,,N,N,0,N
168,88,62,2,"2020-06-17 12:42:45","2020-06-17 12:06:00",A,1000,,"<div class="enrlCrd"><span class="prc">INR 1,000 <span>(all-inclusive)</span></span> Date: June 18 and June 20
<div>June 18: 7 pm - 10 pm</div>

<div>June 20: 7 pm - 9 pm</div>
</div>",1,N,Y,N,N,0,,NULL,,N,N,0,N
169,78,60,1,"2020-06-18 08:17:24","2020-08-07 12:08:01",A,0,,"<p>- Get Sample Material in your inbox</p>

<p>- Regular career guidance on email</p>

<p>- Sample Exercises</p>

<p>- Five very useful lessons</p>

<p>- No certification</p>",1,Y,N,N,N,0,,NULL,,N,N,0,N
170,89,NULL,2,"2020-06-25 03:50:41","2020-09-16 04:28:37",A,25000,,"<p>- 2&nbsp;online live class/ week (12 weeks)<br />
- Over 6000 MCQs to practice<br />
- Get digital access to entire study material<br />
- Access on LMS, Android &amp; iOS app<br />
- Doubt clearing on WhatsApp, LMS &amp; classes<br />
- Instructor led course with online live classes<br />
- Internship &amp; Job Support<br />
- Interview preparation guidance<br />
- Networking with other students &amp; alumni<br />
- Access to updated content online for 3 years<br />
- Doubt clearing within 24 hours</p>

<p>&nbsp;</p>",1,N,Y,N,N,0,79407,NULL,,N,N,0,N
171,90,NULL,2,"2020-06-29 07:53:01","2020-06-29 08:22:41",A,100,,"<p>- Instructor led course with online live Interactive&nbsp; classes<br />
- Special problem solving interactive live sessions.&nbsp;<br />
- Regular online tests.<br />
- Individual strategies and focus areas to crack exams<br />
- Get digital access to entire study material&nbsp;<br />
- Access on LMS, Android or iOS app</p>

<p>&nbsp;</p>",1,N,Y,N,N,0,65796,NULL,,N,N,0,N
172,73,NULL,9,"2020-07-06 08:17:23","2020-08-07 12:29:19",D,5000,,"<p>One month access for:</p>

<p>- Instructor led course with online live classes<br />
- Special problem solving sessions<br />
- Life coaching and mentorship<br />
- Model answers for past year judiciary exams<br />
- Regular online tests and instructor feedback on assignments for judiciary course<br />
- Individual strategies and focus areas to crack exams<br />
- Training for writing judgements, other important applications and notices and essays<br />
- Get digital access to entire study material<br />
- Access on LMS, Android or iOS app<br />
- Doubt clearing on WhatsApp, LMS &amp; in classes<br />
- Doubt clearing within 24 hours<br />
- Guidance for legal practice development<br />
- CV enhancement<br />
- Coaching for professional networking<br />
- Interview preparation guidance<br />
- Networking with other students &amp; alumni<br />
- Top students are recommended to litigators, law firms and companies for practical exposure</p>",2,N,Y,N,N,0,53745,NULL,,Y,N,0,N
173,91,65,2,"2020-07-08 09:17:39","2023-06-28 04:23:57",A,3000,,"<div class="enrlCrd"><span class="prc">INR 3,000 <span>(inclusive of all costs)</span></span> Course Duration: 1 month
<div>Access to study materials: 3 months</div>
Class frequency: Once per week<br />
Class duration: 1 - 1.5 hours<br />
Class timing range :8-9 pm on weekdays or Saturdays, or on Sundays</div>",1,N,Y,N,Y,3,69112,19821,,Y,N,0,N
174,92,66,2,"2020-07-10 09:33:56","2024-05-31 01:03:23",A,3000,,"<div class="enrlCrd"><span class="prc">INR 3,000 <span>(inclusive of all costs)</span></span> Course Duration: 1 month
<div>Access to study materials: 3 months</div>
Class frequency: Once per week<br />
Class duration: 1 - 1.5 hours<br />
Class timing range :8-9 pm on weekdays or Saturdays, or on Sundays</div>",1,N,Y,N,Y,2,71468,19822,,Y,N,0,N
175,73,NULL,1,"2020-07-16 04:55:57","2020-12-14 05:34:47",D,0,,"<p>- Get Sample Material in your inbox</p>

<p>- Regular career guidance on email</p>

<p>- Five very useful lessons</p>

<p>- No certification</p>",1,Y,N,N,N,0,,NULL,,N,N,0,N
176,93,67,2,"2020-07-18 04:05:56","2020-08-14 09:10:35",A,3000,,"<div class="enrlCrd"><span class="prc">INR 3,000 <span>(inclusive of all costs)</span></span> Course Duration: 1 month
<div>Access to study materials: 3 months</div>
Class frequency: Once per week<br />
Class duration: 1 - 1.5 hours<br />
Class timing range :8-9 pm on weekdays or Saturdays, or on Sundays</div>",1,N,Y,N,N,0,71463,NULL,,Y,N,0,N
177,94,68,2,"2020-07-20 04:14:37","2024-03-18 01:28:27",A,3000,,"<div class="enrlCrd"><span class="prc">INR 3,000 <span>(inclusive of all costs)</span></span> Course Duration: 1 month
<div>Access to study materials: 3 months</div>
Class frequency: Once per week<br />
Class duration: 1 - 1.5 hours<br />
Class timing range :8-9 pm on weekdays or Saturdays, or on Sundays</div>",1,N,Y,N,N,0,72598,19934,,Y,N,0,N
178,95,27,2,"2020-07-22 02:20:38","2020-12-02 11:05:36",A,21000,20000,"<p>- Printed study material (by courier)</p>

<p>- 1 online live class/ week (24 weeks)</p>

<p>- 2 practical or drafting exercises per week (18 weeks)</p>

<p>- 6&nbsp;writing assignments (6 weeks)</p>

<p>- Get digital access to entire study material</p>

<p>- Access on LMS, Android &amp; iOS app</p>

<p>- Instructor feedback on assignments</p>

<p>- Doubt clearing on WhatsApp, LMS &amp; classes</p>

<p>- Instructor led course with online live classes</p>

<p>- Online exams (give exams as per your convenience on given time slots)</p>

<p>- Certificate (by courier)</p>

<p>- CV enhancement</p>

<p>- Coaching for professional networking</p>

<p>- Training for writing and publishing articles</p>

<p>- Internship &amp; Job Support</p>

<p>- Interview preparation guidance</p>

<p>- Networking with other students &amp; alumni</p>

<p>- Access to updated content online for 3 years</p>

<p>- Doubt clearing within 24 hours</p>

<p>- Top students are recommended to law firms and companies</p>

<p>- Internship and job support available</p>",2,N,Y,N,Y,2,84619,NULL,,Y,N,0,N
179,95,27,1,"2020-07-22 09:02:43","2020-07-22 21:07:24",A,0,,"<p>- Get Sample Material in your inbox</p>

<p>- Regular career guidance on email</p>

<p>- Sample Exercises</p>

<p>- Five very useful lessons</p>

<p>- No certification</p>",1,Y,N,N,N,0,,NULL,,N,N,0,N
180,95,27,3,"2020-07-22 09:04:26","2020-11-19 03:56:28",A,150000,,"<p>- Access to all of Lawsikho.com&#39;s courses for 4 years (including new courses launched in this period)</p>

<p>- Immunity from future price increases for 4 years</p>

<p>- Complimentary access to members-only paid Facebook group for exclusive career opportunities and content</p>

<p>- Inclusion of templates and lessons on your request on a priority basis</p>

<p>- Priority pass for personal coaching, doubt-clearing, customer-support</p>

<p>- Free passes and invitations to all Lawsikho events and meet-ups across India</p>

<p>- Direct mentorship from Ramanuj and Abhyuday</p>

<p>- Personal feedback on as many assignments as you want</p>

<p>- Access to Lawsikho alumni network</p>

<p>- Priority processing for articles submitted to iPleaders blog and Superlawyer interview recommendations</p>",3,N,N,Y,N,0,,NULL,https://lawsikho.com/course/master-access,N,N,0,N
181,71,63,2,"2020-07-24 04:16:59","2020-07-28 12:34:16",A,11800,,"<p>- Practical or drafting exercises available on assignment portal&nbsp;<br />
- Assignments to be solved with the help of pre-recorded videos and study materials<br />
- In-line written feedback by evaluators<br />
- 1 writing assignment with training on writing and publication<br />
- Get digital access to entire study material with templates<br />
- Access on LMS, Android &amp; iOS app for 3 years (including updates)<br />
- 3 doubt clearing classes (1&nbsp; every month for 3 months)<br />
- 3 Bonus Live Online Classes on POSH work to be in the next 6 months (recordings will also be made available)<br />
- Online MCQ test as per your convenience<br />
- Complete any 3 assignments (i.e. 6 exercises), MCQ test and write one article to pass.<br />
- Physical certificate (by courier)<br />
- Networking with other students &amp; alumni</p>",2,N,Y,N,N,0,72295,NULL,,Y,N,0,N
182,76,58,3,"2020-07-29 11:44:51","2020-11-19 03:55:55",A,150000,,"<p>- Access to all of Lawsikho.com&#39;s courses for 4 years (including new courses launched in this period)</p>

<p>- Immunity from future price increases for 4 years</p>

<p>- Complimentary access to members-only paid Facebook group for exclusive career opportunities and content</p>

<p>- Inclusion of templates and lessons on your request on a priority basis</p>

<p>- Priority pass for personal coaching, doubt-clearing, customer-support</p>

<p>- Free passes and invitations to all Lawsikho events and meet-ups across India</p>

<p>- Direct mentorship from Ramanuj and Abhyuday</p>

<p>- Personal feedback on as many assignments as you want</p>

<p>- Access to Lawsikho alumni network</p>

<p>- Priority processing for articles submitted to iPleaders blog and Superlawyer interview recommendations</p>",3,N,N,Y,N,0,,NULL,,N,N,0,N
183,75,57,3,"2020-07-29 11:49:03","2020-11-19 03:55:38",A,150000,,"<p>- Access to all of Lawsikho.com&#39;s courses for 4 years (including new courses launched in this period)</p>

<p>- Immunity from future price increases for 4 years</p>

<p>- Complimentary access to members-only paid Facebook group for exclusive career opportunities and content</p>

<p>- Inclusion of templates and lessons on your request on a priority basis</p>

<p>- Priority pass for personal coaching, doubt-clearing, customer-support</p>

<p>- Free passes and invitations to all Lawsikho events and meet-ups across India</p>

<p>- Direct mentorship from Ramanuj and Abhyuday</p>

<p>- Personal feedback on as many assignments as you want</p>

<p>- Access to Lawsikho alumni network</p>

<p>- Priority processing for articles submitted to iPleaders blog and Superlawyer interview recommendations</p>",3,N,N,Y,N,0,,NULL,,N,N,0,N
184,78,NULL,3,"2020-08-07 12:28:31","2020-11-19 03:55:25",A,150000,,"<p>- Access to all of Lawsikho.com&#39;s courses for 4 years (including new courses launched in this period)</p>

<p>- Immunity from future price increases for 4 years</p>

<p>- Complimentary access to members-only paid Facebook group for exclusive career opportunities and content</p>

<p>- Inclusion of templates and lessons on your request on a priority basis</p>

<p>- Priority pass for personal coaching, doubt-clearing, customer-support</p>

<p>- Free passes and invitations to all Lawsikho events and meet-ups across India</p>

<p>- Direct mentorship from Ramanuj and Abhyuday</p>

<p>- Personal feedback on as many assignments as you want</p>

<p>- Access to Lawsikho alumni network</p>

<p>- Priority processing for articles submitted to iPleaders blog and Superlawyer interview recommendations</p>",4,N,N,Y,N,0,,NULL,https://lawsikho.com/course/master-access,N,N,0,N
185,96,64,2,"2020-08-07 04:26:38","2020-12-17 01:36:50",A,100,,"<div class="enrlCrd"><span class="prc">INR 100&nbsp;<span>(all-inclusive)</span></span>&nbsp;Date: 23rd December
<div>Time: 6&nbsp;pm to 9&nbsp;pm</div>
</div>",1,N,Y,N,N,0,74486,NULL,,Y,N,0,N
186,97,NULL,2,"2020-08-18 10:29:12","2020-09-04 05:11:09",A,3000,,"<p>- Instructor led course with online live classes<br />
- Instructor feedback on assignments for judiciary course<br />
- Individual strategies and focus areas to crack exams<br />
- Get digital access to entire study material<br />
- Access on LMS, Android or iOS app<br />
- Doubt clearing on WhatsApp, LMS &amp; in classes<br />
- Doubt clearing within 24 hours<br />
- Guidance for legal practice development<br />
- Interview preparation guidance<br />
- Access to updated content online for 3 months<br />
- Top students are recommended to litigators, law firms and companies for practical exposure</p>",NULL,N,Y,N,N,0,75093,NULL,,N,N,0,N
187,98,69,2,"2020-09-01 02:45:09","2020-12-26 12:10:19",A,8000,,"<p>- Printed study material (by courier)<br />
- 1 online live class/ week (6 weeks)<br />
- 2 practical or drafting exercises per week (5 weeks)<br />
- 1 writing assignment (1 week)<br />
- Get digital access to entire study material<br />
- Access on LMS, Android &amp; iOS app<br />
- Instructor feedback on assignments<br />
- Doubt clearing on WhatsApp, LMS &amp; classes<br />
- Instructor led course with online live classes<br />
- Online exams (give exams as per your convenience on given time slots)<br />
- Certificate (by courier)<br />
- CV enhancement<br />
- Coaching for professional networking<br />
- Training for writing and publishing articles<br />
- Internship &amp; Job Support<br />
- Interview preparation guidance<br />
- Networking with other students &amp; alumni<br />
- Access to updated content online for 3 years<br />
- Doubt clearing within 24 hours<br />
- Top students are recommended to law firms and companies<br />
- Internship and job support available</p>",1,N,Y,N,N,0,84972,NULL,,Y,N,0,N
188,99,136,2,"2020-09-01 03:47:22","2024-05-23 12:04:36",A,1,,"<p>TEST COURSE</p>",NULL,N,Y,N,N,0,,19934,,N,N,0,N
189,98,69,3,"2020-09-02 12:27:59","2020-11-19 03:55:07",A,150000,,"<p>-Access to all of Lawsikho.com&#39;s courses for 4 years (including new courses launched in this period)</p>

<p>- Immunity from future price increases for 4 years</p>

<p>- Complimentary access to members-only paid Facebook group for exclusive career opportunities and content</p>

<p>- Inclusion of templates and lessons on your request on a priority basis</p>

<p>- Priority pass for personal coaching, doubt-clearing, customer-support</p>

<p>- Free passes and invitations to all Lawsikho events and meet-ups across India</p>

<p>- Direct mentorship from Ramanuj and Abhyuday<br />
- Personal feedback on as many assignments as you want</p>

<p>- Access to Lawsikho alumni network</p>

<p>- Priority processing for articles submitted to iPleaders blog and Superlawyer interview recommendations</p>",2,N,N,Y,N,0,,NULL,https://lawsikho.com/course/master-access,N,N,0,N
190,100,NULL,2,"2020-09-08 02:35:21","2020-09-21 12:19:21",A,999,,"<p>- Online recorded session<br />
- Get digital access to entire study material<br />
- Access on LMS, Android or iOS app<br />
- Doubt clearing on WhatsApp, LMS &amp; in classes<br />
- Doubt clearing within 24 hours<br />
- Guidance for legal practice development<br />
- Interview preparation guidance<br />
- Access to updated content online for 3 months<br />
- Top students are recommended to litigators, law firms and companies for practical exposure<br />
- Online doubt resolution forum<br />
- Placement and Internship support</p>",1,N,Y,N,N,0,75934,NULL,,N,N,0,N
191,101,70,2,"2020-09-11 02:07:31","2020-12-16 07:56:39",A,15000,14000,"<p>- Printed study material (by courier)</p>

<p>- 1 online live class/ week (12 weeks)</p>

<p>- 2 practical or drafting exercises per week (9 weeks)</p>

<p>- 3 writing assignments (3 weeks)</p>

<p>- Get digital access to entire study material</p>

<p>- Access on LMS, Android &amp; iOS app</p>

<p>- Instructor feedback on assignments</p>

<p>- Doubt clearing on WhatsApp, LMS &amp; classes</p>

<p>- Instructor led course with online live classes</p>

<p>- Online exams (give exams as per your convenience on given time slots)</p>

<p>- Certificate (by courier)</p>

<p>- CV enhancement</p>

<p>- Coaching for professional networking</p>

<p>- Training for writing and publishing articles</p>

<p>- Internship &amp; Job Support</p>

<p>- Interview preparation guidance</p>

<p>- Networking with other students &amp; alumni</p>

<p>- Access to updated content online for 3 years</p>

<p>- Doubt clearing within 24 hours</p>

<p>- Top students are recommended to law firms and companies</p>

<p>- Internship and job support available</p>",2,N,Y,N,Y,2,85747,NULL,,Y,N,0,N
192,101,70,3,"2020-09-11 02:08:17","2020-11-28 15:11:02",A,150000,,"<p>- Access to all of Lawsikho.com&#39;s courses for 4 years (including new courses launched in this period)</p>

<p>- Immunity from future price increases for 4 years</p>

<p>- Complimentary access to members-only paid Facebook group for exclusive career opportunities and content</p>

<p>- Inclusion of templates and lessons on your request on a priority basis</p>

<p>- Priority pass for personal coaching, doubt-clearing, customer-support</p>

<p>- Free passes and invitations to all Lawsikho events and meet-ups across India</p>

<p>- Direct mentorship from Ramanuj and Abhyuday</p>

<p>- Personal feedback on as many assignments as you want</p>

<p>- Access to Lawsikho alumni network</p>

<p>- Priority processing for articles submitted to iPleaders blog and Superlawyer interview recommendations</p>",3,N,N,Y,N,0,,NULL,https://lawsikho.com/course/master-access,N,N,0,N
193,102,NULL,2,"2020-09-15 04:37:19","2020-11-30 01:33:30",A,50000,10000,"<p>- 2 online practice live classes/ sessions<br />
- Over 6000 MCQs to practice<br />
- Get digital access to entire study material<br />
- Access on LMS, Android and iOS app<br />
- Doubt clearing on Whatsapp, LMS and classes<br />
- Instructor and Job Support<br />
- Interview preparation guidance<br />
- Networking with other students and alumni<br />
- Access to uploaded content online for 3 years<br />
- Doubt clearing within 24 hours</p>",2,N,Y,N,N,0,79210,NULL,,N,N,0,Y
194,102,NULL,1,"2020-09-15 04:38:15","2020-09-15 16:09:50",A,0,,"<p>- Get Sample Material in your inbox</p>

<p>- Regular career guidance on email</p>

<p>- Sample Exercises</p>

<p>- Five very useful lessons</p>

<p>- No certification</p>",1,Y,N,N,N,0,,NULL,,N,N,0,N
195,103,71,2,"2020-09-18 01:55:43","2025-12-11 04:46:40",A,30000,,"<div class="enrlCrd"><span class="prc">INR 3,000 <span>(inclusive of all costs)</span></span> Course Duration: 1 month
<div>Access to study materials: 3 months</div>
Class frequency: Once per week<br />
Class duration: 1 - 1.5 hours<br />
Class timing range :8-9 pm on weekdays or Saturdays, or on Sundays</div>",1,N,Y,N,N,0,,23807,,Y,N,0,N
196,104,72,2,"2020-09-25 02:17:50","2020-11-25 07:10:00",A,40000,,"<p>- Printed study material (by courier)<br />
- 1 online live class/ week (12 weeks)<br />
- 2 practical or drafting exercises per week (12 weeks)<br />
- 3 writing assignments (3 months)<br />
- Placement and other support services available for 36 months<br />
- Get digital access to entire study material<br />
- Access on LMS, Android &amp; iOS app<br />
- Instructor feedback on assignments<br />
- Doubt clearing on WhatsApp, LMS &amp; classes<br />
- Instructor led course with online live classes<br />
- Online exams (give exams as per your convenience on given time slots)<br />
- Certificate (by courier)<br />
- CV enhancement<br />
- Coaching for professional networking<br />
- Training for writing and publishing articles<br />
- Internship &amp; Job Support<br />
- Interview preparation guidance<br />
- Networking with other students &amp; alumni<br />
- Access to updated content online for 3 years<br />
- Doubt clearing within 24 hours<br />
- Top students are recommended to law firms and companies<br />
- Internship and job support available</p>",1,N,Y,N,N,0,85609,NULL,,Y,N,0,N
197,105,73,2,"2020-10-03 01:51:03","2020-12-30 01:45:23",A,15000,14000,"<p>- Printed study material (by courier)<br />
- 1 online live class/ week (12 weeks)<br />
- 2 practical or drafting exercises per week (9 weeks)<br />
- 3 writing assignments (3 weeks)<br />
- Get digital access to entire study material<br />
- Access on LMS, Android &amp; iOS app<br />
- Instructor-feedback on assignments<br />
- Doubt-clearing on WhatsApp, LMS &amp; classes<br />
- Instructor led course with online live classes<br />
- Online exams (give exams as per your convenience on given time slots)<br />
- Certificate (by courier)<br />
- Placement assistance for internship, jobs and referrals CV enhancement<br />
- Top students are recommended to law firms and companies<br />
- Networking opportunities with other students &amp; alumni and further guidance on professional networking<br />
- Training for writing and publishing articles<br />
- Access to updated content online for 3 years<br />
- Doubt-clearing within 24 hours</p>",2,N,Y,N,Y,2,85990,NULL,,Y,N,0,N
198,106,NULL,2,"2020-10-09 01:25:19","2020-10-22 05:38:22",A,3000,999,"<p>- Online recorded session<br />
- Get digital access to entire study material<br />
- Access on LMS, Android or iOS app<br />
- Doubt clearing on WhatsApp, LMS &amp; in classes<br />
- Doubt clearing within 24 hours<br />
- Guidance for legal practice development<br />
- Interview preparation guidance<br />
- Access to updated content online for 3 months<br />
- Top students are recommended to litigators, law firms and companies for practical exposure<br />
- Online doubt resolution forum<br />
- Placement and Internship support</p>",NULL,N,Y,N,N,0,79206,NULL,,N,N,0,Y
199,107,NULL,2,"2020-10-17 01:31:12","2021-01-09 04:26:59",A,11999,5999,"<p>- Online recorded session<br />
- Get digital access to the entire complimentary study material.&nbsp;<br />
- Access on LMS, Android or iOS app<br />
- Doubt clearing on WhatsApp, LMS &amp; in classes<br />
- Doubt clearing within 24 hours<br />
- Interview preparation guidance<br />
- Access to updated content online for 3 months<br />
- Online doubt resolution forum<br />
- Placement and Internship support</p>",NULL,N,Y,N,N,0,89206,NULL,,N,N,0,Y
200,108,NULL,2,"2020-10-26 05:33:26","2020-11-04 01:37:35",A,168000,,"<p>- Access to all of Lawsikho.com&#39;s courses, including test prep courses for 5 years (including new courses launched in this period)</p>

<p>- Immunity from future price increases for 4 years</p>

<p>- Complimentary access to members-only paid Facebook group for exclusive career opportunities and content</p>

<p>- Inclusion of templates and lessons on your request on a priority basis</p>

<p>- Priority pass for personal coaching, doubt-clearing, customer-support</p>

<p>- Free passes and invitations to all Lawsikho events and meet-ups across India</p>

<p>- Direct mentorship from Ramanuj and Abhyuday</p>

<p>- Personal feedback on as many assignments as you want</p>

<p>- Access to Lawsikho alumni network</p>

<p>- Priority processing for articles submitted to iPleaders blog and Superlawyer interview recommendations</p>",NULL,N,Y,N,N,0,83478,NULL,,Y,N,0,N
201,111,82,2,"2020-11-03 05:36:35","2020-11-03 18:11:30",A,1499,,"<p>- Online recorded session<br />
- Get digital access to entire study material<br />
- Access on LMS, Android or iOS app<br />
- Doubt clearing on WhatsApp, LMS &amp; in classes<br />
- Doubt clearing within 24 hours<br />
- Guidance for legal practice development<br />
- Interview preparation guidance<br />
- Access to updated content online for 3 months<br />
- Top students are recommended to litigators, law firms and companies for practical exposure<br />
- Online doubt resolution forum<br />
- Placement and Internship support</p>",1,N,Y,N,N,0,77630,NULL,,N,N,0,N
202,112,83,2,"2020-11-04 04:13:21","2020-11-04 16:11:44",A,14999,,"<p>- Online recorded session<br />
- Get digital access to the entire complimentary study material.&nbsp;<br />
- Access on LMS, Android or iOS app<br />
- Doubt clearing on WhatsApp, LMS &amp; in classes<br />
- Doubt clearing within 24 hours<br />
- Interview preparation guidance<br />
- Access to updated content online for 3 months<br />
- Online doubt resolution forum<br />
- Placement and Internship support</p>",1,N,Y,N,N,0,79407,NULL,,N,N,0,N
203,113,84,2,"2020-11-05 06:25:05","2020-12-17 01:30:43",A,100,,"<div class="enrlCrd"><span class="prc">INR 100&nbsp;<span>(all-inclusive)</span></span>&nbsp;Date: 14th December
<div>Time: 6&nbsp;pm to 9&nbsp;pm</div>
</div>",1,N,Y,N,N,0,,NULL,,N,N,0,N
204,105,73,3,"2020-11-19 03:52:41","2020-11-28 15:11:39",A,150000,,"<p>- Access to all of Lawsikho.com&#39;s courses for 4 years (including new courses launched in this period)</p>

<p>- Immunity from future price increases for 4 years</p>

<p>- Complimentary access to members-only paid Facebook group for exclusive career opportunities and content</p>

<p>- Inclusion of templates and lessons on your request on a priority basis</p>

<p>- Priority pass for personal coaching, doubt-clearing, customer-support</p>

<p>- Free passes and invitations to all Lawsikho events and meet-ups across India</p>

<p>- Direct mentorship from Ramanuj and Abhyuday</p>

<p>- Personal feedback on as many assignments as you want</p>

<p>- Access to Lawsikho alumni network</p>

<p>- Priority processing for articles submitted to iPleaders blog and Superlawyer interview recommendations</p>",3,N,N,Y,N,0,,NULL,https://lawsikho.com/course/master-access,N,N,0,N
205,116,86,2,"2020-11-27 02:10:52","0000-00-00 00:00:00",A,1499,,"<p>- Online recorded session<br />
- Get digital access to entire study material<br />
- Access on LMS, Android or iOS app<br />
- Doubt clearing on WhatsApp, LMS &amp; in classes<br />
- Doubt clearing within 24 hours<br />
- Guidance for legal practice development<br />
- Interview preparation guidance<br />
- Access to updated content online for 3 months<br />
- Top students are recommended to litigators, law firms and companies for practical exposure<br />
- Online doubt resolution forum<br />
- Placement and Internship support</p>",NULL,N,Y,N,N,0,75277,NULL,,N,N,0,N
206,101,70,1,"2020-11-28 03:36:25","2020-11-28 15:11:02",A,0,,"<p>- Get Sample Material in your inbox</p>

<p>- Regular career guidance on email</p>

<p>- Sample Exercises</p>

<p>- Five very useful lessons</p>

<p>- No certification</p>",1,Y,N,N,N,0,,NULL,,N,N,0,N
207,105,73,1,"2020-11-28 03:46:17","2020-11-28 15:11:39",A,0,,"<p>- Get Sample Material in your inbox</p>

<p>- Regular career guidance on email</p>

<p>- Sample Exercises</p>

<p>- Five very useful lessons</p>

<p>- No certification</p>",1,Y,N,N,N,0,,NULL,,N,N,0,N
208,117,87,2,"2020-12-08 01:36:52","2020-12-08 13:12:36",A,999,,"<p>- Online recorded session<br />
- Get digital access to entire study material<br />
- Access on LMS, Android or iOS app<br />
- Doubt clearing on WhatsApp, LMS &amp; in classes<br />
- Doubt clearing within 24 hours<br />
- Guidance for legal practice development<br />
- Interview preparation guidance<br />
- Access to updated content online for 3 months<br />
- Top students are recommended to litigators, law firms and companies for practical exposure<br />
- Online doubt resolution forum<br />
- Placement and Internship support</p>",1,N,Y,N,N,0,84555,NULL,,N,N,0,N
209,63,NULL,7,"2020-12-16 09:09:59","0000-00-00 00:00:00",A,12000,,"<p>Book your seat for one year Master Access</p>",NULL,N,Y,N,N,0,,NULL,,N,N,0,N
210,63,NULL,4,"2020-12-16 09:11:24","2020-12-16 09:13:26",A,60000,,"<p>Lumpsum payment for instant access for one year&nbsp;(closes December 16th, 2020)</p>",NULL,N,Y,N,N,0,,NULL,,N,N,0,N
211,108,NULL,7,"2020-12-20 10:31:38","0000-00-00 00:00:00",A,12000,,"<p>Book your seat now</p>",NULL,N,Y,N,N,0,,NULL,,N,N,0,N
212,118,88,2,"2020-12-23 05:24:50","2021-01-25 05:16:37",A,7000,,"<div class="enrlCrd">
<div class="mb-4">Book your seat for <span class="prc">INR 7000</span>&nbsp;<span class="crsNuM">for Executive </span>Certificate Course in Advanced Supreme Court Practice: drafting, procedure and strategy&nbsp;plus get free access to any 1 course from&nbsp;litigation library of your choice offered by LawSikho.</div>

<p>Get a counseling&nbsp;call from one of the mentors to&nbsp;select&nbsp;the best course for you and transform your life</p>

<p>Get benefits of the scheme offered in today&#39;s workshop</p>
</div>",2,N,Y,N,N,0,,NULL,,N,N,0,N
213,119,89,7,"2020-12-23 05:58:27","2021-01-15 02:05:05",A,1,,"<div class="enrlCrd">
<div class="mb-4">Book your seat for <span class="prc">INR 7000</span> <span class="crsNuM">for english course</span></div>

<p>Get benefits of the scheme offered in today&#39;s&nbsp;workshop</p>
</div>",1,N,Y,N,N,0,,NULL,,N,N,0,N
214,119,89,4,"2020-12-23 05:59:38","2021-01-15 02:15:32",D,1,,"<div class="enrlCrd">
<div class="mb-4">Book your seat for <span class="prc">INR 7000</span> <span class="crsNuM">for english course</span></div>

<p>Get benefits of the scheme offered in today&#39;s&nbsp;workshop</p>
</div>",2,N,Y,N,N,0,,NULL,,N,N,0,N
215,118,88,7,"2020-12-23 06:03:25","2021-01-07 03:48:00",D,7000,,"<div class="enrlCrd">
<div class="mb-4">Book your seat for <span class="prc">INR 7000</span> <span class="crsNuM">for Diplomas</span></div>

<p>Get benefits of the scheme offered in today&#39;s&nbsp;workshop</p>
</div>",1,N,Y,N,N,0,,NULL,,N,N,0,N
216,120,90,2,"2020-12-26 12:16:16","2020-12-26 06:31:30",A,48000,44000,"<p>- Printed study material (by courier)<br />
- 1 online live class/ week&nbsp;<br />
- 2 practical or 1 drafting exercises per week&nbsp;<br />
- 1 writing assignment<br />
- Get digital access to entire study material<br />
- Access on LMS, Android &amp; iOS app<br />
- Instructor feedback on assignments<br />
- Doubt clearing on WhatsApp, LMS &amp; classes<br />
- Instructor led course with online live classes<br />
- Online exams (give exams as per your convenience on given time slots)<br />
- Certificate (by courier)<br />
- CV enhancement<br />
- Coaching for professional networking<br />
- Training for writing and publishing articles<br />
- Internship &amp; Job Support<br />
- Interview preparation guidance<br />
- Networking with other students &amp; alumni<br />
- Access to updated content online for 3 years<br />
- Doubt clearing within 24 hours<br />
- Top students are recommended to law firms and companies<br />
- Internship and job support available</p>",NULL,N,Y,N,Y,2,88186,NULL,,Y,N,0,N
217,120,90,3,"2020-12-28 04:50:51","0000-00-00 00:00:00",A,150000,,"<p>- Access to all of Lawsikho.com&#39;s courses for 4 years (including new courses launched in this period)</p>

<p>- Immunity from future price increases for 4 years</p>

<p>- Complimentary access to members-only paid Facebook group for exclusive career opportunities and content</p>

<p>- Inclusion of templates and lessons on your request on a priority basis</p>

<p>- Priority pass for personal coaching, doubt-clearing, customer-support</p>

<p>- Free passes and invitations to all Lawsikho events and meet-ups across India</p>

<p>- Direct mentorship from Ramanuj and Abhyuday</p>

<p>- Personal feedback on as many assignments as you want</p>

<p>- Access to Lawsikho alumni network</p>

<p>- Priority processing for articles submitted to iPleaders blog and Superlawyer interview recommendations</p>",NULL,N,N,Y,N,0,,NULL,https://lawsikho.com/course/master-access,N,N,0,N
218,171,202,2,"2023-05-30 01:40:12","2023-05-30 15:05:30",A,1,,<p>Description</p>,1,N,Y,N,N,0,,0,,N,N,0,N
219,182,212,2,"2023-08-07 01:08:48","2023-08-07 01:55:50",A,3000,,<p>dddd</p>,NULL,N,N,N,N,0,,0,,Y,N,0,N
220,184,214,2,"2023-09-25 05:59:45","2023-09-25 08:26:01",A,,,<p>Description</p>,NULL,N,N,N,N,0,,0,,N,N,0,N
221,23,27,2,"2024-01-29 03:34:24","2024-07-02 04:00:41",A,30001,,<p>sddsadsdsadsad</p>,NULL,N,Y,N,N,0,,0,,N,N,0,N
222,2,25,10,"2024-07-02 04:00:04","0000-00-00 00:00:00",D,4567,,<p>test</p>,NULL,N,N,N,N,0,,0,,N,N,0,N
223,221,268,2,"2025-05-12 05:10:24","2025-05-12 17:05:35",A,7500,7000,"<p>test today 12/05/2025</p>",1,N,N,N,N,0,,0,,N,N,0,N
